{"type":"FeatureCollection","features":[{"type":"Feature","geometry":{"type":"Point","coordinates":[-84.707,34.036]},"properties":{"source":"WU","station_id":"KGAACWOR109","name":"","earliest_date":"2022-05-28","latest_date":"2026-10-07","total_days":1502,"total_observations":423587,"years_active":4.11,"days_since_update":3,"extinct":false}},{"type":"Feature","geometry":{"type":"Point","coordinates":[-84.6881,34.02694]},"properties":{"source":"WU","station_id":"KGAACWOR73","name":"","earliest_date":"2024-10-16","latest_date":"2026-10-07","total_days":686,"total_observations":195264,"years_active":1.88,"days_since_update":3,"extinct":false}},{"type":"Feature","geometry":{"type":"Point","coordinates":[-84.711,34.013]},"properties":{"source":"WU","station_id":"KGAACWOR221","name":"","earliest_date":"2025-10-18","latest_date":"2026-10-08","total_days":331,"total_observations":95067,"years_active":0.91,"days_since_update":2,"extinct":false}},{"type":"Feature","geometry":{"type":"Point","coordinates":[-84.72408,34.01357]},"properties":{"source":"WU","station_id":"KGAACWOR213","name":"","earliest_date":"2024-03-27","latest_date":"2026-10-07","total_days":886,"total_observations":253231,"years_active":2.43,"days_since_update":3,"extinct":false}},{"type":"Feature","geometry":{"type":"Point","coordinates":[-84.698,34.01]},"properties":{"source":"WU","station_id":"KGAACWOR186","name":"","earliest_date":"2025-10-10","latest_date":"2026-06-10","total_days":232,"total_observations":66358,"years_active":0.64,"days_since_update":122,"extinct":true}},{"type":"Feature","geometry":{"type":"Point","coordinates":[-84.674,34.041]},"properties":{"source":"WU","station_id":"KGAKENNE220","name":"","earliest_date":"2025-04-10","latest_date":"2026-09-20","total_days":501,"total_observations":117994,"years_active":1.37,"days_since_update":20,"extinct":false}},{"type":"Feature","geometry":{"type":"Point","coordinates":[-84.737,34.021]},"properties":{"source":"WU","station_id":"KGAACWOR163","name":"","earliest_date":"2022-09-27","latest_date":"2026-07-06","total_days":1360,"total_observations":384838,"years_active":3.72,"days_since_update":96,"extinct":true}},{"type":"Feature","geometry":{"type":"Point","coordinates":[-84.592,34.078]},"properties":{"source":"WU","station_id":"KGAACWOR110","name":"","earliest_date":"2025-07-11","latest_date":"2026-10-08","total_days":374,"total_observations":105270,"years_active":1.02,"days_since_update":2,"extinct":false}},{"type":"Feature","geometry":{"type":"Point","coordinates":[-84.586,34.075]},"properties":{"source":"WU","station_id":"KGAACWOR82","name":"","earliest_date":"2025-12-17","latest_date":"2026-10-07","total_days":269,"total_observations":226650,"years_active":0.74,"days_since_update":3,"extinct":false}},{"type":"Feature","geometry":{"type":"Point","coordinates":[-84.596,34.083]},"properties":{"source":"WU","station_id":"KGAACWOR197","name":"","earliest_date":"2025-12-07","latest_date":"2026-07-09","total_days":91,"total_observations":2052,"years_active":0.25,"days_since_update":93,"extinct":false}},{"type":"Feature","geometry":{"type":"Point","coordinates":[-84.602,34.078]},"properties":{"source":"WU","station_id":"KGAACWOR142","name":"","earliest_date":"2021-10-08","latest_date":"2026-10-08","total_days":1788,"total_observations":512132,"years_active":4.9,"days_since_update":2,"extinct":false}},{"type":"Feature","geometry":{"type":"Point","coordinates":[-84.582,34.083]},"properties":{"source":"WU","station_id":"KGAACWOR206","name":"","earliest_date":"2023-12-30","latest_date":"2026-10-06","total_days":975,"total_observations":257659,"years_active":2.67,"days_since_update":4,"extinct":false}},{"type":"Feature","geometry":{"type":"Point","coordinates":[-84.6,34.07]},"properties":{"source":"WU","station_id":"KGAACWOR216","name":"","earliest_date":"2024-05-26","latest_date":"2026-10-07","total_days":835,"total_observations":240012,"years_active":2.29,"days_since_update":3,"extinct":false}},{"type":"Feature","geometry":{"type":"Point","coordinates":[-84.604,34.083]},"properties":{"source":"WU","station_id":"KGAACWOR164","name":"","earliest_date":"2025-10-19","latest_date":"2026-10-08","total_days":330,"total_observations":94823,"years_active":0.9,"days_since_update":2,"extinct":false}},{"type":"Feature","geometry":{"type":"Point","coordinates":[-84.598,34.067]},"properties":{"source":"WU","station_id":"KGAACWOR239","name":"","earliest_date":"2025-02-16","latest_date":"2026-10-08","total_days":552,"total_observations":128201,"years_active":1.51,"days_since_update":2,"extinct":false}},{"type":"Feature","geometry":{"type":"Point","coordinates":[-84.578,34.074]},"properties":{"source":"WU","station_id":"KGAACWOR258","name":"","earliest_date":"2025-11-23","latest_date":"2026-10-06","total_days":304,"total_observations":87192,"years_active":0.83,"days_since_update":4,"extinct":false}},{"type":"Feature","geometry":{"type":"Point","coordinates":[-84.604,34.067]},"properties":{"source":"WU","station_id":"KGAACWOR259","name":"","earliest_date":"2025-11-27","latest_date":"2026-10-07","total_days":287,"total_observations":82120,"years_active":0.79,"days_since_update":3,"extinct":false}},{"type":"Feature","geometry":{"type":"Point","coordinates":[-84.63416,34.0678]},"properties":{"source":"WU","station_id":"KGAACWOR126","name":"","earliest_date":"2025-01-05","latest_date":"2026-10-07","total_days":367,"total_observations":155427,"years_active":1.0,"days_since_update":3,"extinct":false}},{"type":"Feature","geometry":{"type":"Point","coordinates":[-84.647,34.063]},"properties":{"source":"WU","station_id":"KGAACWOR136","name":"","earliest_date":"2021-11-17","latest_date":"2026-10-06","total_days":1742,"total_observations":499224,"years_active":4.77,"days_since_update":4,"extinct":false}},{"type":"Feature","geometry":{"type":"Point","coordinates":[-84.621,34.052]},"properties":{"source":"WU","station_id":"KGAKENNE209","name":"","earliest_date":"2024-03-10","latest_date":"2026-10-07","total_days":894,"total_observations":255056,"years_active":2.45,"days_since_update":3,"extinct":false}},{"type":"Feature","geometry":{"type":"Point","coordinates":[-84.64157,34.04713]},"properties":{"source":"WU","station_id":"KGAKENNE32","name":"","earliest_date":"2025-10-19","latest_date":"2026-10-06","total_days":328,"total_observations":94259,"years_active":0.9,"days_since_update":4,"extinct":false}},{"type":"Feature","geometry":{"type":"Point","coordinates":[-84.632,34.046]},"properties":{"source":"WU","station_id":"KGAKENNE225","name":"","earliest_date":"2024-12-14","latest_date":"2026-10-08","total_days":625,"total_observations":179327,"years_active":1.71,"days_since_update":2,"extinct":false}},{"type":"Feature","geometry":{"type":"Point","coordinates":[-84.63789,34.04392]},"properties":{"source":"WU","station_id":"KGANOWLI5","name":"","earliest_date":"2025-07-30","latest_date":"2026-10-07","total_days":402,"total_observations":115153,"years_active":1.1,"days_since_update":3,"extinct":false}},{"type":"Feature","geometry":{"type":"Point","coordinates":[-84.658,34.054]},"properties":{"source":"WU","station_id":"KGAACWOR252","name":"","earliest_date":"2026-04-19","latest_date":"2026-10-08","total_days":165,"total_observations":47441,"years_active":0.45,"days_since_update":2,"extinct":false}},{"type":"Feature","geometry":{"type":"Point","coordinates":[-84.633,34.043]},"properties":{"source":"WU","station_id":"KGAKENNE191","name":"","earliest_date":"2023-06-18","latest_date":"2026-08-17","total_days":1132,"total_observations":314336,"years_active":3.1,"days_since_update":54,"extinct":true}},{"type":"Feature","geometry":{"type":"Point","coordinates":[-84.641,34.093]},"properties":{"source":"WU","station_id":"KGAACWOR214","name":"","earliest_date":"2024-03-11","latest_date":"2026-10-05","total_days":903,"total_observations":252006,"years_active":2.47,"days_since_update":5,"extinct":false}},{"type":"Feature","geometry":{"type":"Point","coordinates":[-84.571,34.077]},"properties":{"source":"WU","station_id":"KGAACWOR127","name":"","earliest_date":"2024-04-04","latest_date":"2026-10-08","total_days":876,"total_observations":251194,"years_active":2.4,"days_since_update":2,"extinct":false}},{"type":"Feature","geometry":{"type":"Point","coordinates":[-84.572,34.072]},"properties":{"source":"WU","station_id":"KGAACWOR153","name":"","earliest_date":"2022-10-10","latest_date":"2026-10-05","total_days":1412,"total_observations":404931,"years_active":3.87,"days_since_update":5,"extinct":false}},{"type":"Feature","geometry":{"type":"Point","coordinates":[-84.568,34.09]},"properties":{"source":"WU","station_id":"KGAWOODS282","name":"","earliest_date":"2024-11-26","latest_date":"2026-10-07","total_days":650,"total_observations":184157,"years_active":1.78,"days_since_update":3,"extinct":false}},{"type":"Feature","geometry":{"type":"Point","coordinates":[-84.55505,34.07578]},"properties":{"source":"WU","station_id":"KGAACWOR140","name":"","earliest_date":"2021-09-13","latest_date":"2026-10-07","total_days":1817,"total_observations":520929,"years_active":4.97,"days_since_update":3,"extinct":false}},{"type":"Feature","geometry":{"type":"Point","coordinates":[-84.566,34.062]},"properties":{"source":"WU","station_id":"KGAACWOR215","name":"","earliest_date":"2025-05-27","latest_date":"2026-10-08","total_days":466,"total_observations":133334,"years_active":1.28,"days_since_update":2,"extinct":false}},{"type":"Feature","geometry":{"type":"Point","coordinates":[-84.597,34.104]},"properties":{"source":"WU","station_id":"KGAACWOR133","name":"","earliest_date":"2024-11-10","latest_date":"2026-10-07","total_days":656,"total_observations":183398,"years_active":1.8,"days_since_update":3,"extinct":false}},{"type":"Feature","geometry":{"type":"Point","coordinates":[-84.596,34.098]},"properties":{"source":"WU","station_id":"KGAACWOR226","name":"","earliest_date":"2024-09-29","latest_date":"2026-10-08","total_days":704,"total_observations":202270,"years_active":1.93,"days_since_update":2,"extinct":false}},{"type":"Feature","geometry":{"type":"Point","coordinates":[-84.60348,34.11327]},"properties":{"source":"WU","station_id":"KGAACWOR59","name":"","earliest_date":"2025-09-24","latest_date":"2026-10-07","total_days":347,"total_observations":99155,"years_active":0.95,"days_since_update":3,"extinct":false}},{"type":"Feature","geometry":{"type":"Point","coordinates":[-84.59869,34.11873]},"properties":{"source":"WU","station_id":"KGAACWOR189","name":"","earliest_date":"2025-09-07","latest_date":"2026-10-07","total_days":350,"total_observations":36468,"years_active":0.96,"days_since_update":3,"extinct":false}},{"type":"Feature","geometry":{"type":"Point","coordinates":[-84.58209,34.12284]},"properties":{"source":"WU","station_id":"KGAWOODS48","name":"","earliest_date":"2024-07-29","latest_date":"2025-07-13","total_days":350,"total_observations":99991,"years_active":0.96,"days_since_update":454,"extinct":false}},{"type":"Feature","geometry":{"type":"Point","coordinates":[-84.58063,34.126]},"properties":{"source":"WU","station_id":"KGAWOODS76","name":"","earliest_date":"2021-05-20","latest_date":"2026-10-08","total_days":1917,"total_observations":540175,"years_active":5.25,"days_since_update":2,"extinct":false}},{"type":"Feature","geometry":{"type":"Point","coordinates":[-84.669,34.065]},"properties":{"source":"WU","station_id":"KGAACWOR225","name":"","earliest_date":"2025-10-19","latest_date":"2026-10-08","total_days":330,"total_observations":92913,"years_active":0.9,"days_since_update":2,"extinct":false}},{"type":"Feature","geometry":{"type":"Point","coordinates":[-84.631,34.041]},"properties":{"source":"WU","station_id":"KGAKENNE140","name":"","earliest_date":"2024-12-02","latest_date":"2026-10-07","total_days":632,"total_observations":180775,"years_active":1.73,"days_since_update":3,"extinct":false}},{"type":"Feature","geometry":{"type":"Point","coordinates":[-84.54535,34.07259]},"properties":{"source":"WU","station_id":"KGAKENNE84","name":"","earliest_date":"2021-05-20","latest_date":"2026-10-08","total_days":1918,"total_observations":532503,"years_active":5.25,"days_since_update":2,"extinct":false}},{"type":"Feature","geometry":{"type":"Point","coordinates":[-84.546,34.071]},"properties":{"source":"WU","station_id":"KGAKENNE213","name":"","earliest_date":"2024-04-21","latest_date":"2026-10-06","total_days":866,"total_observations":241148,"years_active":2.37,"days_since_update":4,"extinct":false}},{"type":"Feature","geometry":{"type":"Point","coordinates":[-84.549,34.068]},"properties":{"source":"WU","station_id":"KGAKENNE159","name":"","earliest_date":"2022-10-10","latest_date":"2026-10-07","total_days":1421,"total_observations":408023,"years_active":3.89,"days_since_update":3,"extinct":false}},{"type":"Feature","geometry":{"type":"Point","coordinates":[-84.552,34.065]},"properties":{"source":"WU","station_id":"KGAKENNE189","name":"","earliest_date":"2023-04-28","latest_date":"2025-12-07","total_days":927,"total_observations":242667,"years_active":2.54,"days_since_update":307,"extinct":false}},{"type":"Feature","geometry":{"type":"Point","coordinates":[-84.598,34.058]},"properties":{"source":"WU","station_id":"KGAKENNE224","name":"","earliest_date":"2024-11-29","latest_date":"2026-10-08","total_days":643,"total_observations":177721,"years_active":1.76,"days_since_update":2,"extinct":false}},{"type":"Feature","geometry":{"type":"Point","coordinates":[-84.713,34.004]},"properties":{"source":"WU","station_id":"KGAACWOR179","name":"","earliest_date":"2025-11-22","latest_date":"2026-10-08","total_days":275,"total_observations":74625,"years_active":0.75,"days_since_update":2,"extinct":false}},{"type":"Feature","geometry":{"type":"Point","coordinates":[-84.71793,33.99875]},"properties":{"source":"WU","station_id":"KGAACWOR22","name":"","earliest_date":"2025-06-05","latest_date":"2026-10-06","total_days":455,"total_observations":130458,"years_active":1.25,"days_since_update":4,"extinct":false}},{"type":"Feature","geometry":{"type":"Point","coordinates":[-84.7,34.001]},"properties":{"source":"WU","station_id":"KGAACWOR253","name":"","earliest_date":"2025-09-01","latest_date":"2026-01-14","total_days":123,"total_observations":35182,"years_active":0.34,"days_since_update":269,"extinct":true}},{"type":"Feature","geometry":{"type":"Point","coordinates":[-84.684,34.01]},"properties":{"source":"WU","station_id":"KGAACWOR188","name":"","earliest_date":"2023-08-20","latest_date":"2026-10-08","total_days":1115,"total_observations":319646,"years_active":3.05,"days_since_update":2,"extinct":false}},{"type":"Feature","geometry":{"type":"Point","coordinates":[-84.686,34.001]},"properties":{"source":"WU","station_id":"KGAKENNE181","name":"","earliest_date":"2022-12-06","latest_date":"2026-10-07","total_days":1358,"total_observations":376078,"years_active":3.72,"days_since_update":3,"extinct":false}},{"type":"Feature","geometry":{"type":"Point","coordinates":[-84.684,34.0]},"properties":{"source":"WU","station_id":"KGAKENNE211","name":"","earliest_date":"2024-07-01","latest_date":"2026-10-07","total_days":718,"total_observations":199224,"years_active":1.97,"days_since_update":3,"extinct":false}},{"type":"Feature","geometry":{"type":"Point","coordinates":[-84.727,33.97]},"properties":{"source":"WU","station_id":"KGAACWOR205","name":"","earliest_date":"2025-07-25","latest_date":"2026-10-06","total_days":411,"total_observations":114606,"years_active":1.13,"days_since_update":4,"extinct":false}},{"type":"Feature","geometry":{"type":"Point","coordinates":[-84.722,33.978]},"properties":{"source":"WU","station_id":"KGAACWOR135","name":"","earliest_date":"2021-05-20","latest_date":"2026-10-07","total_days":1925,"total_observations":551049,"years_active":5.27,"days_since_update":3,"extinct":false}},{"type":"Feature","geometry":{"type":"Point","coordinates":[-84.722,33.979]},"properties":{"source":"WU","station_id":"KGAACWOR172","name":"","earliest_date":"2025-10-19","latest_date":"2026-10-08","total_days":325,"total_observations":89804,"years_active":0.89,"days_since_update":2,"extinct":false}},{"type":"Feature","geometry":{"type":"Point","coordinates":[-84.72318,33.959]},"properties":{"source":"WU","station_id":"KGAPOWDE33","name":"","earliest_date":"2024-12-31","latest_date":"2026-10-08","total_days":580,"total_observations":149837,"years_active":1.59,"days_since_update":2,"extinct":false}},{"type":"Feature","geometry":{"type":"Point","coordinates":[-84.723,33.981]},"properties":{"source":"WU","station_id":"KGAACWOR169","name":"","earliest_date":"2025-08-20","latest_date":"2026-10-08","total_days":389,"total_observations":111778,"years_active":1.07,"days_since_update":2,"extinct":false}},{"type":"Feature","geometry":{"type":"Point","coordinates":[-84.72842,33.98766]},"properties":{"source":"WU","station_id":"KGAACWOR55","name":"","earliest_date":"2021-05-19","latest_date":"2026-10-08","total_days":1940,"total_observations":556497,"years_active":5.31,"days_since_update":2,"extinct":false}},{"type":"Feature","geometry":{"type":"Point","coordinates":[-84.73551,33.99115]},"properties":{"source":"WU","station_id":"KGAACWOR200","name":"","earliest_date":"2023-12-07","latest_date":"2026-10-08","total_days":996,"total_observations":257226,"years_active":2.73,"days_since_update":2,"extinct":false}},{"type":"Feature","geometry":{"type":"Point","coordinates":[-84.725,33.993]},"properties":{"source":"WU","station_id":"KGAACWOR238","name":"","earliest_date":"2025-02-03","latest_date":"2026-10-08","total_days":575,"total_observations":165142,"years_active":1.57,"days_since_update":2,"extinct":false}},{"type":"Feature","geometry":{"type":"Point","coordinates":[-84.64,34.107]},"properties":{"source":"WU","station_id":"KGAACWOR235","name":"","earliest_date":"2025-01-04","latest_date":"2026-10-08","total_days":610,"total_observations":175101,"years_active":1.67,"days_since_update":2,"extinct":false}},{"type":"Feature","geometry":{"type":"Point","coordinates":[-84.656,34.107]},"properties":{"source":"WU","station_id":"KGAACWOR232","name":"","earliest_date":"2024-12-25","latest_date":"2026-10-07","total_days":612,"total_observations":169827,"years_active":1.68,"days_since_update":3,"extinct":false}},{"type":"Feature","geometry":{"type":"Point","coordinates":[-84.569,34.055]},"properties":{"source":"WU","station_id":"KGAKENNE102","name":"","earliest_date":"2022-01-03","latest_date":"2026-10-08","total_days":1688,"total_observations":481027,"years_active":4.62,"days_since_update":2,"extinct":false}},{"type":"Feature","geometry":{"type":"Point","coordinates":[-84.587,34.057]},"properties":{"source":"WU","station_id":"KGAKENNE204","name":"","earliest_date":"2025-08-23","latest_date":"2026-10-07","total_days":381,"total_observations":107823,"years_active":1.04,"days_since_update":3,"extinct":false}},{"type":"Feature","geometry":{"type":"Point","coordinates":[-84.67824,34.06445]},"properties":{"source":"WU","station_id":"KGAACWOR65","name":"","earliest_date":"2025-10-12","latest_date":"2026-10-06","total_days":322,"total_observations":90760,"years_active":0.88,"days_since_update":4,"extinct":false}},{"type":"Feature","geometry":{"type":"Point","coordinates":[-84.68,34.063]},"properties":{"source":"WU","station_id":"KGAACWOR183","name":"","earliest_date":"2025-11-09","latest_date":"2026-09-21","total_days":114,"total_observations":30571,"years_active":0.31,"days_since_update":19,"extinct":false}},{"type":"Feature","geometry":{"type":"Point","coordinates":[-84.689,34.067]},"properties":{"source":"WU","station_id":"KGAACWOR227","name":"","earliest_date":"2025-07-12","latest_date":"2026-10-07","total_days":422,"total_observations":120848,"years_active":1.16,"days_since_update":3,"extinct":false}},{"type":"Feature","geometry":{"type":"Point","coordinates":[-84.665,34.038]},"properties":{"source":"WU","station_id":"KGAKENNE156","name":"","earliest_date":"2024-05-01","latest_date":"2026-10-07","total_days":733,"total_observations":210085,"years_active":2.01,"days_since_update":3,"extinct":false}},{"type":"Feature","geometry":{"type":"Point","coordinates":[-84.6723,34.01733]},"properties":{"source":"WU","station_id":"KGAKENNE121","name":"","earliest_date":"2020-07-09","latest_date":"2026-10-07","total_days":2222,"total_observations":171791,"years_active":6.08,"days_since_update":3,"extinct":false}},{"type":"Feature","geometry":{"type":"Point","coordinates":[-84.662,34.021]},"properties":{"source":"WU","station_id":"KGAKENNE226","name":"","earliest_date":"2024-12-29","latest_date":"2026-10-08","total_days":614,"total_observations":176121,"years_active":1.68,"days_since_update":2,"extinct":false}},{"type":"Feature","geometry":{"type":"Point","coordinates":[-84.66461,34.01548]},"properties":{"source":"WU","station_id":"KGAKENNE131","name":"","earliest_date":"2025-02-05","latest_date":"2026-10-07","total_days":551,"total_observations":156931,"years_active":1.51,"days_since_update":3,"extinct":false}},{"type":"Feature","geometry":{"type":"Point","coordinates":[-84.35885,34.09778]},"properties":{"source":"WU","station_id":"KGAALPHA110","name":"","earliest_date":"2017-08-06","latest_date":"2026-10-08","total_days":3244,"total_observations":891680,"years_active":8.88,"days_since_update":2,"extinct":false}},{"type":"Feature","geometry":{"type":"Point","coordinates":[-84.36697,34.09479]},"properties":{"source":"WU","station_id":"KGAROSWE101","name":"","earliest_date":"2024-09-30","latest_date":"2025-12-07","total_days":423,"total_observations":40435,"years_active":1.16,"days_since_update":307,"extinct":true}},{"type":"Feature","geometry":{"type":"Point","coordinates":[-84.353,34.091]},"properties":{"source":"WU","station_id":"KGAALPHA275","name":"","earliest_date":"2021-12-21","latest_date":"2026-10-07","total_days":1705,"total_observations":453739,"years_active":4.67,"days_since_update":3,"extinct":false}},{"type":"Feature","geometry":{"type":"Point","coordinates":[-84.34948,34.09187]},"properties":{"source":"WU","station_id":"KGAALPHA166","name":"","earliest_date":"2025-02-08","latest_date":"2025-08-20","total_days":78,"total_observations":17016,"years_active":0.21,"days_since_update":416,"extinct":false}},{"type":"Feature","geometry":{"type":"Point","coordinates":[-84.362,34.086]},"properties":{"source":"WU","station_id":"KGAROSWE207","name":"","earliest_date":"2024-04-17","latest_date":"2026-10-07","total_days":868,"total_observations":241359,"years_active":2.38,"days_since_update":3,"extinct":false}},{"type":"Feature","geometry":{"type":"Point","coordinates":[-84.36167,34.08247]},"properties":{"source":"WU","station_id":"KGAROSWE68","name":"","earliest_date":"2018-05-28","latest_date":"2026-10-07","total_days":2971,"total_observations":848232,"years_active":8.13,"days_since_update":3,"extinct":false}},{"type":"Feature","geometry":{"type":"Point","coordinates":[-84.345,34.086]},"properties":{"source":"WU","station_id":"KGAALPHA308","name":"","earliest_date":"2023-04-30","latest_date":"2026-10-07","total_days":1218,"total_observations":341968,"years_active":3.33,"days_since_update":3,"extinct":false}},{"type":"Feature","geometry":{"type":"Point","coordinates":[-84.351,34.082]},"properties":{"source":"WU","station_id":"KGAALPHA332","name":"","earliest_date":"2025-05-28","latest_date":"2026-10-08","total_days":433,"total_observations":124047,"years_active":1.19,"days_since_update":2,"extinct":false}},{"type":"Feature","geometry":{"type":"Point","coordinates":[-84.343,34.086]},"properties":{"source":"WU","station_id":"KGAALPHA309","name":"","earliest_date":"2023-07-16","latest_date":"2026-10-08","total_days":1137,"total_observations":318329,"years_active":3.11,"days_since_update":2,"extinct":false}},{"type":"Feature","geometry":{"type":"Point","coordinates":[-84.36363,34.07915]},"properties":{"source":"WU","station_id":"KGAROSWE211","name":"","earliest_date":"2024-07-27","latest_date":"2026-10-07","total_days":764,"total_observations":202259,"years_active":2.09,"days_since_update":3,"extinct":false}},{"type":"Feature","geometry":{"type":"Point","coordinates":[-84.29722,34.12231]},"properties":{"source":"WU","station_id":"KGAALPHA115","name":"","earliest_date":"2025-12-01","latest_date":"2026-10-07","total_days":191,"total_observations":52908,"years_active":0.52,"days_since_update":3,"extinct":false}},{"type":"Feature","geometry":{"type":"Point","coordinates":[-84.306,34.134]},"properties":{"source":"WU","station_id":"KGAMILTO34","name":"","earliest_date":"2024-02-04","latest_date":"2026-10-08","total_days":935,"total_observations":257025,"years_active":2.56,"days_since_update":2,"extinct":false}},{"type":"Feature","geometry":{"type":"Point","coordinates":[-84.314,34.127]},"properties":{"source":"WU","station_id":"KGAMILTO27","name":"","earliest_date":"2022-12-26","latest_date":"2026-10-08","total_days":1341,"total_observations":385215,"years_active":3.67,"days_since_update":2,"extinct":false}},{"type":"Feature","geometry":{"type":"Point","coordinates":[-84.283,34.141]},"properties":{"source":"WU","station_id":"KGAMILTO32","name":"","earliest_date":"2023-12-14","latest_date":"2026-10-07","total_days":978,"total_observations":271099,"years_active":2.68,"days_since_update":3,"extinct":false}},{"type":"Feature","geometry":{"type":"Point","coordinates":[-84.28688,34.10005]},"properties":{"source":"WU","station_id":"KGAALPHA239","name":"","earliest_date":"2021-01-01","latest_date":"2026-10-07","total_days":2044,"total_observations":575421,"years_active":5.6,"days_since_update":3,"extinct":false}},{"type":"Feature","geometry":{"type":"Point","coordinates":[-84.315,34.141]},"properties":{"source":"WU","station_id":"KGAALPHA219","name":"","earliest_date":"2020-05-17","latest_date":"2026-10-07","total_days":2247,"total_observations":635855,"years_active":6.15,"days_since_update":3,"extinct":false}},{"type":"Feature","geometry":{"type":"Point","coordinates":[-84.292,34.146]},"properties":{"source":"WU","station_id":"KGAMILTO18","name":"","earliest_date":"2023-07-12","latest_date":"2026-10-08","total_days":1158,"total_observations":323400,"years_active":3.17,"days_since_update":2,"extinct":false}},{"type":"Feature","geometry":{"type":"Point","coordinates":[-84.321,34.106]},"properties":{"source":"WU","station_id":"KGAMILTO40","name":"","earliest_date":"2024-12-26","latest_date":"2026-10-08","total_days":584,"total_observations":89556,"years_active":1.6,"days_since_update":2,"extinct":false}},{"type":"Feature","geometry":{"type":"Point","coordinates":[-84.33,34.125]},"properties":{"source":"WU","station_id":"KGAMILTO31","name":"","earliest_date":"2023-08-20","latest_date":"2026-10-08","total_days":1115,"total_observations":319527,"years_active":3.05,"days_since_update":2,"extinct":false}},{"type":"Feature","geometry":{"type":"Point","coordinates":[-84.32834,34.09633]},"properties":{"source":"WU","station_id":"KGAALPHA215","name":"","earliest_date":"2020-05-02","latest_date":"2026-10-07","total_days":2276,"total_observations":649204,"years_active":6.23,"days_since_update":3,"extinct":false}},{"type":"Feature","geometry":{"type":"Point","coordinates":[-84.21598,34.08563]},"properties":{"source":"WU","station_id":"KGAALPHA127","name":"","earliest_date":"2018-01-01","latest_date":"2026-10-08","total_days":3132,"total_observations":895838,"years_active":8.57,"days_since_update":2,"extinct":false}},{"type":"Feature","geometry":{"type":"Point","coordinates":[-84.207,34.087]},"properties":{"source":"WU","station_id":"KGAALPHA241","name":"","earliest_date":"2025-02-05","latest_date":"2026-10-08","total_days":511,"total_observations":140940,"years_active":1.4,"days_since_update":2,"extinct":false}},{"type":"Feature","geometry":{"type":"Point","coordinates":[-84.218,34.096]},"properties":{"source":"WU","station_id":"KGAALPHA258","name":"","earliest_date":"2021-05-06","latest_date":"2026-01-27","total_days":1682,"total_observations":480664,"years_active":4.61,"days_since_update":256,"extinct":true}},{"type":"Feature","geometry":{"type":"Point","coordinates":[-84.20979,34.07617]},"properties":{"source":"WU","station_id":"KGAALPHA163","name":"","earliest_date":"2025-11-02","latest_date":"2026-10-07","total_days":315,"total_observations":90221,"years_active":0.86,"days_since_update":3,"extinct":false}},{"type":"Feature","geometry":{"type":"Point","coordinates":[-84.222,34.076]},"properties":{"source":"WU","station_id":"KGAALPHA337","name":"","earliest_date":"2025-10-20","latest_date":"2026-10-07","total_days":332,"total_observations":95177,"years_active":0.91,"days_since_update":3,"extinct":false}},{"type":"Feature","geometry":{"type":"Point","coordinates":[-84.197,34.082]},"properties":{"source":"WU","station_id":"KGAJOHNS50","name":"","earliest_date":"2025-08-11","latest_date":"2026-04-09","total_days":199,"total_observations":54006,"years_active":0.54,"days_since_update":184,"extinct":true}},{"type":"Feature","geometry":{"type":"Point","coordinates":[-84.198,34.075]},"properties":{"source":"WU","station_id":"KGAJOHNS55","name":"","earliest_date":"2025-05-03","latest_date":"2026-07-24","total_days":358,"total_observations":88315,"years_active":0.98,"days_since_update":78,"extinct":false}},{"type":"Feature","geometry":{"type":"Point","coordinates":[-84.195,34.095]},"properties":{"source":"WU","station_id":"KGAALPHA235","name":"","earliest_date":"2020-12-26","latest_date":"2026-02-07","total_days":1829,"total_observations":522903,"years_active":5.01,"days_since_update":245,"extinct":false}},{"type":"Feature","geometry":{"type":"Point","coordinates":[-84.192,34.081]},"properties":{"source":"WU","station_id":"KGAALPHA229","name":"","earliest_date":"2020-09-14","latest_date":"2026-10-07","total_days":2156,"total_observations":614540,"years_active":5.9,"days_since_update":3,"extinct":false}},{"type":"Feature","geometry":{"type":"Point","coordinates":[-84.203,34.068]},"properties":{"source":"WU","station_id":"KGAALPHA243","name":"","earliest_date":"2024-06-26","latest_date":"2026-07-24","total_days":577,"total_observations":163327,"years_active":1.58,"days_since_update":78,"extinct":true}},{"type":"Feature","geometry":{"type":"Point","coordinates":[-84.226,34.06524]},"properties":{"source":"WU","station_id":"KGAALPHA129","name":"","earliest_date":"2018-01-04","latest_date":"2026-10-07","total_days":3039,"total_observations":848341,"years_active":8.32,"days_since_update":3,"extinct":false}},{"type":"Feature","geometry":{"type":"Point","coordinates":[-84.248,34.067]},"properties":{"source":"WU","station_id":"KGAALPHA329","name":"","earliest_date":"2024-12-27","latest_date":"2026-10-06","total_days":616,"total_observations":174975,"years_active":1.69,"days_since_update":4,"extinct":false}},{"type":"Feature","geometry":{"type":"Point","coordinates":[-84.2,34.066]},"properties":{"source":"WU","station_id":"KGAJOHNS39","name":"","earliest_date":"2024-01-13","latest_date":"2026-10-05","total_days":958,"total_observations":266796,"years_active":2.62,"days_since_update":5,"extinct":false}},{"type":"Feature","geometry":{"type":"Point","coordinates":[-84.243,34.047]},"properties":{"source":"WU","station_id":"KGAALPHA291","name":"","earliest_date":"2022-05-27","latest_date":"2026-10-08","total_days":1514,"total_observations":426886,"years_active":4.15,"days_since_update":2,"extinct":false}},{"type":"Feature","geometry":{"type":"Point","coordinates":[-84.198,34.064]},"properties":{"source":"WU","station_id":"KGAJOHNS37","name":"","earliest_date":"2023-05-27","latest_date":"2026-10-08","total_days":1181,"total_observations":339091,"years_active":3.23,"days_since_update":2,"extinct":false}},{"type":"Feature","geometry":{"type":"Point","coordinates":[-84.25063,34.05283]},"properties":{"source":"WU","station_id":"KGAALPHA171","name":"","earliest_date":"2019-02-17","latest_date":"2026-10-06","total_days":2658,"total_observations":756563,"years_active":7.28,"days_since_update":4,"extinct":false}},{"type":"Feature","geometry":{"type":"Point","coordinates":[-84.34509,34.16897]},"properties":{"source":"WU","station_id":"KGAALPHA144","name":"","earliest_date":"2016-03-22","latest_date":"2026-10-08","total_days":3783,"total_observations":315592,"years_active":10.36,"days_since_update":2,"extinct":false}},{"type":"Feature","geometry":{"type":"Point","coordinates":[-84.341,34.182]},"properties":{"source":"WU","station_id":"KGAALPHA297","name":"","earliest_date":"2022-11-25","latest_date":"2026-06-22","total_days":1284,"total_observations":362776,"years_active":3.52,"days_since_update":110,"extinct":true}},{"type":"Feature","geometry":{"type":"Point","coordinates":[-84.315,34.169]},"properties":{"source":"WU","station_id":"KGAALPHA227","name":"","earliest_date":"2022-06-07","latest_date":"2026-10-07","total_days":1466,"total_observations":409441,"years_active":4.01,"days_since_update":3,"extinct":false}},{"type":"Feature","geometry":{"type":"Point","coordinates":[-84.363,34.147]},"properties":{"source":"WU","station_id":"KGAWOODS163","name":"","earliest_date":"2024-10-22","latest_date":"2026-10-06","total_days":685,"total_observations":188798,"years_active":1.88,"days_since_update":4,"extinct":false}},{"type":"Feature","geometry":{"type":"Point","coordinates":[-84.35005,34.19834]},"properties":{"source":"WU","station_id":"KGACANTO106","name":"","earliest_date":"2019-03-09","latest_date":"2026-10-08","total_days":2656,"total_observations":756140,"years_active":7.27,"days_since_update":2,"extinct":false}},{"type":"Feature","geometry":{"type":"Point","coordinates":[-84.341,34.203]},"properties":{"source":"WU","station_id":"KGACANTO210","name":"","earliest_date":"2025-02-01","latest_date":"2026-10-08","total_days":582,"total_observations":166969,"years_active":1.59,"days_since_update":2,"extinct":false}},{"type":"Feature","geometry":{"type":"Point","coordinates":[-84.385,34.179]},"properties":{"source":"WU","station_id":"KGACANTO398","name":"","earliest_date":"2026-03-31","latest_date":"2026-10-07","total_days":174,"total_observations":49941,"years_active":0.48,"days_since_update":3,"extinct":false}},{"type":"Feature","geometry":{"type":"Point","coordinates":[-84.30161,34.16722]},"properties":{"source":"WU","station_id":"KGAALPHA162","name":"","earliest_date":"2025-08-14","latest_date":"2025-08-14","total_days":1,"total_observations":7,"years_active":0.0,"days_since_update":422,"extinct":false}},{"type":"Feature","geometry":{"type":"Point","coordinates":[-84.302,34.175]},"properties":{"source":"WU","station_id":"KGAALPHA269","name":"","earliest_date":"2021-10-18","latest_date":"2026-10-07","total_days":1715,"total_observations":485599,"years_active":4.7,"days_since_update":3,"extinct":false}},{"type":"Feature","geometry":{"type":"Point","coordinates":[-84.247,34.046]},"properties":{"source":"WU","station_id":"KGAALPHA331","name":"","earliest_date":"2025-02-15","latest_date":"2026-10-06","total_days":565,"total_observations":161977,"years_active":1.55,"days_since_update":4,"extinct":false}},{"type":"Feature","geometry":{"type":"Point","coordinates":[-84.258,34.041]},"properties":{"source":"WU","station_id":"KGAALPHA335","name":"","earliest_date":"2025-07-31","latest_date":"2026-10-08","total_days":395,"total_observations":105554,"years_active":1.08,"days_since_update":2,"extinct":false}},{"type":"Feature","geometry":{"type":"Point","coordinates":[-84.241,34.034]},"properties":{"source":"WU","station_id":"KGAALPHA236","name":"","earliest_date":"2020-12-26","latest_date":"2026-06-02","total_days":1944,"total_observations":555367,"years_active":5.32,"days_since_update":130,"extinct":true}},{"type":"Feature","geometry":{"type":"Point","coordinates":[-84.277,34.046]},"properties":{"source":"WU","station_id":"KGAALPHA328","name":"","earliest_date":"2024-11-22","latest_date":"2026-10-07","total_days":637,"total_observations":179387,"years_active":1.74,"days_since_update":3,"extinct":false}},{"type":"Feature","geometry":{"type":"Point","coordinates":[-84.261,34.028]},"properties":{"source":"WU","station_id":"KGAJOHNS49","name":"","earliest_date":"2024-12-01","latest_date":"2026-10-07","total_days":643,"total_observations":177319,"years_active":1.76,"days_since_update":3,"extinct":false}},{"type":"Feature","geometry":{"type":"Point","coordinates":[-84.224,34.035]},"properties":{"source":"WU","station_id":"KGAALPHA191","name":"","earliest_date":"2022-05-28","latest_date":"2026-10-07","total_days":1562,"total_observations":443647,"years_active":4.28,"days_since_update":3,"extinct":false}},{"type":"Feature","geometry":{"type":"Point","coordinates":[-84.22461,34.02949]},"properties":{"source":"WU","station_id":"KGAALPHA159","name":"","earliest_date":"2024-07-07","latest_date":"2026-08-31","total_days":757,"total_observations":212721,"years_active":2.07,"days_since_update":40,"extinct":false}},{"type":"Feature","geometry":{"type":"Point","coordinates":[-84.209,34.034]},"properties":{"source":"WU","station_id":"KGAJOHNS41","name":"","earliest_date":"2024-06-08","latest_date":"2025-12-02","total_days":523,"total_observations":149973,"years_active":1.43,"days_since_update":312,"extinct":true}},{"type":"Feature","geometry":{"type":"Point","coordinates":[-84.206,34.036]},"properties":{"source":"WU","station_id":"KGAJOHNS32","name":"","earliest_date":"2023-01-05","latest_date":"2026-10-06","total_days":1329,"total_observations":372682,"years_active":3.64,"days_since_update":4,"extinct":false}},{"type":"Feature","geometry":{"type":"Point","coordinates":[-84.239,34.026]},"properties":{"source":"WU","station_id":"KGAALPHA320","name":"","earliest_date":"2024-03-12","latest_date":"2026-10-08","total_days":904,"total_observations":251247,"years_active":2.48,"days_since_update":2,"extinct":false}},{"type":"Feature","geometry":{"type":"Point","coordinates":[-84.207,34.023]},"properties":{"source":"WU","station_id":"KGAALPHA244","name":"","earliest_date":"2024-12-28","latest_date":"2026-10-08","total_days":613,"total_observations":175769,"years_active":1.68,"days_since_update":2,"extinct":false}},{"type":"Feature","geometry":{"type":"Point","coordinates":[-84.203,34.025]},"properties":{"source":"WU","station_id":"KGAJOHNS44","name":"","earliest_date":"2025-03-11","latest_date":"2026-10-08","total_days":504,"total_observations":143193,"years_active":1.38,"days_since_update":2,"extinct":false}},{"type":"Feature","geometry":{"type":"Point","coordinates":[-84.236,34.119]},"properties":{"source":"WU","station_id":"KGAALPHA192","name":"","earliest_date":"2019-07-31","latest_date":"2026-10-06","total_days":2560,"total_observations":730350,"years_active":7.01,"days_since_update":4,"extinct":false}},{"type":"Feature","geometry":{"type":"Point","coordinates":[-84.244,34.119]},"properties":{"source":"WU","station_id":"KGAALPHA304","name":"","earliest_date":"2024-02-28","latest_date":"2026-10-07","total_days":913,"total_observations":254940,"years_active":2.5,"days_since_update":3,"extinct":false}},{"type":"Feature","geometry":{"type":"Point","coordinates":[-84.223,34.131]},"properties":{"source":"WU","station_id":"KGAALPHA300","name":"","earliest_date":"2022-08-20","latest_date":"2026-10-08","total_days":1462,"total_observations":418271,"years_active":4.0,"days_since_update":2,"extinct":false}},{"type":"Feature","geometry":{"type":"Point","coordinates":[-84.20445,34.12478]},"properties":{"source":"WU","station_id":"KGACUMMI307","name":"","earliest_date":"2025-03-12","latest_date":"2026-10-08","total_days":546,"total_observations":51508,"years_active":1.49,"days_since_update":2,"extinct":false}},{"type":"Feature","geometry":{"type":"Point","coordinates":[-84.222,34.146]},"properties":{"source":"WU","station_id":"KGAALPHA278","name":"","earliest_date":"2023-10-19","latest_date":"2026-10-07","total_days":1002,"total_observations":276506,"years_active":2.74,"days_since_update":3,"extinct":false}},{"type":"Feature","geometry":{"type":"Point","coordinates":[-84.192,34.122]},"properties":{"source":"WU","station_id":"KGAALPHA336","name":"","earliest_date":"2025-08-30","latest_date":"2026-10-06","total_days":253,"total_observations":71083,"years_active":0.69,"days_since_update":4,"extinct":false}},{"type":"Feature","geometry":{"type":"Point","coordinates":[-84.196,34.1]},"properties":{"source":"WU","station_id":"KGAALPHA280","name":"","earliest_date":"2022-01-04","latest_date":"2026-10-08","total_days":1694,"total_observations":453087,"years_active":4.64,"days_since_update":2,"extinct":false}},{"type":"Feature","geometry":{"type":"Point","coordinates":[-84.18971,34.11024]},"properties":{"source":"WU","station_id":"KGACUMMI39","name":"","earliest_date":"2024-05-27","latest_date":"2026-09-23","total_days":796,"total_observations":225425,"years_active":2.18,"days_since_update":17,"extinct":false}},{"type":"Feature","geometry":{"type":"Point","coordinates":[-84.253,34.012]},"properties":{"source":"WU","station_id":"KGAALPHA205","name":"","earliest_date":"2019-12-02","latest_date":"2026-10-07","total_days":2428,"total_observations":691617,"years_active":6.65,"days_since_update":3,"extinct":false}},{"type":"Feature","geometry":{"type":"Point","coordinates":[-84.26,34.009]},"properties":{"source":"WU","station_id":"KGAALPHA249","name":"","earliest_date":"2021-04-05","latest_date":"2026-10-06","total_days":1949,"total_observations":554053,"years_active":5.34,"days_since_update":4,"extinct":false}},{"type":"Feature","geometry":{"type":"Point","coordinates":[-84.262,34.012]},"properties":{"source":"WU","station_id":"KGAJOHNS51","name":"","earliest_date":"2025-01-05","latest_date":"2026-10-07","total_days":598,"total_observations":169696,"years_active":1.64,"days_since_update":3,"extinct":false}},{"type":"Feature","geometry":{"type":"Point","coordinates":[-84.244,34.016]},"properties":{"source":"WU","station_id":"KGAALPHA293","name":"","earliest_date":"2022-06-02","latest_date":"2026-10-08","total_days":1547,"total_observations":408175,"years_active":4.24,"days_since_update":2,"extinct":false}},{"type":"Feature","geometry":{"type":"Point","coordinates":[-84.267,34.014]},"properties":{"source":"WU","station_id":"KGAJOHNS54","name":"","earliest_date":"2025-09-09","latest_date":"2026-10-08","total_days":367,"total_observations":104961,"years_active":1.0,"days_since_update":2,"extinct":false}},{"type":"Feature","geometry":{"type":"Point","coordinates":[-84.267,34.016]},"properties":{"source":"WU","station_id":"KGAJOHNS22","name":"","earliest_date":"2022-08-03","latest_date":"2026-07-01","total_days":1410,"total_observations":404400,"years_active":3.86,"days_since_update":101,"extinct":true}},{"type":"Feature","geometry":{"type":"Point","coordinates":[-84.244,33.997]},"properties":{"source":"WU","station_id":"KGAPEACH74","name":"","earliest_date":"2025-10-19","latest_date":"2026-09-19","total_days":318,"total_observations":90946,"years_active":0.87,"days_since_update":21,"extinct":false}},{"type":"Feature","geometry":{"type":"Point","coordinates":[-84.274,34.01]},"properties":{"source":"WU","station_id":"KGAALPHA190","name":"","earliest_date":"2023-07-06","latest_date":"2026-10-08","total_days":1147,"total_observations":327998,"years_active":3.14,"days_since_update":2,"extinct":false}},{"type":"Feature","geometry":{"type":"Point","coordinates":[-84.292,34.184]},"properties":{"source":"WU","station_id":"KGAALPHA271","name":"","earliest_date":"2021-11-12","latest_date":"2026-10-07","total_days":1765,"total_observations":168554,"years_active":4.83,"days_since_update":3,"extinct":false}},{"type":"Feature","geometry":{"type":"Point","coordinates":[-84.272,34.178]},"properties":{"source":"WU","station_id":"KGAALPHA285","name":"","earliest_date":"2022-02-24","latest_date":"2026-10-08","total_days":1646,"total_observations":462962,"years_active":4.51,"days_since_update":2,"extinct":false}},{"type":"Feature","geometry":{"type":"Point","coordinates":[-84.187,34.081]},"properties":{"source":"WU","station_id":"KGAALPHA267","name":"","earliest_date":"2021-09-13","latest_date":"2026-10-07","total_days":1802,"total_observations":515935,"years_active":4.93,"days_since_update":3,"extinct":false}},{"type":"Feature","geometry":{"type":"Point","coordinates":[-84.188,34.088]},"properties":{"source":"WU","station_id":"KGACUMMI429","name":"","earliest_date":"2022-06-12","latest_date":"2026-10-08","total_days":1444,"total_observations":414186,"years_active":3.95,"days_since_update":2,"extinct":false}},{"type":"Feature","geometry":{"type":"Point","coordinates":[-84.176,34.08]},"properties":{"source":"WU","station_id":"KGAALPHA321","name":"","earliest_date":"2024-06-16","latest_date":"2026-10-08","total_days":793,"total_observations":225557,"years_active":2.17,"days_since_update":2,"extinct":false}},{"type":"Feature","geometry":{"type":"Point","coordinates":[-84.266,34.163]},"properties":{"source":"WU","station_id":"KGAALPHA233","name":"","earliest_date":"2020-11-15","latest_date":"2026-10-07","total_days":2099,"total_observations":197840,"years_active":5.75,"days_since_update":3,"extinct":false}},{"type":"Feature","geometry":{"type":"Point","coordinates":[-84.269,34.156]},"properties":{"source":"WU","station_id":"KGAMILTO33","name":"","earliest_date":"2023-12-29","latest_date":"2026-10-08","total_days":981,"total_observations":281145,"years_active":2.69,"days_since_update":2,"extinct":false}},{"type":"Feature","geometry":{"type":"Point","coordinates":[-84.251,34.18]},"properties":{"source":"WU","station_id":"KGACUMMI584","name":"","earliest_date":"2024-10-04","latest_date":"2026-10-07","total_days":693,"total_observations":197933,"years_active":1.9,"days_since_update":3,"extinct":false}},{"type":"Feature","geometry":{"type":"Point","coordinates":[-84.251,34.18]},"properties":{"source":"WU","station_id":"KGACUMMI383","name":"","earliest_date":"2021-06-05","latest_date":"2026-10-08","total_days":1920,"total_observations":551022,"years_active":5.26,"days_since_update":2,"extinct":false}},{"type":"Feature","geometry":{"type":"Point","coordinates":[-84.23925,34.17112]},"properties":{"source":"WU","station_id":"KGACUMMI244","name":"","earliest_date":"2025-11-12","latest_date":"2026-10-07","total_days":314,"total_observations":30045,"years_active":0.86,"days_since_update":3,"extinct":false}},{"type":"Feature","geometry":{"type":"Point","coordinates":[-84.232,34.168]},"properties":{"source":"WU","station_id":"KGAALPHA187","name":"","earliest_date":"2024-12-10","latest_date":"2026-06-30","total_days":542,"total_observations":154896,"years_active":1.48,"days_since_update":102,"extinct":true}},{"type":"Feature","geometry":{"type":"Point","coordinates":[-84.231,34.163]},"properties":{"source":"WU","station_id":"KGAALPHA334","name":"","earliest_date":"2025-06-12","latest_date":"2026-10-07","total_days":454,"total_observations":130174,"years_active":1.24,"days_since_update":3,"extinct":false}},{"type":"Feature","geometry":{"type":"Point","coordinates":[-84.181,34.083]},"properties":{"source":"WU","station_id":"KGACUMMI323","name":"","earliest_date":"2023-08-16","latest_date":"2026-06-20","total_days":736,"total_observations":21273,"years_active":2.02,"days_since_update":112,"extinct":true}},{"type":"Feature","geometry":{"type":"Point","coordinates":[-84.28285,34.08552]},"properties":{"source":"WU","station_id":"KGAALPHA211","name":"","earliest_date":"2020-03-07","latest_date":"2026-10-08","total_days":2348,"total_observations":672312,"years_active":6.43,"days_since_update":2,"extinct":false}},{"type":"Feature","geometry":{"type":"Point","coordinates":[-84.282,34.079]},"properties":{"source":"WU","station_id":"KGAALPHA324","name":"","earliest_date":"2024-07-29","latest_date":"2026-10-08","total_days":735,"total_observations":185372,"years_active":2.01,"days_since_update":2,"extinct":false}},{"type":"Feature","geometry":{"type":"Point","coordinates":[-84.316,34.084]},"properties":{"source":"WU","station_id":"KGAALPHA303","name":"","earliest_date":"2025-03-23","latest_date":"2026-10-07","total_days":531,"total_observations":152240,"years_active":1.45,"days_since_update":3,"extinct":false}},{"type":"Feature","geometry":{"type":"Point","coordinates":[-84.28387,34.06834]},"properties":{"source":"WU","station_id":"KGAALPHA79","name":"","earliest_date":"2020-07-22","latest_date":"2026-10-08","total_days":2209,"total_observations":358544,"years_active":6.05,"days_since_update":2,"extinct":false}},{"type":"Feature","geometry":{"type":"Point","coordinates":[-84.201,34.014]},"properties":{"source":"WU","station_id":"KGAALPHA255","name":"","earliest_date":"2021-04-10","latest_date":"2026-10-08","total_days":1953,"total_observations":557045,"years_active":5.35,"days_since_update":2,"extinct":false}},{"type":"Feature","geometry":{"type":"Point","coordinates":[-84.192,34.027]},"properties":{"source":"WU","station_id":"KGAJOHNS46","name":"","earliest_date":"2024-09-14","latest_date":"2026-10-08","total_days":712,"total_observations":204403,"years_active":1.95,"days_since_update":2,"extinct":false}},{"type":"Feature","geometry":{"type":"Point","coordinates":[-84.19429,34.03332]},"properties":{"source":"WU","station_id":"KGAJOHNS18","name":"","earliest_date":"2025-04-07","latest_date":"2026-10-07","total_days":474,"total_observations":112963,"years_active":1.3,"days_since_update":3,"extinct":false}},{"type":"Feature","geometry":{"type":"Point","coordinates":[-84.189,34.037]},"properties":{"source":"WU","station_id":"KGAJOHNS40","name":"","earliest_date":"2025-02-05","latest_date":"2026-10-07","total_days":560,"total_observations":159109,"years_active":1.53,"days_since_update":3,"extinct":false}},{"type":"Feature","geometry":{"type":"Point","coordinates":[-84.28544,34.19996]},"properties":{"source":"WU","station_id":"KGAALPHA224","name":"","earliest_date":"2024-02-22","latest_date":"2026-10-07","total_days":914,"total_observations":254839,"years_active":2.5,"days_since_update":3,"extinct":false}},{"type":"Feature","geometry":{"type":"Point","coordinates":[-84.277,34.2]},"properties":{"source":"WU","station_id":"KGAMILTO13","name":"","earliest_date":"2020-05-22","latest_date":"2026-10-08","total_days":2111,"total_observations":556972,"years_active":5.78,"days_since_update":2,"extinct":false}},{"type":"Feature","geometry":{"type":"Point","coordinates":[-84.265,34.195]},"properties":{"source":"WU","station_id":"KGAALPHA313","name":"","earliest_date":"2023-12-26","latest_date":"2026-04-28","total_days":819,"total_observations":234761,"years_active":2.24,"days_since_update":165,"extinct":true}},{"type":"Feature","geometry":{"type":"Point","coordinates":[-84.286,34.213]},"properties":{"source":"WU","station_id":"KGACANTO182","name":"","earliest_date":"2025-12-01","latest_date":"2025-12-30","total_days":29,"total_observations":8116,"years_active":0.08,"days_since_update":284,"extinct":true}},{"type":"Feature","geometry":{"type":"Point","coordinates":[-84.199,34.149]},"properties":{"source":"WU","station_id":"KGACUMMI568","name":"","earliest_date":"2024-05-30","latest_date":"2026-05-27","total_days":710,"total_observations":203424,"years_active":1.94,"days_since_update":136,"extinct":true}},{"type":"Feature","geometry":{"type":"Point","coordinates":[-84.211,34.174]},"properties":{"source":"WU","station_id":"KGACUMMI599","name":"","earliest_date":"2025-02-08","latest_date":"2026-10-08","total_days":577,"total_observations":162961,"years_active":1.58,"days_since_update":2,"extinct":false}},{"type":"Feature","geometry":{"type":"Point","coordinates":[-84.1839,34.14314]},"properties":{"source":"WU","station_id":"KGACUMMI420","name":"","earliest_date":"2022-01-18","latest_date":"2025-12-29","total_days":1420,"total_observations":406050,"years_active":3.89,"days_since_update":285,"extinct":true}},{"type":"Feature","geometry":{"type":"Point","coordinates":[-84.27955,34.2143]},"properties":{"source":"WU","station_id":"KGAALPHA28","name":"","earliest_date":"2022-12-13","latest_date":"2026-10-07","total_days":1349,"total_observations":385163,"years_active":3.69,"days_since_update":3,"extinct":false}},{"type":"Feature","geometry":{"type":"Point","coordinates":[-84.27313,34.21478]},"properties":{"source":"WU","station_id":"KGAALPHA145","name":"","earliest_date":"2024-02-19","latest_date":"2026-10-08","total_days":910,"total_observations":215336,"years_active":2.49,"days_since_update":2,"extinct":false}},{"type":"Feature","geometry":{"type":"Point","coordinates":[-84.27296,34.21484]},"properties":{"source":"WU","station_id":"KGAALPHA167","name":"","earliest_date":"2019-07-21","latest_date":"2026-10-07","total_days":2513,"total_observations":667747,"years_active":6.88,"days_since_update":3,"extinct":false}},{"type":"Feature","geometry":{"type":"Point","coordinates":[-84.301,34.224]},"properties":{"source":"WU","station_id":"KGACANTO284","name":"","earliest_date":"2025-11-06","latest_date":"2026-10-07","total_days":183,"total_observations":52257,"years_active":0.5,"days_since_update":3,"extinct":false}},{"type":"Feature","geometry":{"type":"Point","coordinates":[-84.25417,34.21695]},"properties":{"source":"WU","station_id":"KGACUMMI220","name":"","earliest_date":"2018-07-20","latest_date":"2026-10-08","total_days":2936,"total_observations":834917,"years_active":8.04,"days_since_update":2,"extinct":false}},{"type":"Feature","geometry":{"type":"Point","coordinates":[-84.252,34.213]},"properties":{"source":"WU","station_id":"KGAALPHA242","name":"","earliest_date":"2021-01-19","latest_date":"2026-10-06","total_days":2003,"total_observations":572398,"years_active":5.48,"days_since_update":4,"extinct":false}},{"type":"Feature","geometry":{"type":"Point","coordinates":[-84.25,34.191]},"properties":{"source":"WU","station_id":"KGACUMMI314","name":"","earliest_date":"2020-05-26","latest_date":"2026-10-08","total_days":2265,"total_observations":644608,"years_active":6.2,"days_since_update":2,"extinct":false}},{"type":"Feature","geometry":{"type":"Point","coordinates":[-84.341,34.211]},"properties":{"source":"WU","station_id":"KGACANTO428","name":"","earliest_date":"2025-01-08","latest_date":"2026-10-08","total_days":594,"total_observations":151889,"years_active":1.63,"days_since_update":2,"extinct":false}},{"type":"Feature","geometry":{"type":"Point","coordinates":[-84.341,34.211]},"properties":{"source":"WU","station_id":"KGACANTO269","name":"","earliest_date":"2021-12-28","latest_date":"2026-08-07","total_days":1638,"total_observations":411292,"years_active":4.48,"days_since_update":64,"extinct":true}},{"type":"Feature","geometry":{"type":"Point","coordinates":[-84.339,34.213]},"properties":{"source":"WU","station_id":"KGACANTO402","name":"","earliest_date":"2024-01-06","latest_date":"2026-10-08","total_days":961,"total_observations":268159,"years_active":2.63,"days_since_update":2,"extinct":false}},{"type":"Feature","geometry":{"type":"Point","coordinates":[-84.18199,34.12679]},"properties":{"source":"WU","station_id":"KGACUMMI238","name":"","earliest_date":"2020-11-28","latest_date":"2026-10-08","total_days":2052,"total_observations":578014,"years_active":5.62,"days_since_update":2,"extinct":false}},{"type":"Feature","geometry":{"type":"Point","coordinates":[-84.171,34.076]},"properties":{"source":"WU","station_id":"KGAALPHA301","name":"","earliest_date":"2024-01-21","latest_date":"2026-10-06","total_days":830,"total_observations":227038,"years_active":2.27,"days_since_update":4,"extinct":false}},{"type":"Feature","geometry":{"type":"Point","coordinates":[-84.169,34.096]},"properties":{"source":"WU","station_id":"KGASUWAN158","name":"","earliest_date":"2025-06-29","latest_date":"2026-10-08","total_days":431,"total_observations":123718,"years_active":1.18,"days_since_update":2,"extinct":false}},{"type":"Feature","geometry":{"type":"Point","coordinates":[-84.181,34.053]},"properties":{"source":"WU","station_id":"KGAJOHNS45","name":"","earliest_date":"2024-07-31","latest_date":"2026-10-08","total_days":767,"total_observations":219683,"years_active":2.1,"days_since_update":2,"extinct":false}},{"type":"Feature","geometry":{"type":"Point","coordinates":[-84.32436,34.07783]},"properties":{"source":"WU","station_id":"KGAALPHA305","name":"","earliest_date":"2023-02-11","latest_date":"2026-03-12","total_days":1099,"total_observations":314489,"years_active":3.01,"days_since_update":212,"extinct":true}},{"type":"Feature","geometry":{"type":"Point","coordinates":[-84.327,34.07]},"properties":{"source":"WU","station_id":"KGAROSWE202","name":"","earliest_date":"2025-03-12","latest_date":"2026-10-07","total_days":538,"total_observations":151414,"years_active":1.47,"days_since_update":3,"extinct":false}},{"type":"Feature","geometry":{"type":"Point","coordinates":[-84.337,34.084]},"properties":{"source":"WU","station_id":"KGAALPHA323","name":"","earliest_date":"2024-07-27","latest_date":"2026-10-06","total_days":763,"total_observations":196172,"years_active":2.09,"days_since_update":4,"extinct":false}},{"type":"Feature","geometry":{"type":"Point","coordinates":[-84.331,34.068]},"properties":{"source":"WU","station_id":"KGAROSWE97","name":"","earliest_date":"2025-11-20","latest_date":"2026-10-08","total_days":296,"total_observations":84169,"years_active":0.81,"days_since_update":2,"extinct":false}},{"type":"Feature","geometry":{"type":"Point","coordinates":[-84.34274,34.07037]},"properties":{"source":"WU","station_id":"KGAROSWE38","name":"","earliest_date":"2019-06-19","latest_date":"2026-10-08","total_days":2604,"total_observations":734542,"years_active":7.13,"days_since_update":2,"extinct":false}},{"type":"Feature","geometry":{"type":"Point","coordinates":[-84.354,34.076]},"properties":{"source":"WU","station_id":"KGAROSWE208","name":"","earliest_date":"2024-12-19","latest_date":"2026-10-08","total_days":552,"total_observations":136818,"years_active":1.51,"days_since_update":2,"extinct":false}},{"type":"Feature","geometry":{"type":"Point","coordinates":[-84.347,34.072]},"properties":{"source":"WU","station_id":"KGAROSWE100","name":"","earliest_date":"2020-10-25","latest_date":"2026-10-07","total_days":2106,"total_observations":591494,"years_active":5.77,"days_since_update":3,"extinct":false}},{"type":"Feature","geometry":{"type":"Point","coordinates":[-84.352,34.073]},"properties":{"source":"WU","station_id":"KGAROSWE185","name":"","earliest_date":"2023-07-18","latest_date":"2026-03-23","total_days":951,"total_observations":261930,"years_active":2.6,"days_since_update":201,"extinct":true}},{"type":"Feature","geometry":{"type":"Point","coordinates":[-84.25,34.196]},"properties":{"source":"WU","station_id":"KGACUMMI575","name":"","earliest_date":"2024-07-12","latest_date":"2026-10-08","total_days":792,"total_observations":224486,"years_active":2.17,"days_since_update":2,"extinct":false}},{"type":"Feature","geometry":{"type":"Point","coordinates":[-84.24645,34.19173]},"properties":{"source":"WU","station_id":"KGACUMMI79","name":"","earliest_date":"2022-05-18","latest_date":"2026-10-08","total_days":1458,"total_observations":418140,"years_active":3.99,"days_since_update":2,"extinct":false}},{"type":"Feature","geometry":{"type":"Point","coordinates":[-84.247,34.2]},"properties":{"source":"WU","station_id":"KGACUMMI485","name":"","earliest_date":"2023-01-06","latest_date":"2026-10-07","total_days":1304,"total_observations":371414,"years_active":3.57,"days_since_update":3,"extinct":false}},{"type":"Feature","geometry":{"type":"Point","coordinates":[-84.245,34.204]},"properties":{"source":"WU","station_id":"KGACUMMI474","name":"","earliest_date":"2022-12-15","latest_date":"2026-10-08","total_days":1358,"total_observations":389165,"years_active":3.72,"days_since_update":2,"extinct":false}},{"type":"Feature","geometry":{"type":"Point","coordinates":[-84.278,33.999]},"properties":{"source":"WU","station_id":"KGAALPHA327","name":"","earliest_date":"2024-10-14","latest_date":"2026-10-08","total_days":690,"total_observations":167973,"years_active":1.89,"days_since_update":2,"extinct":false}},{"type":"Feature","geometry":{"type":"Point","coordinates":[-84.273,33.992]},"properties":{"source":"WU","station_id":"KGAJOHNS64","name":"","earliest_date":"2025-08-17","latest_date":"2026-10-07","total_days":382,"total_observations":109533,"years_active":1.05,"days_since_update":3,"extinct":false}},{"type":"Feature","geometry":{"type":"Point","coordinates":[-84.289,33.997]},"properties":{"source":"WU","station_id":"KGAROSWE156","name":"","earliest_date":"2024-02-02","latest_date":"2026-01-03","total_days":677,"total_observations":187048,"years_active":1.85,"days_since_update":280,"extinct":false}},{"type":"Feature","geometry":{"type":"Point","coordinates":[-84.29,34.004]},"properties":{"source":"WU","station_id":"KGAROSWE224","name":"","earliest_date":"2025-05-04","latest_date":"2026-10-08","total_days":485,"total_observations":139227,"years_active":1.33,"days_since_update":2,"extinct":false}},{"type":"Feature","geometry":{"type":"Point","coordinates":[-84.266,33.991]},"properties":{"source":"WU","station_id":"KGAJOHNS21","name":"","earliest_date":"2024-07-14","latest_date":"2026-10-08","total_days":776,"total_observations":220870,"years_active":2.12,"days_since_update":2,"extinct":false}},{"type":"Feature","geometry":{"type":"Point","coordinates":[-84.279,33.986]},"properties":{"source":"WU","station_id":"KGAROSWE193","name":"","earliest_date":"2023-12-03","latest_date":"2026-10-08","total_days":989,"total_observations":283450,"years_active":2.71,"days_since_update":2,"extinct":false}},{"type":"Feature","geometry":{"type":"Point","coordinates":[-84.299,33.994]},"properties":{"source":"WU","station_id":"KGAROSWE162","name":"","earliest_date":"2022-04-10","latest_date":"2026-10-08","total_days":1605,"total_observations":459816,"years_active":4.39,"days_since_update":2,"extinct":false}},{"type":"Feature","geometry":{"type":"Point","coordinates":[-84.282,34.037]},"properties":{"source":"WU","station_id":"KGAALPHA315","name":"","earliest_date":"2024-01-13","latest_date":"2026-10-08","total_days":932,"total_observations":261948,"years_active":2.55,"days_since_update":2,"extinct":false}},{"type":"Feature","geometry":{"type":"Point","coordinates":[-84.303,34.024]},"properties":{"source":"WU","station_id":"KGAROSWE216","name":"","earliest_date":"2024-09-26","latest_date":"2026-10-07","total_days":714,"total_observations":198473,"years_active":1.95,"days_since_update":3,"extinct":false}},{"type":"Feature","geometry":{"type":"Point","coordinates":[-84.16682,34.12961]},"properties":{"source":"WU","station_id":"KGACUMMI124","name":"","earliest_date":"2021-12-26","latest_date":"2026-10-08","total_days":1707,"total_observations":489444,"years_active":4.67,"days_since_update":2,"extinct":false}},{"type":"Feature","geometry":{"type":"Point","coordinates":[-84.16351,34.12371]},"properties":{"source":"WU","station_id":"KGACUMMI228","name":"","earliest_date":"2025-08-05","latest_date":"2026-10-07","total_days":385,"total_observations":23863,"years_active":1.05,"days_since_update":3,"extinct":false}},{"type":"Feature","geometry":{"type":"Point","coordinates":[-84.336,33.822]},"properties":{"source":"WU","station_id":"KGAATLAN1009","name":"","earliest_date":"2024-10-04","latest_date":"2026-10-07","total_days":698,"total_observations":190837,"years_active":1.91,"days_since_update":3,"extinct":false}},{"type":"Feature","geometry":{"type":"Point","coordinates":[-84.334,33.82]},"properties":{"source":"WU","station_id":"KGAATLAN1010","name":"","earliest_date":"2024-10-10","latest_date":"2026-10-08","total_days":682,"total_observations":188313,"years_active":1.87,"days_since_update":2,"extinct":false}},{"type":"Feature","geometry":{"type":"Point","coordinates":[-84.334,33.817]},"properties":{"source":"WU","station_id":"KGAATLAN869","name":"","earliest_date":"2022-10-30","latest_date":"2026-10-07","total_days":1407,"total_observations":402385,"years_active":3.85,"days_since_update":3,"extinct":false}},{"type":"Feature","geometry":{"type":"Point","coordinates":[-84.326,33.82]},"properties":{"source":"WU","station_id":"KGAATLAN944","name":"","earliest_date":"2023-12-04","latest_date":"2026-10-06","total_days":991,"total_observations":282896,"years_active":2.71,"days_since_update":4,"extinct":false}},{"type":"Feature","geometry":{"type":"Point","coordinates":[-84.348,33.821]},"properties":{"source":"WU","station_id":"KGAATLAN666","name":"","earliest_date":"2020-09-14","latest_date":"2026-10-06","total_days":2145,"total_observations":612062,"years_active":5.87,"days_since_update":4,"extinct":false}},{"type":"Feature","geometry":{"type":"Point","coordinates":[-84.329,33.813]},"properties":{"source":"WU","station_id":"KGAATLAN1042","name":"","earliest_date":"2025-05-14","latest_date":"2026-10-07","total_days":471,"total_observations":134324,"years_active":1.29,"days_since_update":3,"extinct":false}},{"type":"Feature","geometry":{"type":"Point","coordinates":[-84.319,33.824]},"properties":{"source":"WU","station_id":"KGAATLAN837","name":"","earliest_date":"2022-05-23","latest_date":"2026-10-08","total_days":1561,"total_observations":438910,"years_active":4.27,"days_since_update":2,"extinct":false}},{"type":"Feature","geometry":{"type":"Point","coordinates":[-84.34861,33.81004]},"properties":{"source":"WU","station_id":"KGAATLAN16","name":"","earliest_date":"2023-07-22","latest_date":"2026-10-06","total_days":1112,"total_observations":314317,"years_active":3.04,"days_since_update":4,"extinct":false}},{"type":"Feature","geometry":{"type":"Point","coordinates":[-84.452,33.843]},"properties":{"source":"WU","station_id":"KGAATLAN1011","name":"","earliest_date":"2024-10-24","latest_date":"2026-10-07","total_days":649,"total_observations":150898,"years_active":1.78,"days_since_update":3,"extinct":false}},{"type":"Feature","geometry":{"type":"Point","coordinates":[-84.44742,33.8585]},"properties":{"source":"WU","station_id":"KGAATLAN655","name":"","earliest_date":"2020-07-09","latest_date":"2026-10-06","total_days":2189,"total_observations":587946,"years_active":5.99,"days_since_update":4,"extinct":false}},{"type":"Feature","geometry":{"type":"Point","coordinates":[-84.463,33.861]},"properties":{"source":"WU","station_id":"KGAATLAN727","name":"","earliest_date":"2021-04-25","latest_date":"2026-10-08","total_days":1915,"total_observations":534456,"years_active":5.24,"days_since_update":2,"extinct":false}},{"type":"Feature","geometry":{"type":"Point","coordinates":[-84.479,33.835]},"properties":{"source":"WU","station_id":"KGAATLAN843","name":"","earliest_date":"2022-06-13","latest_date":"2025-12-04","total_days":1244,"total_observations":354241,"years_active":3.41,"days_since_update":310,"extinct":true}},{"type":"Feature","geometry":{"type":"Point","coordinates":[-84.467,33.869]},"properties":{"source":"WU","station_id":"KGAATLAN586","name":"","earliest_date":"2019-12-20","latest_date":"2026-10-08","total_days":2309,"total_observations":659403,"years_active":6.32,"days_since_update":2,"extinct":false}},{"type":"Feature","geometry":{"type":"Point","coordinates":[-84.431,33.82]},"properties":{"source":"WU","station_id":"KGAATLAN606","name":"","earliest_date":"2020-01-20","latest_date":"2025-12-03","total_days":2081,"total_observations":592396,"years_active":5.7,"days_since_update":311,"extinct":true}},{"type":"Feature","geometry":{"type":"Point","coordinates":[-84.488,33.854]},"properties":{"source":"WU","station_id":"KGASMYRN91","name":"","earliest_date":"2024-10-27","latest_date":"2026-07-28","total_days":622,"total_observations":177066,"years_active":1.7,"days_since_update":74,"extinct":true}},{"type":"Feature","geometry":{"type":"Point","coordinates":[-84.486,33.859]},"properties":{"source":"WU","station_id":"KGASMYRN96","name":"","earliest_date":"2025-06-02","latest_date":"2026-10-07","total_days":428,"total_observations":121402,"years_active":1.17,"days_since_update":3,"extinct":false}},{"type":"Feature","geometry":{"type":"Point","coordinates":[-84.413,33.834]},"properties":{"source":"WU","station_id":"KGAATLAN923","name":"","earliest_date":"2023-07-09","latest_date":"2026-10-07","total_days":1145,"total_observations":317786,"years_active":3.13,"days_since_update":3,"extinct":false}},{"type":"Feature","geometry":{"type":"Point","coordinates":[-84.492,33.852]},"properties":{"source":"WU","station_id":"KGASMYRN63","name":"","earliest_date":"2020-12-29","latest_date":"2026-10-06","total_days":2050,"total_observations":195195,"years_active":5.61,"days_since_update":4,"extinct":false}},{"type":"Feature","geometry":{"type":"Point","coordinates":[-84.367,33.801]},"properties":{"source":"WU","station_id":"KGAATLAN1012","name":"","earliest_date":"2024-10-27","latest_date":"2026-10-05","total_days":600,"total_observations":168137,"years_active":1.64,"days_since_update":5,"extinct":false}},{"type":"Feature","geometry":{"type":"Point","coordinates":[-84.377,33.798]},"properties":{"source":"WU","station_id":"KGAATLAN702","name":"","earliest_date":"2021-01-05","latest_date":"2026-10-07","total_days":2037,"total_observations":582680,"years_active":5.58,"days_since_update":3,"extinct":false}},{"type":"Feature","geometry":{"type":"Point","coordinates":[-84.367,33.81]},"properties":{"source":"WU","station_id":"KGAATLAN980","name":"","earliest_date":"2024-05-14","latest_date":"2026-10-05","total_days":838,"total_observations":226271,"years_active":2.29,"days_since_update":5,"extinct":false}},{"type":"Feature","geometry":{"type":"Point","coordinates":[-84.35534,33.79801]},"properties":{"source":"WU","station_id":"KGALENOX5","name":"","earliest_date":"2017-10-30","latest_date":"2026-10-07","total_days":3185,"total_observations":907495,"years_active":8.72,"days_since_update":3,"extinct":false}},{"type":"Feature","geometry":{"type":"Point","coordinates":[-84.352,33.799]},"properties":{"source":"WU","station_id":"KGAATLAN1029","name":"","earliest_date":"2025-02-03","latest_date":"2026-10-08","total_days":583,"total_observations":165729,"years_active":1.6,"days_since_update":2,"extinct":false}},{"type":"Feature","geometry":{"type":"Point","coordinates":[-84.355,33.793]},"properties":{"source":"WU","station_id":"KGAATLAN1043","name":"","earliest_date":"2025-05-24","latest_date":"2026-10-06","total_days":469,"total_observations":115218,"years_active":1.28,"days_since_update":4,"extinct":false}},{"type":"Feature","geometry":{"type":"Point","coordinates":[-84.38354,33.79869]},"properties":{"source":"WU","station_id":"KGAATLAN898","name":"","earliest_date":"2023-01-16","latest_date":"2026-10-07","total_days":1321,"total_observations":379072,"years_active":3.62,"days_since_update":3,"extinct":false}},{"type":"Feature","geometry":{"type":"Point","coordinates":[-84.357,33.78]},"properties":{"source":"WU","station_id":"KGAATLAN887","name":"","earliest_date":"2022-12-22","latest_date":"2026-10-07","total_days":1342,"total_observations":384362,"years_active":3.67,"days_since_update":3,"extinct":false}},{"type":"Feature","geometry":{"type":"Point","coordinates":[-84.36999,33.77048]},"properties":{"source":"WU","station_id":"KGAATLAN1017","name":"","earliest_date":"2024-11-19","latest_date":"2026-10-07","total_days":622,"total_observations":159766,"years_active":1.7,"days_since_update":3,"extinct":false}},{"type":"Feature","geometry":{"type":"Point","coordinates":[-84.37124,33.7786]},"properties":{"source":"WU","station_id":"KGAATLAN930","name":"","earliest_date":"2024-09-25","latest_date":"2026-10-07","total_days":714,"total_observations":203431,"years_active":1.95,"days_since_update":3,"extinct":false}},{"type":"Feature","geometry":{"type":"Point","coordinates":[-84.381,33.779]},"properties":{"source":"WU","station_id":"KGAATLAN815","name":"","earliest_date":"2024-05-20","latest_date":"2026-06-17","total_days":743,"total_observations":212629,"years_active":2.03,"days_since_update":115,"extinct":true}},{"type":"Feature","geometry":{"type":"Point","coordinates":[-84.383,33.761]},"properties":{"source":"WU","station_id":"KGAATLAN559","name":"","earliest_date":"2023-02-21","latest_date":"2025-07-26","total_days":873,"total_observations":221073,"years_active":2.39,"days_since_update":441,"extinct":false}},{"type":"Feature","geometry":{"type":"Point","coordinates":[-84.38048,33.78129]},"properties":{"source":"WU","station_id":"KGAATLAN183","name":"","earliest_date":"2015-04-21","latest_date":"2026-01-11","total_days":3841,"total_observations":916708,"years_active":10.52,"days_since_update":272,"extinct":true}},{"type":"Feature","geometry":{"type":"Point","coordinates":[-84.38554,33.7839]},"properties":{"source":"WU","station_id":"KGAATLAN403","name":"","earliest_date":"2018-02-24","latest_date":"2026-10-07","total_days":3078,"total_observations":827026,"years_active":8.43,"days_since_update":3,"extinct":false}},{"type":"Feature","geometry":{"type":"Point","coordinates":[-84.39281,33.77232]},"properties":{"source":"WU","station_id":"KGAATLAN214","name":"","earliest_date":"2021-06-09","latest_date":"2026-10-08","total_days":1886,"total_observations":447997,"years_active":5.16,"days_since_update":2,"extinct":false}},{"type":"Feature","geometry":{"type":"Point","coordinates":[-84.35,33.76]},"properties":{"source":"WU","station_id":"KGAATLAN1020","name":"","earliest_date":"2024-12-18","latest_date":"2026-10-08","total_days":621,"total_observations":170109,"years_active":1.7,"days_since_update":2,"extinct":false}},{"type":"Feature","geometry":{"type":"Point","coordinates":[-84.361,33.752]},"properties":{"source":"WU","station_id":"KGAATLAN998","name":"","earliest_date":"2024-07-27","latest_date":"2026-03-17","total_days":570,"total_observations":155245,"years_active":1.56,"days_since_update":207,"extinct":true}},{"type":"Feature","geometry":{"type":"Point","coordinates":[-84.40149,33.77658]},"properties":{"source":"WU","station_id":"KGAATLAN1025","name":"","earliest_date":"2025-09-09","latest_date":"2026-10-07","total_days":318,"total_observations":87492,"years_active":0.87,"days_since_update":3,"extinct":false}},{"type":"Feature","geometry":{"type":"Point","coordinates":[-84.40367,33.77494]},"properties":{"source":"WU","station_id":"KGAATLAN216","name":"","earliest_date":"2023-09-14","latest_date":"2026-10-07","total_days":1088,"total_observations":253153,"years_active":2.98,"days_since_update":3,"extinct":false}},{"type":"Feature","geometry":{"type":"Point","coordinates":[-84.393,33.789]},"properties":{"source":"WU","station_id":"KGAATLAN744","name":"","earliest_date":"2021-08-06","latest_date":"2026-10-08","total_days":1846,"total_observations":528733,"years_active":5.05,"days_since_update":2,"extinct":false}},{"type":"Feature","geometry":{"type":"Point","coordinates":[-84.426,33.782]},"properties":{"source":"WU","station_id":"KGAATLAN848","name":"","earliest_date":"2022-10-10","latest_date":"2026-09-02","total_days":1390,"total_observations":398129,"years_active":3.81,"days_since_update":38,"extinct":true}},{"type":"Feature","geometry":{"type":"Point","coordinates":[-84.322,33.754]},"properties":{"source":"WU","station_id":"KGAATLAN1026","name":"","earliest_date":"2025-01-25","latest_date":"2026-10-08","total_days":585,"total_observations":166240,"years_active":1.6,"days_since_update":2,"extinct":false}},{"type":"Feature","geometry":{"type":"Point","coordinates":[-84.32228,33.7511]},"properties":{"source":"WU","station_id":"KGAATLAN292","name":"","earliest_date":"2026-03-31","latest_date":"2026-10-08","total_days":178,"total_observations":51008,"years_active":0.49,"days_since_update":2,"extinct":false}},{"type":"Feature","geometry":{"type":"Point","coordinates":[-84.316,33.753]},"properties":{"source":"WU","station_id":"KGAATLAN987","name":"","earliest_date":"2024-06-13","latest_date":"2026-10-07","total_days":808,"total_observations":224838,"years_active":2.21,"days_since_update":3,"extinct":false}},{"type":"Feature","geometry":{"type":"Point","coordinates":[-84.319,33.76]},"properties":{"source":"WU","station_id":"KGAATLAN698","name":"","earliest_date":"2021-01-01","latest_date":"2026-10-07","total_days":1913,"total_observations":534494,"years_active":5.24,"days_since_update":3,"extinct":false}},{"type":"Feature","geometry":{"type":"Point","coordinates":[-84.315,33.746]},"properties":{"source":"WU","station_id":"KGAATLAN555","name":"","earliest_date":"2024-08-15","latest_date":"2025-08-01","total_days":346,"total_observations":94520,"years_active":0.95,"days_since_update":435,"extinct":true}},{"type":"Feature","geometry":{"type":"Point","coordinates":[-84.334,33.755]},"properties":{"source":"WU","station_id":"KGAATLAN888","name":"","earliest_date":"2022-12-26","latest_date":"2026-10-08","total_days":1332,"total_observations":368623,"years_active":3.65,"days_since_update":2,"extinct":false}},{"type":"Feature","geometry":{"type":"Point","coordinates":[-84.334,33.752]},"properties":{"source":"WU","station_id":"KGAATLAN813","name":"","earliest_date":"2024-09-27","latest_date":"2026-10-08","total_days":692,"total_observations":197419,"years_active":1.89,"days_since_update":2,"extinct":false}},{"type":"Feature","geometry":{"type":"Point","coordinates":[-84.32033,33.76493]},"properties":{"source":"WU","station_id":"KGAATLAN474","name":"","earliest_date":"2019-01-13","latest_date":"2026-10-08","total_days":2729,"total_observations":772025,"years_active":7.47,"days_since_update":2,"extinct":false}},{"type":"Feature","geometry":{"type":"Point","coordinates":[-84.307,33.758]},"properties":{"source":"WU","station_id":"KGADECAT144","name":"","earliest_date":"2024-08-25","latest_date":"2026-10-06","total_days":740,"total_observations":204058,"years_active":2.03,"days_since_update":4,"extinct":false}},{"type":"Feature","geometry":{"type":"Point","coordinates":[-84.333,33.764]},"properties":{"source":"WU","station_id":"KGAATLAN670","name":"","earliest_date":"2020-09-26","latest_date":"2026-10-08","total_days":2142,"total_observations":603526,"years_active":5.86,"days_since_update":2,"extinct":false}},{"type":"Feature","geometry":{"type":"Point","coordinates":[-84.333,33.738]},"properties":{"source":"WU","station_id":"KGAATLAN1027","name":"","earliest_date":"2025-01-27","latest_date":"2026-10-08","total_days":577,"total_observations":145529,"years_active":1.58,"days_since_update":2,"extinct":false}},{"type":"Feature","geometry":{"type":"Point","coordinates":[-84.33667,33.73476]},"properties":{"source":"WU","station_id":"KGAATLAN794","name":"","earliest_date":"2022-01-03","latest_date":"2026-10-08","total_days":1691,"total_observations":483749,"years_active":4.63,"days_since_update":2,"extinct":false}},{"type":"Feature","geometry":{"type":"Point","coordinates":[-84.335,33.733]},"properties":{"source":"WU","station_id":"KGAATLAN919","name":"","earliest_date":"2023-06-10","latest_date":"2026-10-06","total_days":1166,"total_observations":326354,"years_active":3.19,"days_since_update":4,"extinct":false}},{"type":"Feature","geometry":{"type":"Point","coordinates":[-84.344,33.735]},"properties":{"source":"WU","station_id":"KGAATLAN664","name":"","earliest_date":"2020-08-31","latest_date":"2026-10-08","total_days":2163,"total_observations":612775,"years_active":5.92,"days_since_update":2,"extinct":false}},{"type":"Feature","geometry":{"type":"Point","coordinates":[-84.3446,33.74287]},"properties":{"source":"WU","station_id":"KGAATLAN340","name":"","earliest_date":"2022-11-15","latest_date":"2026-10-06","total_days":1266,"total_observations":356088,"years_active":3.47,"days_since_update":4,"extinct":false}},{"type":"Feature","geometry":{"type":"Point","coordinates":[-84.341,33.748]},"properties":{"source":"WU","station_id":"KGAATLAN1034","name":"","earliest_date":"2025-11-09","latest_date":"2026-10-07","total_days":313,"total_observations":89689,"years_active":0.86,"days_since_update":3,"extinct":false}},{"type":"Feature","geometry":{"type":"Point","coordinates":[-84.3475,33.74202]},"properties":{"source":"WU","station_id":"KGAATLAN523","name":"","earliest_date":"2020-08-07","latest_date":"2026-01-29","total_days":1955,"total_observations":551425,"years_active":5.35,"days_since_update":254,"extinct":true}},{"type":"Feature","geometry":{"type":"Point","coordinates":[-84.347,33.728]},"properties":{"source":"WU","station_id":"KGAATLAN1004","name":"","earliest_date":"2025-03-10","latest_date":"2026-10-08","total_days":552,"total_observations":150719,"years_active":1.51,"days_since_update":2,"extinct":false}},{"type":"Feature","geometry":{"type":"Point","coordinates":[-84.335,33.795]},"properties":{"source":"WU","station_id":"KGAATLAN645","name":"","earliest_date":"2020-06-20","latest_date":"2026-10-08","total_days":2069,"total_observations":550473,"years_active":5.66,"days_since_update":2,"extinct":false}},{"type":"Feature","geometry":{"type":"Point","coordinates":[-84.34061,33.75651]},"properties":{"source":"WU","station_id":"KGAATLAN759","name":"","earliest_date":"2021-09-24","latest_date":"2026-10-08","total_days":1806,"total_observations":516605,"years_active":4.94,"days_since_update":2,"extinct":false}},{"type":"Feature","geometry":{"type":"Point","coordinates":[-84.339,33.758]},"properties":{"source":"WU","station_id":"KGAATLAN1019","name":"","earliest_date":"2024-12-10","latest_date":"2026-10-06","total_days":634,"total_observations":178532,"years_active":1.74,"days_since_update":4,"extinct":false}},{"type":"Feature","geometry":{"type":"Point","coordinates":[-84.357,33.749]},"properties":{"source":"WU","station_id":"KGAATLAN803","name":"","earliest_date":"2025-04-07","latest_date":"2026-07-27","total_days":392,"total_observations":111347,"years_active":1.07,"days_since_update":75,"extinct":true}},{"type":"Feature","geometry":{"type":"Point","coordinates":[-84.32418,33.80004]},"properties":{"source":"WU","station_id":"KGATURNE2","name":"","earliest_date":"2021-11-03","latest_date":"2026-10-07","total_days":1753,"total_observations":407030,"years_active":4.8,"days_since_update":3,"extinct":false}},{"type":"Feature","geometry":{"type":"Point","coordinates":[-84.34,33.78]},"properties":{"source":"WU","station_id":"KGAATLAN997","name":"","earliest_date":"2024-07-21","latest_date":"2026-10-07","total_days":774,"total_observations":72558,"years_active":2.12,"days_since_update":3,"extinct":false}},{"type":"Feature","geometry":{"type":"Point","coordinates":[-84.38983,33.84425]},"properties":{"source":"WU","station_id":"KGAATLAN1045","name":"","earliest_date":"2025-07-30","latest_date":"2026-10-08","total_days":409,"total_observations":116576,"years_active":1.12,"days_since_update":2,"extinct":false}},{"type":"Feature","geometry":{"type":"Point","coordinates":[-84.394,33.843]},"properties":{"source":"WU","station_id":"KGAATLAN957","name":"","earliest_date":"2024-01-13","latest_date":"2026-10-07","total_days":956,"total_observations":266560,"years_active":2.62,"days_since_update":3,"extinct":false}},{"type":"Feature","geometry":{"type":"Point","coordinates":[-84.386,33.846]},"properties":{"source":"WU","station_id":"KGAATLAN589","name":"","earliest_date":"2021-09-10","latest_date":"2026-10-07","total_days":1736,"total_observations":457694,"years_active":4.75,"days_since_update":3,"extinct":false}},{"type":"Feature","geometry":{"type":"Point","coordinates":[-84.394,33.841]},"properties":{"source":"WU","station_id":"KGAATLAN941","name":"","earliest_date":"2023-09-30","latest_date":"2025-06-21","total_days":630,"total_observations":180301,"years_active":1.72,"days_since_update":476,"extinct":true}},{"type":"Feature","geometry":{"type":"Point","coordinates":[-84.38842,33.82801]},"properties":{"source":"WU","station_id":"KGAATLAN15","name":"","earliest_date":"2015-05-16","latest_date":"2026-10-08","total_days":3752,"total_observations":251147,"years_active":10.27,"days_since_update":2,"extinct":false}},{"type":"Feature","geometry":{"type":"Point","coordinates":[-84.40635,33.83456]},"properties":{"source":"WU","station_id":"KGAATLAN489","name":"","earliest_date":"2024-04-24","latest_date":"2026-10-06","total_days":840,"total_observations":238475,"years_active":2.3,"days_since_update":4,"extinct":false}},{"type":"Feature","geometry":{"type":"Point","coordinates":[-84.411,33.837]},"properties":{"source":"WU","station_id":"KGAATLAN926","name":"","earliest_date":"2025-02-02","latest_date":"2026-10-08","total_days":578,"total_observations":157890,"years_active":1.58,"days_since_update":2,"extinct":false}},{"type":"Feature","geometry":{"type":"Point","coordinates":[-84.4015,33.87098]},"properties":{"source":"WU","station_id":"KGAATLAN195","name":"","earliest_date":"2015-06-25","latest_date":"2026-09-08","total_days":3818,"total_observations":1045626,"years_active":10.45,"days_since_update":32,"extinct":false}},{"type":"Feature","geometry":{"type":"Point","coordinates":[-84.356,33.853]},"properties":{"source":"WU","station_id":"KGAATLAN516","name":"","earliest_date":"2019-06-01","latest_date":"2026-10-07","total_days":2567,"total_observations":715312,"years_active":7.03,"days_since_update":3,"extinct":false}},{"type":"Feature","geometry":{"type":"Point","coordinates":[-84.513,33.663]},"properties":{"source":"WU","station_id":"KGAATLAN1046","name":"","earliest_date":"2025-07-04","latest_date":"2026-10-08","total_days":436,"total_observations":124649,"years_active":1.19,"days_since_update":2,"extinct":false}},{"type":"Feature","geometry":{"type":"Point","coordinates":[-84.485,33.662]},"properties":{"source":"WU","station_id":"KGAEASTP2","name":"","earliest_date":"2025-10-06","latest_date":"2026-02-11","total_days":90,"total_observations":22547,"years_active":0.25,"days_since_update":241,"extinct":true}},{"type":"Feature","geometry":{"type":"Point","coordinates":[-84.48737,33.68098]},"properties":{"source":"WU","station_id":"KGAATLAN378","name":"","earliest_date":"2022-12-23","latest_date":"2026-10-08","total_days":1341,"total_observations":361378,"years_active":3.67,"days_since_update":2,"extinct":false}},{"type":"Feature","geometry":{"type":"Point","coordinates":[-84.5244,33.6304]},"properties":{"source":"WU","station_id":"KGASOUTH8","name":"","earliest_date":"2024-11-16","latest_date":"2026-10-07","total_days":659,"total_observations":188912,"years_active":1.8,"days_since_update":3,"extinct":false}},{"type":"Feature","geometry":{"type":"Point","coordinates":[-84.43298,33.664]},"properties":{"source":"WU","station_id":"KGAATLAN557","name":"","earliest_date":"2021-10-30","latest_date":"2026-10-08","total_days":1757,"total_observations":496145,"years_active":4.81,"days_since_update":2,"extinct":false}},{"type":"Feature","geometry":{"type":"Point","coordinates":[-84.52,33.73]},"properties":{"source":"WU","station_id":"KGAATLAN578","name":"","earliest_date":"2021-10-26","latest_date":"2026-10-06","total_days":1757,"total_observations":502978,"years_active":4.81,"days_since_update":4,"extinct":false}},{"type":"Feature","geometry":{"type":"Point","coordinates":[-84.596,33.632]},"properties":{"source":"WU","station_id":"KGASOUTH7","name":"","earliest_date":"2024-11-10","latest_date":"2026-10-08","total_days":661,"total_observations":189758,"years_active":1.81,"days_since_update":2,"extinct":false}},{"type":"Feature","geometry":{"type":"Point","coordinates":[-84.457,33.734]},"properties":{"source":"WU","station_id":"KGAATLAN1055","name":"","earliest_date":"2025-10-05","latest_date":"2026-10-06","total_days":338,"total_observations":96948,"years_active":0.93,"days_since_update":4,"extinct":false}},{"type":"Feature","geometry":{"type":"Point","coordinates":[-84.399,33.661]},"properties":{"source":"WU","station_id":"KGAHAPEV1","name":"","earliest_date":"2024-03-23","latest_date":"2026-10-08","total_days":864,"total_observations":247775,"years_active":2.37,"days_since_update":2,"extinct":false}},{"type":"Feature","geometry":{"type":"Point","coordinates":[-84.339,33.887]},"properties":{"source":"WU","station_id":"KGAATLAN1049","name":"","earliest_date":"2025-08-04","latest_date":"2026-10-06","total_days":388,"total_observations":94416,"years_active":1.06,"days_since_update":4,"extinct":false}},{"type":"Feature","geometry":{"type":"Point","coordinates":[-84.33262,33.89255]},"properties":{"source":"WU","station_id":"KGABROOK98","name":"","earliest_date":"2025-10-13","latest_date":"2026-10-06","total_days":326,"total_observations":89286,"years_active":0.89,"days_since_update":4,"extinct":false}},{"type":"Feature","geometry":{"type":"Point","coordinates":[-84.33333,33.90083]},"properties":{"source":"WU","station_id":"KGAATLAN46","name":"","earliest_date":"2015-04-28","latest_date":"2025-12-03","total_days":3770,"total_observations":327780,"years_active":10.32,"days_since_update":311,"extinct":true}},{"type":"Feature","geometry":{"type":"Point","coordinates":[-84.35,33.871]},"properties":{"source":"WU","station_id":"KGAATLAN733","name":"","earliest_date":"2021-05-19","latest_date":"2026-10-07","total_days":1929,"total_observations":508818,"years_active":5.28,"days_since_update":3,"extinct":false}},{"type":"Feature","geometry":{"type":"Point","coordinates":[-84.316,33.889]},"properties":{"source":"WU","station_id":"KGACHAMB36","name":"","earliest_date":"2025-10-19","latest_date":"2026-03-30","total_days":155,"total_observations":44324,"years_active":0.42,"days_since_update":194,"extinct":true}},{"type":"Feature","geometry":{"type":"Point","coordinates":[-84.32514,33.90292]},"properties":{"source":"WU","station_id":"KGABROOK92","name":"","earliest_date":"2025-04-13","latest_date":"2026-08-10","total_days":149,"total_observations":36009,"years_active":0.41,"days_since_update":61,"extinct":false}},{"type":"Feature","geometry":{"type":"Point","coordinates":[-84.32,33.875]},"properties":{"source":"WU","station_id":"KGAATLAN671","name":"","earliest_date":"2023-05-16","latest_date":"2026-10-07","total_days":1210,"total_observations":346378,"years_active":3.31,"days_since_update":3,"extinct":false}},{"type":"Feature","geometry":{"type":"Point","coordinates":[-84.317,33.877]},"properties":{"source":"WU","station_id":"KGAATLAN824","name":"","earliest_date":"2025-08-17","latest_date":"2026-10-08","total_days":378,"total_observations":108569,"years_active":1.03,"days_since_update":2,"extinct":false}},{"type":"Feature","geometry":{"type":"Point","coordinates":[-84.316,33.878]},"properties":{"source":"WU","station_id":"KGAATLAN658","name":"","earliest_date":"2023-03-12","latest_date":"2026-10-08","total_days":1064,"total_observations":299263,"years_active":2.91,"days_since_update":2,"extinct":false}},{"type":"Feature","geometry":{"type":"Point","coordinates":[-84.313,33.879]},"properties":{"source":"WU","station_id":"KGACHAMB18","name":"","earliest_date":"2022-10-04","latest_date":"2026-10-07","total_days":1406,"total_observations":404219,"years_active":3.85,"days_since_update":3,"extinct":false}},{"type":"Feature","geometry":{"type":"Point","coordinates":[-84.306,33.838]},"properties":{"source":"WU","station_id":"KGAATLAN1051","name":"","earliest_date":"2025-08-29","latest_date":"2026-10-07","total_days":338,"total_observations":96300,"years_active":0.93,"days_since_update":3,"extinct":false}},{"type":"Feature","geometry":{"type":"Point","coordinates":[-84.3,33.83]},"properties":{"source":"WU","station_id":"KGAATLAN977","name":"","earliest_date":"2024-05-10","latest_date":"2026-10-07","total_days":815,"total_observations":211264,"years_active":2.23,"days_since_update":3,"extinct":false}},{"type":"Feature","geometry":{"type":"Point","coordinates":[-84.31099,33.82544]},"properties":{"source":"WU","station_id":"KGAATLAN430","name":"","earliest_date":"2018-06-02","latest_date":"2026-10-07","total_days":2948,"total_observations":843668,"years_active":8.07,"days_since_update":3,"extinct":false}},{"type":"Feature","geometry":{"type":"Point","coordinates":[-84.28877,33.83658]},"properties":{"source":"WU","station_id":"KGADECAT11","name":"","earliest_date":"2024-02-02","latest_date":"2026-10-08","total_days":918,"total_observations":254172,"years_active":2.51,"days_since_update":2,"extinct":false}},{"type":"Feature","geometry":{"type":"Point","coordinates":[-84.28832,33.83322]},"properties":{"source":"WU","station_id":"KGADECAT161","name":"","earliest_date":"2025-08-11","latest_date":"2026-10-08","total_days":358,"total_observations":98585,"years_active":0.98,"days_since_update":2,"extinct":false}},{"type":"Feature","geometry":{"type":"Point","coordinates":[-84.303,33.854]},"properties":{"source":"WU","station_id":"KGAATLAN958","name":"","earliest_date":"2024-01-14","latest_date":"2026-10-08","total_days":960,"total_observations":273832,"years_active":2.63,"days_since_update":2,"extinct":false}},{"type":"Feature","geometry":{"type":"Point","coordinates":[-84.286,33.834]},"properties":{"source":"WU","station_id":"KGAATLAN782","name":"","earliest_date":"2025-01-08","latest_date":"2026-10-08","total_days":594,"total_observations":165677,"years_active":1.63,"days_since_update":2,"extinct":false}},{"type":"Feature","geometry":{"type":"Point","coordinates":[-84.286,33.828]},"properties":{"source":"WU","station_id":"KGADECAT156","name":"","earliest_date":"2025-05-05","latest_date":"2026-10-08","total_days":476,"total_observations":135796,"years_active":1.3,"days_since_update":2,"extinct":false}},{"type":"Feature","geometry":{"type":"Point","coordinates":[-84.415,33.898]},"properties":{"source":"WU","station_id":"KGAATLAN1052","name":"","earliest_date":"2025-09-03","latest_date":"2026-10-08","total_days":365,"total_observations":104561,"years_active":1.0,"days_since_update":2,"extinct":false}},{"type":"Feature","geometry":{"type":"Point","coordinates":[-84.413,33.897]},"properties":{"source":"WU","station_id":"KGASANDY55","name":"","earliest_date":"2025-08-10","latest_date":"2026-10-07","total_days":392,"total_observations":111523,"years_active":1.07,"days_since_update":3,"extinct":false}},{"type":"Feature","geometry":{"type":"Point","coordinates":[-84.405,33.897]},"properties":{"source":"WU","station_id":"KGASANDY47","name":"","earliest_date":"2024-04-26","latest_date":"2026-10-07","total_days":843,"total_observations":233706,"years_active":2.31,"days_since_update":3,"extinct":false}},{"type":"Feature","geometry":{"type":"Point","coordinates":[-84.424,33.903]},"properties":{"source":"WU","station_id":"KGAATLAN532","name":"","earliest_date":"2022-10-15","latest_date":"2025-05-23","total_days":934,"total_observations":254993,"years_active":2.56,"days_since_update":505,"extinct":true}},{"type":"Feature","geometry":{"type":"Point","coordinates":[-84.427,33.895]},"properties":{"source":"WU","station_id":"KGAATLAN819","name":"","earliest_date":"2025-11-12","latest_date":"2026-07-22","total_days":244,"total_observations":63620,"years_active":0.67,"days_since_update":80,"extinct":true}},{"type":"Feature","geometry":{"type":"Point","coordinates":[-84.398,33.892]},"properties":{"source":"WU","station_id":"KGAATLAN728","name":"","earliest_date":"2024-01-28","latest_date":"2026-04-07","total_days":757,"total_observations":147571,"years_active":2.07,"days_since_update":186,"extinct":true}},{"type":"Feature","geometry":{"type":"Point","coordinates":[-84.401,33.913]},"properties":{"source":"WU","station_id":"KGAATLAN622","name":"","earliest_date":"2020-04-25","latest_date":"2026-10-06","total_days":2292,"total_observations":654304,"years_active":6.28,"days_since_update":4,"extinct":false}},{"type":"Feature","geometry":{"type":"Point","coordinates":[-84.418,33.879]},"properties":{"source":"WU","station_id":"KGAATLAN736","name":"","earliest_date":"2024-10-22","latest_date":"2026-10-08","total_days":685,"total_observations":194038,"years_active":1.88,"days_since_update":2,"extinct":false}},{"type":"Feature","geometry":{"type":"Point","coordinates":[-84.397,33.911]},"properties":{"source":"WU","station_id":"KGAATLAN800","name":"","earliest_date":"2022-01-14","latest_date":"2026-10-07","total_days":1688,"total_observations":482521,"years_active":4.62,"days_since_update":3,"extinct":false}},{"type":"Feature","geometry":{"type":"Point","coordinates":[-84.415,33.717]},"properties":{"source":"WU","station_id":"KGAATLAN972","name":"","earliest_date":"2024-04-22","latest_date":"2026-10-08","total_days":859,"total_observations":235476,"years_active":2.35,"days_since_update":2,"extinct":false}},{"type":"Feature","geometry":{"type":"Point","coordinates":[-84.427,33.782]},"properties":{"source":"WU","station_id":"KGAATLAN873","name":"","earliest_date":"2022-12-02","latest_date":"2026-10-07","total_days":1375,"total_observations":381649,"years_active":3.76,"days_since_update":3,"extinct":false}},{"type":"Feature","geometry":{"type":"Point","coordinates":[-84.427,33.783]},"properties":{"source":"WU","station_id":"KGAATLAN1000","name":"","earliest_date":"2024-07-30","latest_date":"2026-10-06","total_days":764,"total_observations":218870,"years_active":2.09,"days_since_update":4,"extinct":false}},{"type":"Feature","geometry":{"type":"Point","coordinates":[-84.38959,33.73542]},"properties":{"source":"WU","station_id":"KGAPEOPL2","name":"","earliest_date":"2018-06-27","latest_date":"2026-10-08","total_days":2944,"total_observations":666135,"years_active":8.06,"days_since_update":2,"extinct":false}},{"type":"Feature","geometry":{"type":"Point","coordinates":[-84.32675,33.79021]},"properties":{"source":"WU","station_id":"KGAATLAN115","name":"","earliest_date":"2014-11-20","latest_date":"2026-10-08","total_days":4164,"total_observations":957792,"years_active":11.4,"days_since_update":2,"extinct":false}},{"type":"Feature","geometry":{"type":"Point","coordinates":[-84.325,33.774]},"properties":{"source":"WU","station_id":"KGAATLAN801","name":"","earliest_date":"2023-12-13","latest_date":"2026-10-08","total_days":992,"total_observations":283302,"years_active":2.72,"days_since_update":2,"extinct":false}},{"type":"Feature","geometry":{"type":"Point","coordinates":[-84.31,33.779]},"properties":{"source":"WU","station_id":"KGADECAT132","name":"","earliest_date":"2024-01-08","latest_date":"2026-10-08","total_days":970,"total_observations":278371,"years_active":2.66,"days_since_update":2,"extinct":false}},{"type":"Feature","geometry":{"type":"Point","coordinates":[-84.316,33.772]},"properties":{"source":"WU","station_id":"KGAATLAN842","name":"","earliest_date":"2022-08-18","latest_date":"2026-10-08","total_days":1445,"total_observations":389806,"years_active":3.96,"days_since_update":2,"extinct":false}},{"type":"Feature","geometry":{"type":"Point","coordinates":[-84.309,33.776]},"properties":{"source":"WU","station_id":"KGADECAT115","name":"","earliest_date":"2025-11-25","latest_date":"2025-12-01","total_days":6,"total_observations":1356,"years_active":0.02,"days_since_update":313,"extinct":false}},{"type":"Feature","geometry":{"type":"Point","coordinates":[-84.312,33.773]},"properties":{"source":"WU","station_id":"KGADECAT81","name":"","earliest_date":"2021-06-19","latest_date":"2026-08-04","total_days":1817,"total_observations":517810,"years_active":4.97,"days_since_update":67,"extinct":true}},{"type":"Feature","geometry":{"type":"Point","coordinates":[-84.332,33.768]},"properties":{"source":"WU","station_id":"KGAATLAN599","name":"","earliest_date":"2020-01-05","latest_date":"2025-07-22","total_days":1965,"total_observations":550011,"years_active":5.38,"days_since_update":445,"extinct":true}},{"type":"Feature","geometry":{"type":"Point","coordinates":[-84.403,33.813]},"properties":{"source":"WU","station_id":"KGAATLAN995","name":"","earliest_date":"2024-07-18","latest_date":"2026-10-07","total_days":772,"total_observations":211988,"years_active":2.11,"days_since_update":3,"extinct":false}},{"type":"Feature","geometry":{"type":"Point","coordinates":[-84.404,33.811]},"properties":{"source":"WU","station_id":"KGAATLAN822","name":"","earliest_date":"2022-04-16","latest_date":"2026-10-08","total_days":1566,"total_observations":442051,"years_active":4.29,"days_since_update":2,"extinct":false}},{"type":"Feature","geometry":{"type":"Point","coordinates":[-84.384,33.889]},"properties":{"source":"WU","station_id":"KGAATLAN694","name":"","earliest_date":"2025-08-10","latest_date":"2026-10-08","total_days":391,"total_observations":111626,"years_active":1.07,"days_since_update":2,"extinct":false}},{"type":"Feature","geometry":{"type":"Point","coordinates":[-84.375,33.882]},"properties":{"source":"WU","station_id":"KGASANDY50","name":"","earliest_date":"2025-10-17","latest_date":"2026-10-05","total_days":307,"total_observations":86612,"years_active":0.84,"days_since_update":5,"extinct":false}},{"type":"Feature","geometry":{"type":"Point","coordinates":[-84.38448,33.89212]},"properties":{"source":"WU","station_id":"KGASANDY4","name":"","earliest_date":"2021-06-09","latest_date":"2026-10-07","total_days":1902,"total_observations":540288,"years_active":5.21,"days_since_update":3,"extinct":false}},{"type":"Feature","geometry":{"type":"Point","coordinates":[-84.25326,33.89299]},"properties":{"source":"WU","station_id":"KGAATLAN25","name":"","earliest_date":"2025-06-13","latest_date":"2026-10-08","total_days":381,"total_observations":101402,"years_active":1.04,"days_since_update":2,"extinct":false}},{"type":"Feature","geometry":{"type":"Point","coordinates":[-84.244,33.892]},"properties":{"source":"WU","station_id":"KGAATLAN696","name":"","earliest_date":"2025-06-25","latest_date":"2026-10-08","total_days":394,"total_observations":111460,"years_active":1.08,"days_since_update":2,"extinct":false}},{"type":"Feature","geometry":{"type":"Point","coordinates":[-84.237,33.893]},"properties":{"source":"WU","station_id":"KGAATLAN738","name":"","earliest_date":"2021-06-29","latest_date":"2026-10-08","total_days":1896,"total_observations":543174,"years_active":5.19,"days_since_update":2,"extinct":false}},{"type":"Feature","geometry":{"type":"Point","coordinates":[-84.232,33.88]},"properties":{"source":"WU","station_id":"KGAATLAN654","name":"","earliest_date":"2020-07-02","latest_date":"2026-10-08","total_days":2237,"total_observations":639343,"years_active":6.12,"days_since_update":2,"extinct":false}},{"type":"Feature","geometry":{"type":"Point","coordinates":[-84.236,33.874]},"properties":{"source":"WU","station_id":"KGADORAV9","name":"","earliest_date":"2025-02-16","latest_date":"2026-10-07","total_days":447,"total_observations":128371,"years_active":1.22,"days_since_update":3,"extinct":false}},{"type":"Feature","geometry":{"type":"Point","coordinates":[-84.24,33.87]},"properties":{"source":"WU","station_id":"KGAATLAN709","name":"","earliest_date":"2021-01-31","latest_date":"2026-10-07","total_days":2006,"total_observations":565411,"years_active":5.49,"days_since_update":3,"extinct":false}},{"type":"Feature","geometry":{"type":"Point","coordinates":[-84.237,33.869]},"properties":{"source":"WU","station_id":"KGAATLAN564","name":"","earliest_date":"2023-04-11","latest_date":"2026-10-06","total_days":1181,"total_observations":319116,"years_active":3.23,"days_since_update":4,"extinct":false}},{"type":"Feature","geometry":{"type":"Point","coordinates":[-84.245,33.863]},"properties":{"source":"WU","station_id":"KGATUCKE48","name":"","earliest_date":"2025-01-15","latest_date":"2026-10-07","total_days":604,"total_observations":171875,"years_active":1.65,"days_since_update":3,"extinct":false}},{"type":"Feature","geometry":{"type":"Point","coordinates":[-84.28185,33.87318]},"properties":{"source":"WU","station_id":"KGANORTH4","name":"","earliest_date":"2021-12-29","latest_date":"2026-10-08","total_days":1632,"total_observations":419143,"years_active":4.47,"days_since_update":2,"extinct":false}},{"type":"Feature","geometry":{"type":"Point","coordinates":[-84.34791,33.85169]},"properties":{"source":"WU","station_id":"KGAATLAN379","name":"","earliest_date":"2017-10-01","latest_date":"2026-10-08","total_days":3228,"total_observations":303658,"years_active":8.84,"days_since_update":2,"extinct":false}},{"type":"Feature","geometry":{"type":"Point","coordinates":[-84.344,33.845]},"properties":{"source":"WU","station_id":"KGABROOK56","name":"","earliest_date":"2024-07-03","latest_date":"2025-12-02","total_days":512,"total_observations":145523,"years_active":1.4,"days_since_update":312,"extinct":true}},{"type":"Feature","geometry":{"type":"Point","coordinates":[-84.336,33.847]},"properties":{"source":"WU","station_id":"KGABROOK80","name":"","earliest_date":"2024-10-06","latest_date":"2026-10-07","total_days":682,"total_observations":186829,"years_active":1.87,"days_since_update":3,"extinct":false}},{"type":"Feature","geometry":{"type":"Point","coordinates":[-84.359,33.862]},"properties":{"source":"WU","station_id":"KGAATLAN988","name":"","earliest_date":"2024-06-22","latest_date":"2026-10-07","total_days":799,"total_observations":221390,"years_active":2.19,"days_since_update":3,"extinct":false}},{"type":"Feature","geometry":{"type":"Point","coordinates":[-84.326,33.852]},"properties":{"source":"WU","station_id":"KGAATLAN690","name":"","earliest_date":"2025-02-06","latest_date":"2026-10-08","total_days":556,"total_observations":154993,"years_active":1.52,"days_since_update":2,"extinct":false}},{"type":"Feature","geometry":{"type":"Point","coordinates":[-84.326,33.855]},"properties":{"source":"WU","station_id":"KGAATLAN836","name":"","earliest_date":"2025-11-30","latest_date":"2026-10-08","total_days":202,"total_observations":57390,"years_active":0.55,"days_since_update":2,"extinct":false}},{"type":"Feature","geometry":{"type":"Point","coordinates":[-84.322,33.86]},"properties":{"source":"WU","station_id":"KGAATLAN624","name":"","earliest_date":"2023-08-04","latest_date":"2026-10-08","total_days":1108,"total_observations":303792,"years_active":3.03,"days_since_update":2,"extinct":false}},{"type":"Feature","geometry":{"type":"Point","coordinates":[-84.318,33.862]},"properties":{"source":"WU","station_id":"KGABROOK27","name":"","earliest_date":"2025-10-21","latest_date":"2026-10-07","total_days":330,"total_observations":92587,"years_active":0.9,"days_since_update":3,"extinct":false}},{"type":"Feature","geometry":{"type":"Point","coordinates":[-84.32061,33.91923]},"properties":{"source":"WU","station_id":"KGAATLAN390","name":"","earliest_date":"2018-01-06","latest_date":"2026-10-06","total_days":3124,"total_observations":884697,"years_active":8.55,"days_since_update":4,"extinct":false}},{"type":"Feature","geometry":{"type":"Point","coordinates":[-84.317,33.911]},"properties":{"source":"WU","station_id":"KGAATLAN786","name":"","earliest_date":"2025-11-19","latest_date":"2026-09-09","total_days":203,"total_observations":54031,"years_active":0.56,"days_since_update":31,"extinct":false}},{"type":"Feature","geometry":{"type":"Point","coordinates":[-84.31707,33.91003]},"properties":{"source":"WU","station_id":"KGAATLAN321","name":"","earliest_date":"2023-03-22","latest_date":"2026-10-08","total_days":1238,"total_observations":284644,"years_active":3.39,"days_since_update":2,"extinct":false}},{"type":"Feature","geometry":{"type":"Point","coordinates":[-84.316,33.91]},"properties":{"source":"WU","station_id":"KGACHAMB34","name":"","earliest_date":"2025-03-15","latest_date":"2026-10-08","total_days":539,"total_observations":153262,"years_active":1.48,"days_since_update":2,"extinct":false}},{"type":"Feature","geometry":{"type":"Point","coordinates":[-84.31432,33.93352]},"properties":{"source":"WU","station_id":"KGADUNWO10","name":"","earliest_date":"2020-02-06","latest_date":"2026-01-05","total_days":1907,"total_observations":516613,"years_active":5.22,"days_since_update":278,"extinct":true}},{"type":"Feature","geometry":{"type":"Point","coordinates":[-84.318,33.936]},"properties":{"source":"WU","station_id":"KGADUNWO18","name":"","earliest_date":"2025-08-12","latest_date":"2026-10-08","total_days":367,"total_observations":104686,"years_active":1.0,"days_since_update":2,"extinct":false}},{"type":"Feature","geometry":{"type":"Point","coordinates":[-84.304,33.909]},"properties":{"source":"WU","station_id":"KGAATLAN695","name":"","earliest_date":"2023-11-05","latest_date":"2025-12-01","total_days":664,"total_observations":182959,"years_active":1.82,"days_since_update":313,"extinct":true}},{"type":"Feature","geometry":{"type":"Point","coordinates":[-84.303,33.91]},"properties":{"source":"WU","station_id":"KGACHAMB27","name":"","earliest_date":"2023-08-21","latest_date":"2025-08-09","total_days":720,"total_observations":206677,"years_active":1.97,"days_since_update":427,"extinct":true}},{"type":"Feature","geometry":{"type":"Point","coordinates":[-84.36526,33.73883]},"properties":{"source":"WU","station_id":"KGAATLAN40","name":"","earliest_date":"2021-06-04","latest_date":"2026-10-08","total_days":1896,"total_observations":536008,"years_active":5.19,"days_since_update":2,"extinct":false}},{"type":"Feature","geometry":{"type":"Point","coordinates":[-84.35736,33.73472]},"properties":{"source":"WU","station_id":"KGAATLAN477","name":"","earliest_date":"2024-06-28","latest_date":"2026-06-23","total_days":699,"total_observations":200246,"years_active":1.91,"days_since_update":109,"extinct":true}},{"type":"Feature","geometry":{"type":"Point","coordinates":[-84.363,33.749]},"properties":{"source":"WU","station_id":"KGAATLAN1024","name":"","earliest_date":"2025-01-06","latest_date":"2026-10-06","total_days":580,"total_observations":160776,"years_active":1.59,"days_since_update":4,"extinct":false}},{"type":"Feature","geometry":{"type":"Point","coordinates":[-84.355,33.733]},"properties":{"source":"WU","station_id":"KGAATLAN773","name":"","earliest_date":"2024-09-25","latest_date":"2026-03-12","total_days":511,"total_observations":138617,"years_active":1.4,"days_since_update":212,"extinct":true}},{"type":"Feature","geometry":{"type":"Point","coordinates":[-84.376,33.732]},"properties":{"source":"WU","station_id":"KGAATLAN628","name":"","earliest_date":"2022-04-03","latest_date":"2026-10-08","total_days":1608,"total_observations":460202,"years_active":4.4,"days_since_update":2,"extinct":false}},{"type":"Feature","geometry":{"type":"Point","coordinates":[-84.35252,33.73362]},"properties":{"source":"WU","station_id":"KGAATLAN402","name":"","earliest_date":"2018-02-23","latest_date":"2026-10-08","total_days":3063,"total_observations":865678,"years_active":8.39,"days_since_update":2,"extinct":false}},{"type":"Feature","geometry":{"type":"Point","coordinates":[-84.364,33.751]},"properties":{"source":"WU","station_id":"KGAATLAN952","name":"","earliest_date":"2023-12-27","latest_date":"2026-10-08","total_days":950,"total_observations":271816,"years_active":2.6,"days_since_update":2,"extinct":false}},{"type":"Feature","geometry":{"type":"Point","coordinates":[-84.352,33.729]},"properties":{"source":"WU","station_id":"KGAATLAN667","name":"","earliest_date":"2020-09-24","latest_date":"2026-10-07","total_days":2080,"total_observations":528807,"years_active":5.69,"days_since_update":3,"extinct":false}},{"type":"Feature","geometry":{"type":"Point","coordinates":[-84.29021,33.93137]},"properties":{"source":"WU","station_id":"KGAATLAN418","name":"","earliest_date":"2025-08-02","latest_date":"2026-10-08","total_days":399,"total_observations":113611,"years_active":1.09,"days_since_update":2,"extinct":false}},{"type":"Feature","geometry":{"type":"Point","coordinates":[-84.288,33.934]},"properties":{"source":"WU","station_id":"KGAATLAN613","name":"","earliest_date":"2020-02-10","latest_date":"2026-05-24","total_days":2259,"total_observations":214473,"years_active":6.18,"days_since_update":139,"extinct":true}},{"type":"Feature","geometry":{"type":"Point","coordinates":[-84.279,33.944]},"properties":{"source":"WU","station_id":"KGAATLAN742","name":"","earliest_date":"2025-11-08","latest_date":"2025-12-20","total_days":36,"total_observations":10334,"years_active":0.1,"days_since_update":294,"extinct":true}},{"type":"Feature","geometry":{"type":"Point","coordinates":[-84.282,33.948]},"properties":{"source":"WU","station_id":"KGAATLAN740","name":"","earliest_date":"2021-07-08","latest_date":"2026-10-07","total_days":1869,"total_observations":532489,"years_active":5.12,"days_since_update":3,"extinct":false}},{"type":"Feature","geometry":{"type":"Point","coordinates":[-84.265,33.936]},"properties":{"source":"WU","station_id":"KGADORAV2","name":"","earliest_date":"2021-12-14","latest_date":"2026-10-07","total_days":1714,"total_observations":485759,"years_active":4.69,"days_since_update":3,"extinct":false}},{"type":"Feature","geometry":{"type":"Point","coordinates":[-84.302,33.814]},"properties":{"source":"WU","station_id":"KGADECAT121","name":"","earliest_date":"2023-07-21","latest_date":"2026-10-08","total_days":1021,"total_observations":292283,"years_active":2.8,"days_since_update":2,"extinct":false}},{"type":"Feature","geometry":{"type":"Point","coordinates":[-84.29367,33.82014]},"properties":{"source":"WU","station_id":"KGADECAT15","name":"","earliest_date":"2025-07-16","latest_date":"2026-10-07","total_days":388,"total_observations":107763,"years_active":1.06,"days_since_update":3,"extinct":false}},{"type":"Feature","geometry":{"type":"Point","coordinates":[-84.293,33.816]},"properties":{"source":"WU","station_id":"KGADECAT118","name":"","earliest_date":"2023-04-28","latest_date":"2026-10-08","total_days":1203,"total_observations":342578,"years_active":3.29,"days_since_update":2,"extinct":false}},{"type":"Feature","geometry":{"type":"Point","coordinates":[-84.39816,33.80411]},"properties":{"source":"WU","station_id":"KGAATLAN432","name":"","earliest_date":"2018-06-16","latest_date":"2026-10-06","total_days":2956,"total_observations":840566,"years_active":8.09,"days_since_update":4,"extinct":false}},{"type":"Feature","geometry":{"type":"Point","coordinates":[-84.39886,33.79995]},"properties":{"source":"WU","station_id":"KGAATLAN444","name":"","earliest_date":"2018-08-01","latest_date":"2026-10-07","total_days":2895,"total_observations":823445,"years_active":7.93,"days_since_update":3,"extinct":false}},{"type":"Feature","geometry":{"type":"Point","coordinates":[-84.404,33.808]},"properties":{"source":"WU","station_id":"KGAATLAN850","name":"","earliest_date":"2022-07-13","latest_date":"2026-10-08","total_days":1405,"total_observations":393150,"years_active":3.85,"days_since_update":2,"extinct":false}},{"type":"Feature","geometry":{"type":"Point","coordinates":[-84.406,33.811]},"properties":{"source":"WU","station_id":"KGAATLAN862","name":"","earliest_date":"2022-08-26","latest_date":"2026-10-06","total_days":1467,"total_observations":420159,"years_active":4.02,"days_since_update":4,"extinct":false}},{"type":"Feature","geometry":{"type":"Point","coordinates":[-84.343,33.897]},"properties":{"source":"WU","station_id":"KGAATLAN627","name":"","earliest_date":"2024-08-16","latest_date":"2025-12-02","total_days":458,"total_observations":131198,"years_active":1.25,"days_since_update":312,"extinct":true}},{"type":"Feature","geometry":{"type":"Point","coordinates":[-84.307,33.766]},"properties":{"source":"WU","station_id":"KGADECAT138","name":"","earliest_date":"2026-03-31","latest_date":"2026-10-01","total_days":174,"total_observations":49846,"years_active":0.48,"days_since_update":9,"extinct":false}},{"type":"Feature","geometry":{"type":"Point","coordinates":[-84.343,33.733]},"properties":{"source":"WU","station_id":"KGAATLAN734","name":"","earliest_date":"2025-06-01","latest_date":"2025-07-25","total_days":55,"total_observations":15358,"years_active":0.15,"days_since_update":442,"extinct":false}},{"type":"Feature","geometry":{"type":"Point","coordinates":[-84.29327,33.96378]},"properties":{"source":"WU","station_id":"KGAATLAN481","name":"","earliest_date":"2023-11-22","latest_date":"2026-10-07","total_days":896,"total_observations":253086,"years_active":2.45,"days_since_update":3,"extinct":false}},{"type":"Feature","geometry":{"type":"Point","coordinates":[-84.296,33.961]},"properties":{"source":"WU","station_id":"KGASANDY13","name":"","earliest_date":"2025-11-05","latest_date":"2025-12-07","total_days":26,"total_observations":6579,"years_active":0.07,"days_since_update":307,"extinct":true}},{"type":"Feature","geometry":{"type":"Point","coordinates":[-84.301,33.964]},"properties":{"source":"WU","station_id":"KGASANDY17","name":"","earliest_date":"2022-08-04","latest_date":"2026-10-06","total_days":1478,"total_observations":423295,"years_active":4.05,"days_since_update":4,"extinct":false}},{"type":"Feature","geometry":{"type":"Point","coordinates":[-84.284,33.966]},"properties":{"source":"WU","station_id":"KGASANDY36","name":"","earliest_date":"2023-08-30","latest_date":"2026-10-08","total_days":1101,"total_observations":308252,"years_active":3.01,"days_since_update":2,"extinct":false}},{"type":"Feature","geometry":{"type":"Point","coordinates":[-84.302,33.962]},"properties":{"source":"WU","station_id":"KGAATLAN772","name":"","earliest_date":"2025-10-28","latest_date":"2026-10-08","total_days":293,"total_observations":79234,"years_active":0.8,"days_since_update":2,"extinct":false}},{"type":"Feature","geometry":{"type":"Point","coordinates":[-84.28054,33.96938]},"properties":{"source":"WU","station_id":"KGAATLAN443","name":"","earliest_date":"2018-08-01","latest_date":"2026-10-08","total_days":2925,"total_observations":801093,"years_active":8.01,"days_since_update":2,"extinct":false}},{"type":"Feature","geometry":{"type":"Point","coordinates":[-84.304,33.954]},"properties":{"source":"WU","station_id":"KGADUNWO28","name":"","earliest_date":"2024-02-05","latest_date":"2026-10-06","total_days":941,"total_observations":269671,"years_active":2.58,"days_since_update":4,"extinct":false}},{"type":"Feature","geometry":{"type":"Point","coordinates":[-84.272,33.972]},"properties":{"source":"WU","station_id":"KGASANDY41","name":"","earliest_date":"2024-03-01","latest_date":"2026-10-08","total_days":880,"total_observations":249854,"years_active":2.41,"days_since_update":2,"extinct":false}},{"type":"Feature","geometry":{"type":"Point","coordinates":[-84.359,33.982]},"properties":{"source":"WU","station_id":"KGAATLAN506","name":"","earliest_date":"2019-04-27","latest_date":"2026-09-26","total_days":2629,"total_observations":750467,"years_active":7.2,"days_since_update":14,"extinct":false}},{"type":"Feature","geometry":{"type":"Point","coordinates":[-84.332,33.973]},"properties":{"source":"WU","station_id":"KGASANDY26","name":"","earliest_date":"2023-04-13","latest_date":"2026-10-05","total_days":1238,"total_observations":354196,"years_active":3.39,"days_since_update":5,"extinct":false}},{"type":"Feature","geometry":{"type":"Point","coordinates":[-84.39,33.985]},"properties":{"source":"WU","station_id":"KGAMARIE658","name":"","earliest_date":"2025-11-29","latest_date":"2026-10-07","total_days":287,"total_observations":82257,"years_active":0.79,"days_since_update":3,"extinct":false}},{"type":"Feature","geometry":{"type":"Point","coordinates":[-84.391,33.975]},"properties":{"source":"WU","station_id":"KGAMARIE719","name":"","earliest_date":"2024-12-28","latest_date":"2026-10-08","total_days":608,"total_observations":173669,"years_active":1.66,"days_since_update":2,"extinct":false}},{"type":"Feature","geometry":{"type":"Point","coordinates":[-84.393,33.99]},"properties":{"source":"WU","station_id":"KGAMARIE747","name":"","earliest_date":"2025-11-30","latest_date":"2026-10-07","total_days":217,"total_observations":59997,"years_active":0.59,"days_since_update":3,"extinct":false}},{"type":"Feature","geometry":{"type":"Point","coordinates":[-84.396,33.989]},"properties":{"source":"WU","station_id":"KGAMARIE718","name":"","earliest_date":"2024-12-28","latest_date":"2026-10-08","total_days":619,"total_observations":171150,"years_active":1.69,"days_since_update":2,"extinct":false}},{"type":"Feature","geometry":{"type":"Point","coordinates":[-84.341,34.013]},"properties":{"source":"WU","station_id":"KGAROSWE85","name":"","earliest_date":"2021-09-07","latest_date":"2026-10-05","total_days":1792,"total_observations":508718,"years_active":4.91,"days_since_update":5,"extinct":false}},{"type":"Feature","geometry":{"type":"Point","coordinates":[-84.375,33.95]},"properties":{"source":"WU","station_id":"KGASANDY24","name":"","earliest_date":"2023-01-14","latest_date":"2026-10-08","total_days":1319,"total_observations":369337,"years_active":3.61,"days_since_update":2,"extinct":false}},{"type":"Feature","geometry":{"type":"Point","coordinates":[-84.328,33.958]},"properties":{"source":"WU","station_id":"KGADUNWO30","name":"","earliest_date":"2024-07-11","latest_date":"2026-06-13","total_days":682,"total_observations":193193,"years_active":1.87,"days_since_update":119,"extinct":true}},{"type":"Feature","geometry":{"type":"Point","coordinates":[-84.4,33.992]},"properties":{"source":"WU","station_id":"KGAMARIE706","name":"","earliest_date":"2024-10-14","latest_date":"2026-10-07","total_days":648,"total_observations":131774,"years_active":1.77,"days_since_update":3,"extinct":false}},{"type":"Feature","geometry":{"type":"Point","coordinates":[-84.369,33.879]},"properties":{"source":"WU","station_id":"KGASANDY25","name":"","earliest_date":"2023-09-25","latest_date":"2026-10-07","total_days":1065,"total_observations":305345,"years_active":2.92,"days_since_update":3,"extinct":false}},{"type":"Feature","geometry":{"type":"Point","coordinates":[-84.484,33.813]},"properties":{"source":"WU","station_id":"KGAATLAN552","name":"","earliest_date":"2019-09-23","latest_date":"2026-10-06","total_days":2397,"total_observations":671533,"years_active":6.56,"days_since_update":4,"extinct":false}},{"type":"Feature","geometry":{"type":"Point","coordinates":[-84.509,33.81]},"properties":{"source":"WU","station_id":"KGAMABLE24","name":"","earliest_date":"2024-09-24","latest_date":"2026-09-06","total_days":675,"total_observations":192701,"years_active":1.85,"days_since_update":34,"extinct":true}},{"type":"Feature","geometry":{"type":"Point","coordinates":[-84.51,33.822]},"properties":{"source":"WU","station_id":"KGAMABLE32","name":"","earliest_date":"2025-05-12","latest_date":"2026-06-10","total_days":362,"total_observations":101095,"years_active":0.99,"days_since_update":122,"extinct":true}},{"type":"Feature","geometry":{"type":"Point","coordinates":[-84.525,33.817]},"properties":{"source":"WU","station_id":"KGAMABLE25","name":"","earliest_date":"2025-09-02","latest_date":"2026-06-01","total_days":235,"total_observations":66535,"years_active":0.64,"days_since_update":131,"extinct":false}},{"type":"Feature","geometry":{"type":"Point","coordinates":[-84.50617,33.8424]},"properties":{"source":"WU","station_id":"KGASMYRN52","name":"","earliest_date":"2023-08-04","latest_date":"2026-10-06","total_days":1122,"total_observations":294553,"years_active":3.07,"days_since_update":4,"extinct":false}},{"type":"Feature","geometry":{"type":"Point","coordinates":[-84.499,33.846]},"properties":{"source":"WU","station_id":"KGASMYRN71","name":"","earliest_date":"2022-07-20","latest_date":"2026-10-08","total_days":1504,"total_observations":420583,"years_active":4.12,"days_since_update":2,"extinct":false}},{"type":"Feature","geometry":{"type":"Point","coordinates":[-84.5,33.846]},"properties":{"source":"WU","station_id":"KGASMYRN89","name":"","earliest_date":"2024-08-23","latest_date":"2026-10-07","total_days":716,"total_observations":205457,"years_active":1.96,"days_since_update":3,"extinct":false}},{"type":"Feature","geometry":{"type":"Point","coordinates":[-84.528,33.815]},"properties":{"source":"WU","station_id":"KGAMABLE29","name":"","earliest_date":"2024-05-08","latest_date":"2026-10-06","total_days":857,"total_observations":246071,"years_active":2.35,"days_since_update":4,"extinct":false}},{"type":"Feature","geometry":{"type":"Point","coordinates":[-84.42939,33.80242]},"properties":{"source":"WU","station_id":"KGAATLAN576","name":"","earliest_date":"2025-12-01","latest_date":"2026-10-08","total_days":82,"total_observations":1004,"years_active":0.22,"days_since_update":2,"extinct":false}},{"type":"Feature","geometry":{"type":"Point","coordinates":[-84.396,33.925]},"properties":{"source":"WU","station_id":"KGASANDY52","name":"","earliest_date":"2024-10-05","latest_date":"2026-10-07","total_days":683,"total_observations":193230,"years_active":1.87,"days_since_update":3,"extinct":false}},{"type":"Feature","geometry":{"type":"Point","coordinates":[-84.385,33.896]},"properties":{"source":"WU","station_id":"KGASANDY48","name":"","earliest_date":"2024-04-30","latest_date":"2026-10-07","total_days":851,"total_observations":232490,"years_active":2.33,"days_since_update":3,"extinct":false}},{"type":"Feature","geometry":{"type":"Point","coordinates":[-84.386,33.736]},"properties":{"source":"WU","station_id":"KGAATLAN983","name":"","earliest_date":"2024-05-25","latest_date":"2026-10-08","total_days":808,"total_observations":231168,"years_active":2.21,"days_since_update":2,"extinct":false}},{"type":"Feature","geometry":{"type":"Point","coordinates":[-84.295,33.75]},"properties":{"source":"WU","station_id":"KGAATLAN653","name":"","earliest_date":"2020-06-26","latest_date":"2026-10-08","total_days":2224,"total_observations":628179,"years_active":6.09,"days_since_update":2,"extinct":false}},{"type":"Feature","geometry":{"type":"Point","coordinates":[-84.29789,33.75047]},"properties":{"source":"WU","station_id":"KGAATLAN427","name":"","earliest_date":"2024-05-31","latest_date":"2026-03-12","total_days":327,"total_observations":88643,"years_active":0.9,"days_since_update":212,"extinct":false}},{"type":"Feature","geometry":{"type":"Point","coordinates":[-84.303,33.755]},"properties":{"source":"WU","station_id":"KGADECAT109","name":"","earliest_date":"2024-01-24","latest_date":"2026-08-31","total_days":870,"total_observations":247164,"years_active":2.38,"days_since_update":40,"extinct":true}},{"type":"Feature","geometry":{"type":"Point","coordinates":[-84.283,33.754]},"properties":{"source":"WU","station_id":"KGADECAT120","name":"","earliest_date":"2023-05-20","latest_date":"2026-10-08","total_days":1175,"total_observations":335049,"years_active":3.22,"days_since_update":2,"extinct":false}},{"type":"Feature","geometry":{"type":"Point","coordinates":[-84.298,33.765]},"properties":{"source":"WU","station_id":"KGADECAT124","name":"","earliest_date":"2023-08-05","latest_date":"2026-10-08","total_days":1120,"total_observations":311461,"years_active":3.07,"days_since_update":2,"extinct":false}},{"type":"Feature","geometry":{"type":"Point","coordinates":[-84.277,33.753]},"properties":{"source":"WU","station_id":"KGADECAT158","name":"","earliest_date":"2025-06-11","latest_date":"2026-10-07","total_days":461,"total_observations":132055,"years_active":1.26,"days_since_update":3,"extinct":false}},{"type":"Feature","geometry":{"type":"Point","coordinates":[-84.281,33.76]},"properties":{"source":"WU","station_id":"KGADECAT130","name":"","earliest_date":"2023-11-25","latest_date":"2026-10-08","total_days":898,"total_observations":257206,"years_active":2.46,"days_since_update":2,"extinct":false}},{"type":"Feature","geometry":{"type":"Point","coordinates":[-84.276,33.754]},"properties":{"source":"WU","station_id":"KGADECAT94","name":"","earliest_date":"2024-07-20","latest_date":"2026-10-08","total_days":767,"total_observations":202828,"years_active":2.1,"days_since_update":2,"extinct":false}},{"type":"Feature","geometry":{"type":"Point","coordinates":[-84.23,33.868]},"properties":{"source":"WU","station_id":"KGATUCKE28","name":"","earliest_date":"2020-01-25","latest_date":"2024-09-25","total_days":1630,"total_observations":463336,"years_active":4.46,"days_since_update":745,"extinct":false}},{"type":"Feature","geometry":{"type":"Point","coordinates":[-84.214,33.875]},"properties":{"source":"WU","station_id":"KGATUCKE44","name":"","earliest_date":"2023-11-20","latest_date":"2026-10-07","total_days":1018,"total_observations":283046,"years_active":2.79,"days_since_update":3,"extinct":false}},{"type":"Feature","geometry":{"type":"Point","coordinates":[-84.215,33.87]},"properties":{"source":"WU","station_id":"KGATUCKE53","name":"","earliest_date":"2025-07-30","latest_date":"2026-04-18","total_days":234,"total_observations":64016,"years_active":0.64,"days_since_update":175,"extinct":true}},{"type":"Feature","geometry":{"type":"Point","coordinates":[-84.44948,33.88895]},"properties":{"source":"WU","station_id":"KGAATLAN816","name":"","earliest_date":"2022-03-09","latest_date":"2026-10-06","total_days":1517,"total_observations":435540,"years_active":4.15,"days_since_update":4,"extinct":false}},{"type":"Feature","geometry":{"type":"Point","coordinates":[-84.44982,33.88924]},"properties":{"source":"WU","station_id":"KGAATLAN981","name":"","earliest_date":"2024-05-15","latest_date":"2026-10-08","total_days":829,"total_observations":222734,"years_active":2.27,"days_since_update":2,"extinct":false}},{"type":"Feature","geometry":{"type":"Point","coordinates":[-84.49,33.859]},"properties":{"source":"WU","station_id":"KGASMYRN76","name":"","earliest_date":"2023-01-21","latest_date":"2026-10-07","total_days":1294,"total_observations":363034,"years_active":3.54,"days_since_update":3,"extinct":false}},{"type":"Feature","geometry":{"type":"Point","coordinates":[-84.30573,33.86002]},"properties":{"source":"WU","station_id":"KGAATLAN326","name":"","earliest_date":"2021-11-01","latest_date":"2026-10-07","total_days":1674,"total_observations":476850,"years_active":4.58,"days_since_update":3,"extinct":false}},{"type":"Feature","geometry":{"type":"Point","coordinates":[-84.377,33.895]},"properties":{"source":"WU","station_id":"KGAATLAN915","name":"","earliest_date":"2024-08-09","latest_date":"2026-10-08","total_days":752,"total_observations":212223,"years_active":2.06,"days_since_update":2,"extinct":false}},{"type":"Feature","geometry":{"type":"Point","coordinates":[-84.269,33.952]},"properties":{"source":"WU","station_id":"KGAATLAN840","name":"","earliest_date":"2023-05-12","latest_date":"2026-10-08","total_days":1207,"total_observations":346174,"years_active":3.3,"days_since_update":2,"extinct":false}},{"type":"Feature","geometry":{"type":"Point","coordinates":[-84.324,33.957]},"properties":{"source":"WU","station_id":"KGADUNWO20","name":"","earliest_date":"2023-03-25","latest_date":"2026-10-07","total_days":1249,"total_observations":335417,"years_active":3.42,"days_since_update":3,"extinct":false}},{"type":"Feature","geometry":{"type":"Point","coordinates":[-84.528,33.594]},"properties":{"source":"WU","station_id":"KGAATLAN781","name":"","earliest_date":"2024-10-24","latest_date":"2026-10-07","total_days":387,"total_observations":82533,"years_active":1.06,"days_since_update":3,"extinct":false}},{"type":"Feature","geometry":{"type":"Point","coordinates":[-84.539,33.511]},"properties":{"source":"WU","station_id":"KGAFAYET75","name":"","earliest_date":"2021-06-25","latest_date":"2026-10-07","total_days":1867,"total_observations":516789,"years_active":5.11,"days_since_update":3,"extinct":false}},{"type":"Feature","geometry":{"type":"Point","coordinates":[-84.64604,33.5683]},"properties":{"source":"WU","station_id":"KGAFAIRB3","name":"","earliest_date":"2012-06-10","latest_date":"2026-10-07","total_days":5112,"total_observations":1424970,"years_active":14.0,"days_since_update":3,"extinct":false}},{"type":"Feature","geometry":{"type":"Point","coordinates":[-84.52637,33.49096]},"properties":{"source":"WU","station_id":"KGAFAYET16","name":"","earliest_date":"2016-07-24","latest_date":"2026-10-08","total_days":3605,"total_observations":987231,"years_active":9.87,"days_since_update":2,"extinct":false}},{"type":"Feature","geometry":{"type":"Point","coordinates":[-84.46025,33.89371]},"properties":{"source":"WU","station_id":"KGAOAKSO2","name":"","earliest_date":"2018-10-25","latest_date":"2026-10-07","total_days":2828,"total_observations":671219,"years_active":7.74,"days_since_update":3,"extinct":false}},{"type":"Feature","geometry":{"type":"Point","coordinates":[-84.47138,33.9051]},"properties":{"source":"WU","station_id":"KGAMARIE475","name":"","earliest_date":"2021-12-28","latest_date":"2026-10-08","total_days":1699,"total_observations":487326,"years_active":4.65,"days_since_update":2,"extinct":false}},{"type":"Feature","geometry":{"type":"Point","coordinates":[-84.48058,33.89033]},"properties":{"source":"WU","station_id":"KGASMYRN87","name":"","earliest_date":"2025-11-28","latest_date":"2026-09-14","total_days":67,"total_observations":16600,"years_active":0.18,"days_since_update":26,"extinct":false}},{"type":"Feature","geometry":{"type":"Point","coordinates":[-84.259,33.965]},"properties":{"source":"WU","station_id":"KGAPEACH72","name":"","earliest_date":"2020-12-27","latest_date":"2026-10-08","total_days":2036,"total_observations":582262,"years_active":5.57,"days_since_update":2,"extinct":false}},{"type":"Feature","geometry":{"type":"Point","coordinates":[-84.317,33.714]},"properties":{"source":"WU","station_id":"KGAATLAN942","name":"","earliest_date":"2025-05-19","latest_date":"2026-10-08","total_days":456,"total_observations":129450,"years_active":1.25,"days_since_update":2,"extinct":false}},{"type":"Feature","geometry":{"type":"Point","coordinates":[-84.31506,33.71578]},"properties":{"source":"WU","station_id":"KGAATLAN276","name":"","earliest_date":"2016-01-30","latest_date":"2026-03-14","total_days":3618,"total_observations":1015629,"years_active":9.91,"days_since_update":210,"extinct":true}},{"type":"Feature","geometry":{"type":"Point","coordinates":[-84.299,33.697]},"properties":{"source":"WU","station_id":"KGADECAT131","name":"","earliest_date":"2024-01-08","latest_date":"2026-10-08","total_days":961,"total_observations":265750,"years_active":2.63,"days_since_update":2,"extinct":false}},{"type":"Feature","geometry":{"type":"Point","coordinates":[-84.343,33.723]},"properties":{"source":"WU","station_id":"KGAATLAN661","name":"","earliest_date":"2020-08-17","latest_date":"2026-10-08","total_days":2153,"total_observations":606885,"years_active":5.89,"days_since_update":2,"extinct":false}},{"type":"Feature","geometry":{"type":"Point","coordinates":[-84.256,33.856]},"properties":{"source":"WU","station_id":"KGAATLAN982","name":"","earliest_date":"2024-05-25","latest_date":"2026-10-07","total_days":835,"total_observations":231891,"years_active":2.29,"days_since_update":3,"extinct":false}},{"type":"Feature","geometry":{"type":"Point","coordinates":[-84.243,33.862]},"properties":{"source":"WU","station_id":"KGATUCKE46","name":"","earliest_date":"2024-04-26","latest_date":"2026-10-06","total_days":732,"total_observations":202536,"years_active":2.0,"days_since_update":4,"extinct":false}},{"type":"Feature","geometry":{"type":"Point","coordinates":[-84.24026,33.85638]},"properties":{"source":"WU","station_id":"KGATUCKE22","name":"","earliest_date":"2023-07-16","latest_date":"2026-10-08","total_days":1145,"total_observations":328161,"years_active":3.13,"days_since_update":2,"extinct":false}},{"type":"Feature","geometry":{"type":"Point","coordinates":[-84.28112,33.86226]},"properties":{"source":"WU","station_id":"KGAATLAN338","name":"","earliest_date":"2022-03-14","latest_date":"2026-04-03","total_days":1473,"total_observations":105040,"years_active":4.03,"days_since_update":190,"extinct":true}},{"type":"Feature","geometry":{"type":"Point","coordinates":[-84.268,33.835]},"properties":{"source":"WU","station_id":"KGADECAT122","name":"","earliest_date":"2023-08-03","latest_date":"2026-09-27","total_days":1080,"total_observations":273137,"years_active":2.96,"days_since_update":13,"extinct":false}},{"type":"Feature","geometry":{"type":"Point","coordinates":[-84.284,33.857]},"properties":{"source":"WU","station_id":"KGAATLAN1038","name":"","earliest_date":"2025-04-04","latest_date":"2026-07-05","total_days":431,"total_observations":120835,"years_active":1.18,"days_since_update":97,"extinct":false}},{"type":"Feature","geometry":{"type":"Point","coordinates":[-83.85,34.079]},"properties":{"source":"WU","station_id":"KGAHOSCH26","name":"","earliest_date":"2019-09-06","latest_date":"2026-10-08","total_days":2521,"total_observations":702961,"years_active":6.9,"days_since_update":2,"extinct":false}},{"type":"Feature","geometry":{"type":"Point","coordinates":[-83.855,34.077]},"properties":{"source":"WU","station_id":"KGAHOSCH92","name":"","earliest_date":"2024-07-28","latest_date":"2026-10-08","total_days":765,"total_observations":219426,"years_active":2.09,"days_since_update":2,"extinct":false}},{"type":"Feature","geometry":{"type":"Point","coordinates":[-83.852,34.08]},"properties":{"source":"WU","station_id":"KGAHOSCH79","name":"","earliest_date":"2023-12-25","latest_date":"2026-07-19","total_days":923,"total_observations":265001,"years_active":2.53,"days_since_update":83,"extinct":true}},{"type":"Feature","geometry":{"type":"Point","coordinates":[-83.867,34.056]},"properties":{"source":"WU","station_id":"KGAAUBUR21","name":"","earliest_date":"2025-09-06","latest_date":"2026-09-24","total_days":323,"total_observations":91960,"years_active":0.88,"days_since_update":16,"extinct":false}},{"type":"Feature","geometry":{"type":"Point","coordinates":[-83.868,34.055]},"properties":{"source":"WU","station_id":"KGAHOSCH103","name":"","earliest_date":"2025-10-27","latest_date":"2026-10-07","total_days":280,"total_observations":75595,"years_active":0.77,"days_since_update":3,"extinct":false}},{"type":"Feature","geometry":{"type":"Point","coordinates":[-83.865,34.042]},"properties":{"source":"WU","station_id":"KGAAUBUR35","name":"","earliest_date":"2024-11-23","latest_date":"2026-10-07","total_days":653,"total_observations":180403,"years_active":1.79,"days_since_update":3,"extinct":false}},{"type":"Feature","geometry":{"type":"Point","coordinates":[-83.883,34.082]},"properties":{"source":"WU","station_id":"KGABUFOR104","name":"","earliest_date":"2021-03-14","latest_date":"2026-10-06","total_days":1958,"total_observations":560175,"years_active":5.36,"days_since_update":4,"extinct":false}},{"type":"Feature","geometry":{"type":"Point","coordinates":[-83.90365,34.05421]},"properties":{"source":"WU","station_id":"KGADACUL71","name":"","earliest_date":"2024-12-30","latest_date":"2026-10-07","total_days":605,"total_observations":173215,"years_active":1.66,"days_since_update":3,"extinct":false}},{"type":"Feature","geometry":{"type":"Point","coordinates":[-83.888,34.082]},"properties":{"source":"WU","station_id":"KGABUFOR173","name":"","earliest_date":"2025-09-27","latest_date":"2026-10-08","total_days":349,"total_observations":100191,"years_active":0.96,"days_since_update":2,"extinct":false}},{"type":"Feature","geometry":{"type":"Point","coordinates":[-83.875,34.022]},"properties":{"source":"WU","station_id":"KGAAUBUR32","name":"","earliest_date":"2024-07-30","latest_date":"2026-10-08","total_days":643,"total_observations":184788,"years_active":1.76,"days_since_update":2,"extinct":false}},{"type":"Feature","geometry":{"type":"Point","coordinates":[-83.895,34.001]},"properties":{"source":"WU","station_id":"KGADACUL45","name":"","earliest_date":"2021-01-01","latest_date":"2026-10-08","total_days":2053,"total_observations":588070,"years_active":5.62,"days_since_update":2,"extinct":false}},{"type":"Feature","geometry":{"type":"Point","coordinates":[-83.906,34.046]},"properties":{"source":"WU","station_id":"KGADACUL57","name":"","earliest_date":"2022-09-17","latest_date":"2026-07-07","total_days":1367,"total_observations":392375,"years_active":3.74,"days_since_update":95,"extinct":true}},{"type":"Feature","geometry":{"type":"Point","coordinates":[-83.913,34.043]},"properties":{"source":"WU","station_id":"KGADACUL58","name":"","earliest_date":"2022-09-29","latest_date":"2026-10-07","total_days":1355,"total_observations":388989,"years_active":3.71,"days_since_update":3,"extinct":false}},{"type":"Feature","geometry":{"type":"Point","coordinates":[-83.87731,33.98216]},"properties":{"source":"WU","station_id":"KGADACUL26","name":"","earliest_date":"2018-03-12","latest_date":"2026-10-07","total_days":3052,"total_observations":828792,"years_active":8.36,"days_since_update":3,"extinct":false}},{"type":"Feature","geometry":{"type":"Point","coordinates":[-83.9055,34.0602]},"properties":{"source":"WU","station_id":"KGADACUL1","name":"","earliest_date":"2013-01-27","latest_date":"2026-10-07","total_days":4887,"total_observations":933453,"years_active":13.38,"days_since_update":3,"extinct":false}},{"type":"Feature","geometry":{"type":"Point","coordinates":[-84.655,33.843]},"properties":{"source":"WU","station_id":"KGAAUSTE21","name":"","earliest_date":"2025-10-27","latest_date":"2026-08-31","total_days":295,"total_observations":82260,"years_active":0.81,"days_since_update":40,"extinct":true}},{"type":"Feature","geometry":{"type":"Point","coordinates":[-84.65651,33.85336]},"properties":{"source":"WU","station_id":"KGAPOWDE103","name":"","earliest_date":"2024-08-08","latest_date":"2026-07-31","total_days":700,"total_observations":190228,"years_active":1.92,"days_since_update":71,"extinct":true}},{"type":"Feature","geometry":{"type":"Point","coordinates":[-84.651,33.831]},"properties":{"source":"WU","station_id":"KGACLARK101","name":"","earliest_date":"2025-06-30","latest_date":"2026-10-07","total_days":434,"total_observations":124178,"years_active":1.19,"days_since_update":3,"extinct":false}},{"type":"Feature","geometry":{"type":"Point","coordinates":[-84.648,33.862]},"properties":{"source":"WU","station_id":"KGAPOWDE52","name":"","earliest_date":"2025-01-25","latest_date":"2026-09-28","total_days":499,"total_observations":141440,"years_active":1.37,"days_since_update":12,"extinct":false}},{"type":"Feature","geometry":{"type":"Point","coordinates":[-84.654,33.874]},"properties":{"source":"WU","station_id":"KGAPOWDE106","name":"","earliest_date":"2024-10-06","latest_date":"2026-03-20","total_days":505,"total_observations":144461,"years_active":1.38,"days_since_update":204,"extinct":true}},{"type":"Feature","geometry":{"type":"Point","coordinates":[-84.66058,33.87386]},"properties":{"source":"WU","station_id":"KGAPOWDE10","name":"","earliest_date":"2025-03-20","latest_date":"2026-10-08","total_days":553,"total_observations":158155,"years_active":1.51,"days_since_update":2,"extinct":false}},{"type":"Feature","geometry":{"type":"Point","coordinates":[-84.685,33.82]},"properties":{"source":"WU","station_id":"KGAPOWDE59","name":"","earliest_date":"2024-01-21","latest_date":"2026-10-08","total_days":943,"total_observations":268687,"years_active":2.58,"days_since_update":2,"extinct":false}},{"type":"Feature","geometry":{"type":"Point","coordinates":[-84.672,33.885]},"properties":{"source":"WU","station_id":"KGAPOWDE38","name":"","earliest_date":"2019-10-08","latest_date":"2026-10-08","total_days":2509,"total_observations":239413,"years_active":6.87,"days_since_update":2,"extinct":false}},{"type":"Feature","geometry":{"type":"Point","coordinates":[-84.67291,33.89396]},"properties":{"source":"WU","station_id":"KGAPOWDE50","name":"","earliest_date":"2021-04-13","latest_date":"2026-10-08","total_days":1950,"total_observations":496345,"years_active":5.34,"days_since_update":2,"extinct":false}},{"type":"Feature","geometry":{"type":"Point","coordinates":[-84.626,33.891]},"properties":{"source":"WU","station_id":"KGAMARIE522","name":"","earliest_date":"2023-07-13","latest_date":"2026-10-08","total_days":1150,"total_observations":320258,"years_active":3.15,"days_since_update":2,"extinct":false}},{"type":"Feature","geometry":{"type":"Point","coordinates":[-84.44621,34.33674]},"properties":{"source":"WU","station_id":"KGABALLG101","name":"","earliest_date":"2024-04-10","latest_date":"2026-10-08","total_days":878,"total_observations":248189,"years_active":2.4,"days_since_update":2,"extinct":false}},{"type":"Feature","geometry":{"type":"Point","coordinates":[-84.44482,34.35926]},"properties":{"source":"WU","station_id":"KGABALLG105","name":"","earliest_date":"2024-07-09","latest_date":"2026-10-08","total_days":793,"total_observations":227489,"years_active":2.17,"days_since_update":2,"extinct":false}},{"type":"Feature","geometry":{"type":"Point","coordinates":[-84.44896,34.31311]},"properties":{"source":"WU","station_id":"KGABALLG22","name":"","earliest_date":"2018-06-29","latest_date":"2026-10-08","total_days":2831,"total_observations":685144,"years_active":7.75,"days_since_update":2,"extinct":false}},{"type":"Feature","geometry":{"type":"Point","coordinates":[-84.468,34.354]},"properties":{"source":"WU","station_id":"KGABALLG30","name":"","earliest_date":"2019-10-24","latest_date":"2026-10-07","total_days":2459,"total_observations":700340,"years_active":6.73,"days_since_update":3,"extinct":false}},{"type":"Feature","geometry":{"type":"Point","coordinates":[-84.46603,34.30827]},"properties":{"source":"WU","station_id":"KGACANTO271","name":"","earliest_date":"2021-12-30","latest_date":"2026-10-06","total_days":1696,"total_observations":464120,"years_active":4.64,"days_since_update":4,"extinct":false}},{"type":"Feature","geometry":{"type":"Point","coordinates":[-84.481,34.312]},"properties":{"source":"WU","station_id":"KGACANTO261","name":"","earliest_date":"2021-10-14","latest_date":"2026-10-08","total_days":1724,"total_observations":450392,"years_active":4.72,"days_since_update":2,"extinct":false}},{"type":"Feature","geometry":{"type":"Point","coordinates":[-84.48953,34.31435]},"properties":{"source":"WU","station_id":"KGACANTO308","name":"","earliest_date":"2022-07-04","latest_date":"2026-06-18","total_days":1407,"total_observations":394226,"years_active":3.85,"days_since_update":114,"extinct":true}},{"type":"Feature","geometry":{"type":"Point","coordinates":[-84.385,34.358]},"properties":{"source":"WU","station_id":"KGABALLG116","name":"","earliest_date":"2024-12-27","latest_date":"2026-10-08","total_days":601,"total_observations":171901,"years_active":1.65,"days_since_update":2,"extinct":false}},{"type":"Feature","geometry":{"type":"Point","coordinates":[-84.511,34.324]},"properties":{"source":"WU","station_id":"KGACANTO268","name":"","earliest_date":"2021-12-27","latest_date":"2026-10-07","total_days":1643,"total_observations":433750,"years_active":4.5,"days_since_update":3,"extinct":false}},{"type":"Feature","geometry":{"type":"Point","coordinates":[-84.37489,34.35418]},"properties":{"source":"WU","station_id":"KGABALLG19","name":"","earliest_date":"2017-05-20","latest_date":"2026-10-06","total_days":3257,"total_observations":780323,"years_active":8.92,"days_since_update":4,"extinct":false}},{"type":"Feature","geometry":{"type":"Point","coordinates":[-84.244,34.302]},"properties":{"source":"WU","station_id":"KGABALLG111","name":"","earliest_date":"2024-10-20","latest_date":"2026-10-08","total_days":675,"total_observations":192729,"years_active":1.85,"days_since_update":2,"extinct":false}},{"type":"Feature","geometry":{"type":"Point","coordinates":[-84.24,34.297]},"properties":{"source":"WU","station_id":"KGABALLG66","name":"","earliest_date":"2022-04-26","latest_date":"2026-10-08","total_days":1592,"total_observations":447439,"years_active":4.36,"days_since_update":2,"extinct":false}},{"type":"Feature","geometry":{"type":"Point","coordinates":[-84.248,34.292]},"properties":{"source":"WU","station_id":"KGACUMMI317","name":"","earliest_date":"2020-06-08","latest_date":"2026-10-07","total_days":2235,"total_observations":576068,"years_active":6.12,"days_since_update":3,"extinct":false}},{"type":"Feature","geometry":{"type":"Point","coordinates":[-84.22,34.297]},"properties":{"source":"WU","station_id":"KGACUMMI318","name":"","earliest_date":"2025-03-27","latest_date":"2026-10-07","total_days":518,"total_observations":148143,"years_active":1.42,"days_since_update":3,"extinct":false}},{"type":"Feature","geometry":{"type":"Point","coordinates":[-84.21238,34.30449]},"properties":{"source":"WU","station_id":"KGABALLG13","name":"","earliest_date":"2016-10-05","latest_date":"2026-10-08","total_days":3518,"total_observations":946981,"years_active":9.63,"days_since_update":2,"extinct":false}},{"type":"Feature","geometry":{"type":"Point","coordinates":[-84.199,34.307]},"properties":{"source":"WU","station_id":"KGACUMMI544","name":"","earliest_date":"2025-07-01","latest_date":"2026-07-12","total_days":208,"total_observations":58219,"years_active":0.57,"days_since_update":90,"extinct":false}},{"type":"Feature","geometry":{"type":"Point","coordinates":[-84.279,34.278]},"properties":{"source":"WU","station_id":"KGABALLG69","name":"","earliest_date":"2022-09-04","latest_date":"2026-10-06","total_days":1401,"total_observations":401954,"years_active":3.84,"days_since_update":4,"extinct":false}},{"type":"Feature","geometry":{"type":"Point","coordinates":[-84.19978,34.28868]},"properties":{"source":"WU","station_id":"KGACUMMI10","name":"","earliest_date":"2016-11-19","latest_date":"2026-10-08","total_days":3498,"total_observations":747883,"years_active":9.58,"days_since_update":2,"extinct":false}},{"type":"Feature","geometry":{"type":"Point","coordinates":[-84.255,34.263]},"properties":{"source":"WU","station_id":"KGACUMMI521","name":"","earliest_date":"2023-12-23","latest_date":"2026-10-07","total_days":954,"total_observations":271154,"years_active":2.61,"days_since_update":3,"extinct":false}},{"type":"Feature","geometry":{"type":"Point","coordinates":[-84.362,34.33]},"properties":{"source":"WU","station_id":"KGABALLG90","name":"","earliest_date":"2023-10-09","latest_date":"2026-10-07","total_days":932,"total_observations":266233,"years_active":2.55,"days_since_update":3,"extinct":false}},{"type":"Feature","geometry":{"type":"Point","coordinates":[-84.357,34.325]},"properties":{"source":"WU","station_id":"KGABALLG42","name":"","earliest_date":"2021-05-27","latest_date":"2026-10-08","total_days":1894,"total_observations":531028,"years_active":5.19,"days_since_update":2,"extinct":false}},{"type":"Feature","geometry":{"type":"Point","coordinates":[-84.327,34.324]},"properties":{"source":"WU","station_id":"KGABALLG118","name":"","earliest_date":"2025-02-03","latest_date":"2026-05-23","total_days":436,"total_observations":122820,"years_active":1.19,"days_since_update":140,"extinct":true}},{"type":"Feature","geometry":{"type":"Point","coordinates":[-84.3,34.355]},"properties":{"source":"WU","station_id":"KGABALLG84","name":"","earliest_date":"2026-03-31","latest_date":"2026-10-06","total_days":179,"total_observations":51528,"years_active":0.49,"days_since_update":4,"extinct":false}},{"type":"Feature","geometry":{"type":"Point","coordinates":[-84.28117,34.33857]},"properties":{"source":"WU","station_id":"KGABALLG89","name":"","earliest_date":"2025-09-03","latest_date":"2026-10-08","total_days":359,"total_observations":102864,"years_active":0.98,"days_since_update":2,"extinct":false}},{"type":"Feature","geometry":{"type":"Point","coordinates":[-84.338,34.265]},"properties":{"source":"WU","station_id":"KGACANTO438","name":"","earliest_date":"2024-11-16","latest_date":"2026-10-08","total_days":654,"total_observations":181228,"years_active":1.79,"days_since_update":2,"extinct":false}},{"type":"Feature","geometry":{"type":"Point","coordinates":[-84.346,34.265]},"properties":{"source":"WU","station_id":"KGABALLG88","name":"","earliest_date":"2023-06-29","latest_date":"2026-10-08","total_days":1162,"total_observations":326325,"years_active":3.18,"days_since_update":2,"extinct":false}},{"type":"Feature","geometry":{"type":"Point","coordinates":[-84.17825,34.30234]},"properties":{"source":"WU","station_id":"KGACUMMI562","name":"","earliest_date":"2025-07-07","latest_date":"2026-10-08","total_days":275,"total_observations":74631,"years_active":0.75,"days_since_update":2,"extinct":false}},{"type":"Feature","geometry":{"type":"Point","coordinates":[-84.20691,34.26597]},"properties":{"source":"WU","station_id":"KGACUMMI583","name":"","earliest_date":"2025-11-21","latest_date":"2026-03-05","total_days":101,"total_observations":28825,"years_active":0.28,"days_since_update":219,"extinct":true}},{"type":"Feature","geometry":{"type":"Point","coordinates":[-84.46629,34.28419]},"properties":{"source":"WU","station_id":"KGACANTO415","name":"","earliest_date":"2026-03-31","latest_date":"2026-10-08","total_days":185,"total_observations":53027,"years_active":0.51,"days_since_update":2,"extinct":false}},{"type":"Feature","geometry":{"type":"Point","coordinates":[-84.491,34.288]},"properties":{"source":"WU","station_id":"KGACANTO266","name":"","earliest_date":"2024-06-03","latest_date":"2026-10-08","total_days":806,"total_observations":229829,"years_active":2.21,"days_since_update":2,"extinct":false}},{"type":"Feature","geometry":{"type":"Point","coordinates":[-84.28253,34.26988]},"properties":{"source":"WU","station_id":"KGABALLG5","name":"","earliest_date":"2014-01-21","latest_date":"2026-10-07","total_days":4514,"total_observations":1081046,"years_active":12.36,"days_since_update":3,"extinct":false}},{"type":"Feature","geometry":{"type":"Point","coordinates":[-84.3,34.234]},"properties":{"source":"WU","station_id":"KGACANTO410","name":"","earliest_date":"2024-01-28","latest_date":"2026-10-07","total_days":943,"total_observations":261355,"years_active":2.58,"days_since_update":3,"extinct":false}},{"type":"Feature","geometry":{"type":"Point","coordinates":[-84.227,34.249]},"properties":{"source":"WU","station_id":"KGACUMMI415","name":"","earliest_date":"2022-01-01","latest_date":"2026-10-07","total_days":1687,"total_observations":451284,"years_active":4.62,"days_since_update":3,"extinct":false}},{"type":"Feature","geometry":{"type":"Point","coordinates":[-84.35,34.252]},"properties":{"source":"WU","station_id":"KGACANTO479","name":"","earliest_date":"2025-09-05","latest_date":"2026-10-08","total_days":368,"total_observations":99810,"years_active":1.01,"days_since_update":2,"extinct":false}},{"type":"Feature","geometry":{"type":"Point","coordinates":[-84.36,34.24]},"properties":{"source":"WU","station_id":"KGACANTO244","name":"","earliest_date":"2025-08-07","latest_date":"2026-10-08","total_days":282,"total_observations":69767,"years_active":0.77,"days_since_update":2,"extinct":false}},{"type":"Feature","geometry":{"type":"Point","coordinates":[-84.331,34.24]},"properties":{"source":"WU","station_id":"KGACANTO130","name":"","earliest_date":"2021-05-20","latest_date":"2022-11-25","total_days":541,"total_observations":150263,"years_active":1.48,"days_since_update":1415,"extinct":false}},{"type":"Feature","geometry":{"type":"Point","coordinates":[-84.379,34.256]},"properties":{"source":"WU","station_id":"KGACANTO452","name":"","earliest_date":"2025-02-25","latest_date":"2026-04-27","total_days":367,"total_observations":101018,"years_active":1.0,"days_since_update":166,"extinct":true}},{"type":"Feature","geometry":{"type":"Point","coordinates":[-84.38624,34.27326]},"properties":{"source":"WU","station_id":"KGACANTO446","name":"","earliest_date":"2025-05-07","latest_date":"2026-10-08","total_days":469,"total_observations":44016,"years_active":1.28,"days_since_update":2,"extinct":false}},{"type":"Feature","geometry":{"type":"Point","coordinates":[-84.34,34.226]},"properties":{"source":"WU","station_id":"KGACANTO457","name":"","earliest_date":"2025-03-30","latest_date":"2026-10-06","total_days":410,"total_observations":113483,"years_active":1.12,"days_since_update":4,"extinct":false}},{"type":"Feature","geometry":{"type":"Point","coordinates":[-84.34,34.224]},"properties":{"source":"WU","station_id":"KGACANTO463","name":"","earliest_date":"2025-05-28","latest_date":"2026-10-07","total_days":458,"total_observations":116955,"years_active":1.25,"days_since_update":3,"extinct":false}},{"type":"Feature","geometry":{"type":"Point","coordinates":[-84.396,34.258]},"properties":{"source":"WU","station_id":"KGACANTO395","name":"","earliest_date":"2023-11-28","latest_date":"2026-10-07","total_days":899,"total_observations":250162,"years_active":2.46,"days_since_update":3,"extinct":false}},{"type":"Feature","geometry":{"type":"Point","coordinates":[-84.184,33.986]},"properties":{"source":"WU","station_id":"KGABERKE8","name":"","earliest_date":"2024-07-07","latest_date":"2026-10-08","total_days":781,"total_observations":221472,"years_active":2.14,"days_since_update":2,"extinct":false}},{"type":"Feature","geometry":{"type":"Point","coordinates":[-84.17707,33.98946]},"properties":{"source":"WU","station_id":"KGABERKE5","name":"","earliest_date":"2022-04-25","latest_date":"2026-10-07","total_days":1593,"total_observations":453872,"years_active":4.36,"days_since_update":3,"extinct":false}},{"type":"Feature","geometry":{"type":"Point","coordinates":[-84.177,33.99]},"properties":{"source":"WU","station_id":"KGABERKE4","name":"","earliest_date":"2020-04-10","latest_date":"2026-10-07","total_days":2285,"total_observations":642553,"years_active":6.26,"days_since_update":3,"extinct":false}},{"type":"Feature","geometry":{"type":"Point","coordinates":[-84.19819,33.97242]},"properties":{"source":"WU","station_id":"KGAPEACH51","name":"","earliest_date":"2019-12-25","latest_date":"2026-10-07","total_days":2337,"total_observations":606069,"years_active":6.4,"days_since_update":3,"extinct":false}},{"type":"Feature","geometry":{"type":"Point","coordinates":[-84.203,33.975]},"properties":{"source":"WU","station_id":"KGAPEACH84","name":"","earliest_date":"2021-06-19","latest_date":"2026-10-07","total_days":1764,"total_observations":281009,"years_active":4.83,"days_since_update":3,"extinct":false}},{"type":"Feature","geometry":{"type":"Point","coordinates":[-84.161,33.969]},"properties":{"source":"WU","station_id":"KGADULUT93","name":"","earliest_date":"2022-08-14","latest_date":"2026-10-06","total_days":1349,"total_observations":386213,"years_active":3.69,"days_since_update":4,"extinct":false}},{"type":"Feature","geometry":{"type":"Point","coordinates":[-84.21347,33.97457]},"properties":{"source":"WU","station_id":"KGAPEACH133","name":"","earliest_date":"2024-03-12","latest_date":"2026-10-08","total_days":906,"total_observations":259909,"years_active":2.48,"days_since_update":2,"extinct":false}},{"type":"Feature","geometry":{"type":"Point","coordinates":[-84.216,33.991]},"properties":{"source":"WU","station_id":"KGAPEACH131","name":"","earliest_date":"2024-03-26","latest_date":"2026-10-08","total_days":889,"total_observations":245914,"years_active":2.43,"days_since_update":2,"extinct":false}},{"type":"Feature","geometry":{"type":"Point","coordinates":[-84.222,33.976]},"properties":{"source":"WU","station_id":"KGAPEACH111","name":"","earliest_date":"2025-12-01","latest_date":"2026-10-08","total_days":292,"total_observations":83544,"years_active":0.8,"days_since_update":2,"extinct":false}},{"type":"Feature","geometry":{"type":"Point","coordinates":[-83.822,34.119]},"properties":{"source":"WU","station_id":"KGABRASE30","name":"","earliest_date":"2021-12-25","latest_date":"2025-06-29","total_days":1274,"total_observations":362672,"years_active":3.49,"days_since_update":468,"extinct":false}},{"type":"Feature","geometry":{"type":"Point","coordinates":[-84.45226,33.2886]},"properties":{"source":"WU","station_id":"KGABROOK1","name":"","earliest_date":"2012-01-01","latest_date":"2026-10-08","total_days":5181,"total_observations":1441556,"years_active":14.18,"days_since_update":2,"extinct":false}},{"type":"Feature","geometry":{"type":"Point","coordinates":[-84.483,33.289]},"properties":{"source":"WU","station_id":"KGABROOK22","name":"","earliest_date":"2019-07-14","latest_date":"2026-10-07","total_days":2389,"total_observations":660425,"years_active":6.54,"days_since_update":3,"extinct":false}},{"type":"Feature","geometry":{"type":"Point","coordinates":[-84.486,33.263]},"properties":{"source":"WU","station_id":"KGABROOK35","name":"","earliest_date":"2024-05-27","latest_date":"2026-10-08","total_days":797,"total_observations":227652,"years_active":2.18,"days_since_update":2,"extinct":false}},{"type":"Feature","geometry":{"type":"Point","coordinates":[-84.4887,33.26289]},"properties":{"source":"WU","station_id":"KGABROOK62","name":"","earliest_date":"2024-01-02","latest_date":"2026-10-08","total_days":923,"total_observations":263620,"years_active":2.53,"days_since_update":2,"extinct":false}},{"type":"Feature","geometry":{"type":"Point","coordinates":[-84.45547,33.3316]},"properties":{"source":"WU","station_id":"KGAFAYET120","name":"","earliest_date":"2023-06-29","latest_date":"2026-10-07","total_days":1158,"total_observations":331704,"years_active":3.17,"days_since_update":3,"extinct":false}},{"type":"Feature","geometry":{"type":"Point","coordinates":[-83.895,34.102]},"properties":{"source":"WU","station_id":"KGABUFOR102","name":"","earliest_date":"2021-02-18","latest_date":"2026-10-08","total_days":1974,"total_observations":557824,"years_active":5.4,"days_since_update":2,"extinct":false}},{"type":"Feature","geometry":{"type":"Point","coordinates":[-83.89,34.106]},"properties":{"source":"WU","station_id":"KGABUFOR153","name":"","earliest_date":"2024-06-07","latest_date":"2026-10-07","total_days":771,"total_observations":220321,"years_active":2.11,"days_since_update":3,"extinct":false}},{"type":"Feature","geometry":{"type":"Point","coordinates":[-83.92431,34.08551]},"properties":{"source":"WU","station_id":"KGABUFOR97","name":"","earliest_date":"2020-11-10","latest_date":"2026-08-20","total_days":1819,"total_observations":448065,"years_active":4.98,"days_since_update":51,"extinct":false}},{"type":"Feature","geometry":{"type":"Point","coordinates":[-83.931,34.095]},"properties":{"source":"WU","station_id":"KGABUFOR111","name":"","earliest_date":"2021-06-29","latest_date":"2026-08-04","total_days":1801,"total_observations":504686,"years_active":4.93,"days_since_update":67,"extinct":true}},{"type":"Feature","geometry":{"type":"Point","coordinates":[-84.018,34.079]},"properties":{"source":"WU","station_id":"KGABUFOR107","name":"","earliest_date":"2021-06-02","latest_date":"2026-10-08","total_days":1874,"total_observations":535266,"years_active":5.13,"days_since_update":2,"extinct":false}},{"type":"Feature","geometry":{"type":"Point","coordinates":[-84.01371,34.0891]},"properties":{"source":"WU","station_id":"KGABUFOR105","name":"","earliest_date":"2023-04-18","latest_date":"2026-10-08","total_days":1177,"total_observations":331992,"years_active":3.22,"days_since_update":2,"extinct":false}},{"type":"Feature","geometry":{"type":"Point","coordinates":[-84.036,34.078]},"properties":{"source":"WU","station_id":"KGASUWAN156","name":"","earliest_date":"2025-02-22","latest_date":"2026-10-08","total_days":543,"total_observations":153955,"years_active":1.49,"days_since_update":2,"extinct":false}},{"type":"Feature","geometry":{"type":"Point","coordinates":[-84.018,34.095]},"properties":{"source":"WU","station_id":"KGASUGAR53","name":"","earliest_date":"2026-03-31","latest_date":"2026-10-07","total_days":175,"total_observations":49474,"years_active":0.48,"days_since_update":3,"extinct":false}},{"type":"Feature","geometry":{"type":"Point","coordinates":[-84.019,34.062]},"properties":{"source":"WU","station_id":"KGASUWAN80","name":"","earliest_date":"2019-08-15","latest_date":"2026-10-08","total_days":2438,"total_observations":696574,"years_active":6.67,"days_since_update":2,"extinct":false}},{"type":"Feature","geometry":{"type":"Point","coordinates":[-84.043,34.077]},"properties":{"source":"WU","station_id":"KGASUWAN103","name":"","earliest_date":"2025-10-19","latest_date":"2026-10-07","total_days":322,"total_observations":91836,"years_active":0.88,"days_since_update":3,"extinct":false}},{"type":"Feature","geometry":{"type":"Point","coordinates":[-84.026,34.099]},"properties":{"source":"WU","station_id":"KGASUGAR45","name":"","earliest_date":"2026-10-03","latest_date":"2026-10-07","total_days":4,"total_observations":935,"years_active":0.01,"days_since_update":3,"extinct":false}},{"type":"Feature","geometry":{"type":"Point","coordinates":[-84.0302,34.10074]},"properties":{"source":"WU","station_id":"KGABUFOR62","name":"","earliest_date":"2018-11-14","latest_date":"2026-10-07","total_days":2793,"total_observations":781086,"years_active":7.65,"days_since_update":3,"extinct":false}},{"type":"Feature","geometry":{"type":"Point","coordinates":[-83.993,34.104]},"properties":{"source":"WU","station_id":"KGABUFOR143","name":"","earliest_date":"2025-03-18","latest_date":"2026-05-20","total_days":399,"total_observations":84185,"years_active":1.09,"days_since_update":143,"extinct":true}},{"type":"Feature","geometry":{"type":"Point","coordinates":[-84.049,34.099]},"properties":{"source":"WU","station_id":"KGASUGAR42","name":"","earliest_date":"2024-01-25","latest_date":"2026-10-08","total_days":954,"total_observations":266834,"years_active":2.61,"days_since_update":2,"extinct":false}},{"type":"Feature","geometry":{"type":"Point","coordinates":[-84.046,34.161]},"properties":{"source":"WU","station_id":"KGABUFOR116","name":"","earliest_date":"2025-02-05","latest_date":"2026-07-04","total_days":497,"total_observations":141477,"years_active":1.36,"days_since_update":98,"extinct":true}},{"type":"Feature","geometry":{"type":"Point","coordinates":[-84.037,34.156]},"properties":{"source":"WU","station_id":"KGABUFOR99","name":"","earliest_date":"2022-10-10","latest_date":"2026-10-07","total_days":1389,"total_observations":398178,"years_active":3.8,"days_since_update":3,"extinct":false}},{"type":"Feature","geometry":{"type":"Point","coordinates":[-84.046,34.14]},"properties":{"source":"WU","station_id":"KGABUFOR80","name":"","earliest_date":"2019-06-27","latest_date":"2026-10-08","total_days":2585,"total_observations":739907,"years_active":7.08,"days_since_update":2,"extinct":false}},{"type":"Feature","geometry":{"type":"Point","coordinates":[-84.063,34.138]},"properties":{"source":"WU","station_id":"KGASUGAR14","name":"","earliest_date":"2019-09-16","latest_date":"2026-10-08","total_days":2491,"total_observations":685903,"years_active":6.82,"days_since_update":2,"extinct":false}},{"type":"Feature","geometry":{"type":"Point","coordinates":[-84.069,34.141]},"properties":{"source":"WU","station_id":"KGASUGAR54","name":"","earliest_date":"2025-07-15","latest_date":"2026-10-07","total_days":411,"total_observations":117865,"years_active":1.13,"days_since_update":3,"extinct":false}},{"type":"Feature","geometry":{"type":"Point","coordinates":[-84.08,34.167]},"properties":{"source":"WU","station_id":"KGACUMMI487","name":"","earliest_date":"2023-01-16","latest_date":"2026-03-27","total_days":1121,"total_observations":321191,"years_active":3.07,"days_since_update":197,"extinct":true}},{"type":"Feature","geometry":{"type":"Point","coordinates":[-84.017,34.14]},"properties":{"source":"WU","station_id":"KGABUFOR75","name":"","earliest_date":"2019-05-13","latest_date":"2026-10-07","total_days":2363,"total_observations":671544,"years_active":6.47,"days_since_update":3,"extinct":false}},{"type":"Feature","geometry":{"type":"Point","coordinates":[-84.08538,34.15622]},"properties":{"source":"WU","station_id":"KGACUMMI102","name":"","earliest_date":"2016-01-02","latest_date":"2026-10-07","total_days":3805,"total_observations":1054359,"years_active":10.42,"days_since_update":3,"extinct":false}},{"type":"Feature","geometry":{"type":"Point","coordinates":[-83.941,34.068]},"properties":{"source":"WU","station_id":"KGABUFOR118","name":"","earliest_date":"2024-09-27","latest_date":"2026-10-08","total_days":695,"total_observations":195197,"years_active":1.9,"days_since_update":2,"extinct":false}},{"type":"Feature","geometry":{"type":"Point","coordinates":[-83.954,34.059]},"properties":{"source":"WU","station_id":"KGABUFOR129","name":"","earliest_date":"2022-08-25","latest_date":"2026-09-11","total_days":1397,"total_observations":392140,"years_active":3.82,"days_since_update":29,"extinct":false}},{"type":"Feature","geometry":{"type":"Point","coordinates":[-83.944,34.054]},"properties":{"source":"WU","station_id":"KGABUFOR159","name":"","earliest_date":"2024-10-14","latest_date":"2026-10-08","total_days":683,"total_observations":182105,"years_active":1.87,"days_since_update":2,"extinct":false}},{"type":"Feature","geometry":{"type":"Point","coordinates":[-83.95387,34.05626]},"properties":{"source":"WU","station_id":"KGABUFOR89","name":"","earliest_date":"2020-04-11","latest_date":"2026-10-08","total_days":2312,"total_observations":656572,"years_active":6.33,"days_since_update":2,"extinct":false}},{"type":"Feature","geometry":{"type":"Point","coordinates":[-83.941,34.052]},"properties":{"source":"WU","station_id":"KGABUFOR160","name":"","earliest_date":"2025-07-31","latest_date":"2026-10-07","total_days":407,"total_observations":116599,"years_active":1.11,"days_since_update":3,"extinct":false}},{"type":"Feature","geometry":{"type":"Point","coordinates":[-83.915,34.071]},"properties":{"source":"WU","station_id":"KGADACUL59","name":"","earliest_date":"2025-10-04","latest_date":"2026-10-06","total_days":341,"total_observations":93965,"years_active":0.93,"days_since_update":4,"extinct":false}},{"type":"Feature","geometry":{"type":"Point","coordinates":[-83.92,34.053]},"properties":{"source":"WU","station_id":"KGADACUL63","name":"","earliest_date":"2023-01-26","latest_date":"2026-10-07","total_days":1316,"total_observations":377070,"years_active":3.6,"days_since_update":3,"extinct":false}},{"type":"Feature","geometry":{"type":"Point","coordinates":[-83.917,34.056]},"properties":{"source":"WU","station_id":"KGADACUL72","name":"","earliest_date":"2025-06-23","latest_date":"2026-01-30","total_days":210,"total_observations":60364,"years_active":0.57,"days_since_update":253,"extinct":true}},{"type":"Feature","geometry":{"type":"Point","coordinates":[-83.96705,34.08175]},"properties":{"source":"WU","station_id":"KGABUFOR157","name":"","earliest_date":"2024-09-26","latest_date":"2026-10-08","total_days":707,"total_observations":202916,"years_active":1.94,"days_since_update":2,"extinct":false}},{"type":"Feature","geometry":{"type":"Point","coordinates":[-83.96116,34.04476]},"properties":{"source":"WU","station_id":"KGABUFOR139","name":"","earliest_date":"2024-10-06","latest_date":"2026-10-07","total_days":699,"total_observations":199911,"years_active":1.91,"days_since_update":3,"extinct":false}},{"type":"Feature","geometry":{"type":"Point","coordinates":[-83.958,34.032]},"properties":{"source":"WU","station_id":"KGALAWRE284","name":"","earliest_date":"2025-05-10","latest_date":"2026-03-22","total_days":295,"total_observations":83566,"years_active":0.81,"days_since_update":202,"extinct":true}},{"type":"Feature","geometry":{"type":"Point","coordinates":[-83.966,34.085]},"properties":{"source":"WU","station_id":"KGABUFOR170","name":"","earliest_date":"2025-07-03","latest_date":"2026-06-20","total_days":340,"total_observations":97057,"years_active":0.93,"days_since_update":112,"extinct":true}},{"type":"Feature","geometry":{"type":"Point","coordinates":[-83.942,34.107]},"properties":{"source":"WU","station_id":"KGABUFOR131","name":"","earliest_date":"2022-12-31","latest_date":"2026-06-20","total_days":1243,"total_observations":348154,"years_active":3.4,"days_since_update":112,"extinct":true}},{"type":"Feature","geometry":{"type":"Point","coordinates":[-83.944,34.11]},"properties":{"source":"WU","station_id":"KGABUFOR132","name":"","earliest_date":"2023-01-03","latest_date":"2026-10-08","total_days":1314,"total_observations":342667,"years_active":3.6,"days_since_update":2,"extinct":false}},{"type":"Feature","geometry":{"type":"Point","coordinates":[-83.944,34.114]},"properties":{"source":"WU","station_id":"KGABUFOR171","name":"","earliest_date":"2025-07-13","latest_date":"2026-10-07","total_days":411,"total_observations":117345,"years_active":1.13,"days_since_update":3,"extinct":false}},{"type":"Feature","geometry":{"type":"Point","coordinates":[-83.95183,34.11122]},"properties":{"source":"WU","station_id":"KGABUFOR134","name":"","earliest_date":"2023-04-26","latest_date":"2026-10-07","total_days":1173,"total_observations":331994,"years_active":3.21,"days_since_update":3,"extinct":false}},{"type":"Feature","geometry":{"type":"Point","coordinates":[-83.936,34.097]},"properties":{"source":"WU","station_id":"KGABUFOR162","name":"","earliest_date":"2024-11-20","latest_date":"2026-10-07","total_days":639,"total_observations":182534,"years_active":1.75,"days_since_update":3,"extinct":false}},{"type":"Feature","geometry":{"type":"Point","coordinates":[-83.94872,34.09524]},"properties":{"source":"WU","station_id":"KGABUFOR55","name":"","earliest_date":"2018-04-19","latest_date":"2026-05-07","total_days":2866,"total_observations":815813,"years_active":7.85,"days_since_update":156,"extinct":true}},{"type":"Feature","geometry":{"type":"Point","coordinates":[-83.964,34.026]},"properties":{"source":"WU","station_id":"KGALAWRE237","name":"","earliest_date":"2025-02-17","latest_date":"2026-10-08","total_days":567,"total_observations":162621,"years_active":1.55,"days_since_update":2,"extinct":false}},{"type":"Feature","geometry":{"type":"Point","coordinates":[-83.98523,34.04056]},"properties":{"source":"WU","station_id":"KGABUFOR161","name":"","earliest_date":"2024-11-20","latest_date":"2026-10-07","total_days":639,"total_observations":177585,"years_active":1.75,"days_since_update":3,"extinct":false}},{"type":"Feature","geometry":{"type":"Point","coordinates":[-83.96631,34.01979]},"properties":{"source":"WU","station_id":"KGALAWRE275","name":"","earliest_date":"2024-12-25","latest_date":"2026-10-08","total_days":609,"total_observations":169151,"years_active":1.67,"days_since_update":2,"extinct":false}},{"type":"Feature","geometry":{"type":"Point","coordinates":[-84.081,34.18]},"properties":{"source":"WU","station_id":"KGACUMMI542","name":"","earliest_date":"2024-01-06","latest_date":"2025-08-04","total_days":575,"total_observations":164179,"years_active":1.57,"days_since_update":432,"extinct":true}},{"type":"Feature","geometry":{"type":"Point","coordinates":[-84.09738,34.16947]},"properties":{"source":"WU","station_id":"KGACUMMI349","name":"","earliest_date":"2020-12-04","latest_date":"2026-07-07","total_days":1988,"total_observations":566885,"years_active":5.44,"days_since_update":95,"extinct":true}},{"type":"Feature","geometry":{"type":"Point","coordinates":[-83.987,34.104]},"properties":{"source":"WU","station_id":"KGABUFOR165","name":"","earliest_date":"2025-03-23","latest_date":"2026-10-06","total_days":463,"total_observations":131447,"years_active":1.27,"days_since_update":4,"extinct":false}},{"type":"Feature","geometry":{"type":"Point","coordinates":[-83.99152,34.12945]},"properties":{"source":"WU","station_id":"KGASAGEF2","name":"","earliest_date":"2017-01-10","latest_date":"2026-10-08","total_days":3469,"total_observations":812346,"years_active":9.5,"days_since_update":2,"extinct":false}},{"type":"Feature","geometry":{"type":"Point","coordinates":[-83.997,34.048]},"properties":{"source":"WU","station_id":"KGABUFOR150","name":"","earliest_date":"2024-04-18","latest_date":"2026-10-07","total_days":862,"total_observations":247045,"years_active":2.36,"days_since_update":3,"extinct":false}},{"type":"Feature","geometry":{"type":"Point","coordinates":[-84.01619,34.04279]},"properties":{"source":"WU","station_id":"KGALAWRE102","name":"","earliest_date":"2022-12-17","latest_date":"2024-09-28","total_days":621,"total_observations":172519,"years_active":1.7,"days_since_update":742,"extinct":false}},{"type":"Feature","geometry":{"type":"Point","coordinates":[-84.01,34.032]},"properties":{"source":"WU","station_id":"KGALAWRE199","name":"","earliest_date":"2022-02-27","latest_date":"2026-10-08","total_days":1651,"total_observations":473222,"years_active":4.52,"days_since_update":2,"extinct":false}},{"type":"Feature","geometry":{"type":"Point","coordinates":[-84.02,34.031]},"properties":{"source":"WU","station_id":"KGALAWRE224","name":"","earliest_date":"2023-01-03","latest_date":"2026-10-07","total_days":1317,"total_observations":376663,"years_active":3.61,"days_since_update":3,"extinct":false}},{"type":"Feature","geometry":{"type":"Point","coordinates":[-84.007,34.023]},"properties":{"source":"WU","station_id":"KGALAWRE227","name":"","earliest_date":"2023-02-14","latest_date":"2026-03-01","total_days":1088,"total_observations":311432,"years_active":2.98,"days_since_update":223,"extinct":true}},{"type":"Feature","geometry":{"type":"Point","coordinates":[-84.02171,34.02332]},"properties":{"source":"WU","station_id":"KGAWHITL2","name":"","earliest_date":"2023-10-03","latest_date":"2026-10-08","total_days":1064,"total_observations":254522,"years_active":2.91,"days_since_update":2,"extinct":false}},{"type":"Feature","geometry":{"type":"Point","coordinates":[-83.918,34.048]},"properties":{"source":"WU","station_id":"KGADACUL67","name":"","earliest_date":"2024-01-24","latest_date":"2026-10-08","total_days":942,"total_observations":269629,"years_active":2.58,"days_since_update":2,"extinct":false}},{"type":"Feature","geometry":{"type":"Point","coordinates":[-84.032,34.114]},"properties":{"source":"WU","station_id":"KGASUGAR51","name":"","earliest_date":"2024-10-27","latest_date":"2026-10-06","total_days":667,"total_observations":189175,"years_active":1.83,"days_since_update":4,"extinct":false}},{"type":"Feature","geometry":{"type":"Point","coordinates":[-84.056,34.095]},"properties":{"source":"WU","station_id":"KGASUGAR55","name":"","earliest_date":"2025-07-01","latest_date":"2026-10-05","total_days":431,"total_observations":123794,"years_active":1.18,"days_since_update":5,"extinct":false}},{"type":"Feature","geometry":{"type":"Point","coordinates":[-84.057,34.093]},"properties":{"source":"WU","station_id":"KGASUGAR44","name":"","earliest_date":"2024-03-15","latest_date":"2026-10-07","total_days":898,"total_observations":251002,"years_active":2.46,"days_since_update":3,"extinct":false}},{"type":"Feature","geometry":{"type":"Point","coordinates":[-84.048,34.125]},"properties":{"source":"WU","station_id":"KGASUGAR18","name":"","earliest_date":"2021-10-29","latest_date":"2026-10-08","total_days":1770,"total_observations":498711,"years_active":4.85,"days_since_update":2,"extinct":false}},{"type":"Feature","geometry":{"type":"Point","coordinates":[-84.055,34.123]},"properties":{"source":"WU","station_id":"KGASUGAR34","name":"","earliest_date":"2025-04-25","latest_date":"2026-10-06","total_days":497,"total_observations":142620,"years_active":1.36,"days_since_update":4,"extinct":false}},{"type":"Feature","geometry":{"type":"Point","coordinates":[-84.05645,34.11784]},"properties":{"source":"WU","station_id":"KGASUGAR33","name":"","earliest_date":"2023-07-28","latest_date":"2026-10-07","total_days":1133,"total_observations":321664,"years_active":3.1,"days_since_update":3,"extinct":false}},{"type":"Feature","geometry":{"type":"Point","coordinates":[-84.337,34.219]},"properties":{"source":"WU","station_id":"KGACANTO310","name":"","earliest_date":"2023-08-13","latest_date":"2026-10-08","total_days":1119,"total_observations":320384,"years_active":3.06,"days_since_update":2,"extinct":false}},{"type":"Feature","geometry":{"type":"Point","coordinates":[-84.36,34.223]},"properties":{"source":"WU","station_id":"KGACANTO273","name":"","earliest_date":"2024-03-24","latest_date":"2026-10-08","total_days":889,"total_observations":247428,"years_active":2.43,"days_since_update":2,"extinct":false}},{"type":"Feature","geometry":{"type":"Point","coordinates":[-84.5397,34.16161]},"properties":{"source":"WU","station_id":"KGACANTO136","name":"","earliest_date":"2020-05-10","latest_date":"2026-10-07","total_days":2232,"total_observations":626776,"years_active":6.11,"days_since_update":3,"extinct":false}},{"type":"Feature","geometry":{"type":"Point","coordinates":[-84.541,34.173]},"properties":{"source":"WU","station_id":"KGACANTO169","name":"","earliest_date":"2020-05-29","latest_date":"2026-10-08","total_days":2273,"total_observations":648677,"years_active":6.22,"days_since_update":2,"extinct":false}},{"type":"Feature","geometry":{"type":"Point","coordinates":[-84.518,34.157]},"properties":{"source":"WU","station_id":"KGACANTO408","name":"","earliest_date":"2024-01-23","latest_date":"2026-10-07","total_days":936,"total_observations":266877,"years_active":2.56,"days_since_update":3,"extinct":false}},{"type":"Feature","geometry":{"type":"Point","coordinates":[-84.518,34.155]},"properties":{"source":"WU","station_id":"KGACANTO456","name":"","earliest_date":"2025-03-22","latest_date":"2026-10-08","total_days":540,"total_observations":154183,"years_active":1.48,"days_since_update":2,"extinct":false}},{"type":"Feature","geometry":{"type":"Point","coordinates":[-84.541,34.182]},"properties":{"source":"WU","station_id":"KGACANTO475","name":"","earliest_date":"2025-08-01","latest_date":"2026-10-07","total_days":400,"total_observations":114001,"years_active":1.1,"days_since_update":3,"extinct":false}},{"type":"Feature","geometry":{"type":"Point","coordinates":[-84.526,34.144]},"properties":{"source":"WU","station_id":"KGACANTO181","name":"","earliest_date":"2024-09-26","latest_date":"2026-10-07","total_days":697,"total_observations":186575,"years_active":1.91,"days_since_update":3,"extinct":false}},{"type":"Feature","geometry":{"type":"Point","coordinates":[-84.556,34.144]},"properties":{"source":"WU","station_id":"KGAWOODS253","name":"","earliest_date":"2024-01-17","latest_date":"2026-10-07","total_days":942,"total_observations":268203,"years_active":2.58,"days_since_update":3,"extinct":false}},{"type":"Feature","geometry":{"type":"Point","coordinates":[-84.516,34.174]},"properties":{"source":"WU","station_id":"KGACANTO394","name":"","earliest_date":"2023-11-26","latest_date":"2025-07-31","total_days":613,"total_observations":176270,"years_active":1.68,"days_since_update":436,"extinct":true}},{"type":"Feature","geometry":{"type":"Point","coordinates":[-84.522,34.183]},"properties":{"source":"WU","station_id":"KGACANTO465","name":"","earliest_date":"2025-06-27","latest_date":"2026-10-07","total_days":360,"total_observations":100841,"years_active":0.99,"days_since_update":3,"extinct":false}},{"type":"Feature","geometry":{"type":"Point","coordinates":[-84.54397,34.18889]},"properties":{"source":"WU","station_id":"KGACANTO27","name":"","earliest_date":"2015-04-04","latest_date":"2026-10-08","total_days":4065,"total_observations":1127892,"years_active":11.13,"days_since_update":2,"extinct":false}},{"type":"Feature","geometry":{"type":"Point","coordinates":[-84.547,34.19]},"properties":{"source":"WU","station_id":"KGACANTO429","name":"","earliest_date":"2024-07-18","latest_date":"2026-10-08","total_days":762,"total_observations":211108,"years_active":2.09,"days_since_update":2,"extinct":false}},{"type":"Feature","geometry":{"type":"Point","coordinates":[-84.563,34.18]},"properties":{"source":"WU","station_id":"KGACANTO202","name":"","earliest_date":"2020-12-25","latest_date":"2026-10-08","total_days":2031,"total_observations":578265,"years_active":5.56,"days_since_update":2,"extinct":false}},{"type":"Feature","geometry":{"type":"Point","coordinates":[-84.539,34.197]},"properties":{"source":"WU","station_id":"KGACANTO214","name":"","earliest_date":"2021-01-16","latest_date":"2026-10-08","total_days":2026,"total_observations":579759,"years_active":5.55,"days_since_update":2,"extinct":false}},{"type":"Feature","geometry":{"type":"Point","coordinates":[-84.501,34.148]},"properties":{"source":"WU","station_id":"KGAWOODS287","name":"","earliest_date":"2024-12-30","latest_date":"2026-10-07","total_days":600,"total_observations":162939,"years_active":1.64,"days_since_update":3,"extinct":false}},{"type":"Feature","geometry":{"type":"Point","coordinates":[-84.55167,34.13169]},"properties":{"source":"WU","station_id":"KGAWOODS45","name":"","earliest_date":"2020-12-16","latest_date":"2026-06-03","total_days":1888,"total_observations":525285,"years_active":5.17,"days_since_update":129,"extinct":true}},{"type":"Feature","geometry":{"type":"Point","coordinates":[-84.547,34.126]},"properties":{"source":"WU","station_id":"KGAWOODS247","name":"","earliest_date":"2025-04-10","latest_date":"2026-10-06","total_days":511,"total_observations":139145,"years_active":1.4,"days_since_update":4,"extinct":false}},{"type":"Feature","geometry":{"type":"Point","coordinates":[-84.551,34.127]},"properties":{"source":"WU","station_id":"KGAWOODS259","name":"","earliest_date":"2025-06-07","latest_date":"2026-09-30","total_days":436,"total_observations":124632,"years_active":1.19,"days_since_update":10,"extinct":false}},{"type":"Feature","geometry":{"type":"Point","coordinates":[-84.55857,34.13974]},"properties":{"source":"WU","station_id":"KGAWOODS145","name":"","earliest_date":"2020-12-26","latest_date":"2026-10-08","total_days":1992,"total_observations":569924,"years_active":5.45,"days_since_update":2,"extinct":false}},{"type":"Feature","geometry":{"type":"Point","coordinates":[-84.576,34.171]},"properties":{"source":"WU","station_id":"KGACANTO376","name":"","earliest_date":"2023-05-26","latest_date":"2025-07-30","total_days":783,"total_observations":161215,"years_active":2.14,"days_since_update":437,"extinct":true}},{"type":"Feature","geometry":{"type":"Point","coordinates":[-84.547,34.198]},"properties":{"source":"WU","station_id":"KGACANTO272","name":"","earliest_date":"2022-01-01","latest_date":"2026-10-06","total_days":1690,"total_observations":483398,"years_active":4.63,"days_since_update":4,"extinct":false}},{"type":"Feature","geometry":{"type":"Point","coordinates":[-84.52222,34.3051]},"properties":{"source":"WU","station_id":"KGACANTO224","name":"","earliest_date":"2021-03-11","latest_date":"2026-08-01","total_days":1925,"total_observations":548060,"years_active":5.27,"days_since_update":70,"extinct":true}},{"type":"Feature","geometry":{"type":"Point","coordinates":[-84.55106,34.298]},"properties":{"source":"WU","station_id":"KGAWALES8","name":"","earliest_date":"2015-12-23","latest_date":"2026-05-26","total_days":3739,"total_observations":1053003,"years_active":10.24,"days_since_update":137,"extinct":true}},{"type":"Feature","geometry":{"type":"Point","coordinates":[-84.514,34.267]},"properties":{"source":"WU","station_id":"KGACANTO237","name":"","earliest_date":"2024-09-12","latest_date":"2026-10-07","total_days":698,"total_observations":198267,"years_active":1.91,"days_since_update":3,"extinct":false}},{"type":"Feature","geometry":{"type":"Point","coordinates":[-84.539,34.341]},"properties":{"source":"WU","station_id":"KGAWALES34","name":"","earliest_date":"2022-04-04","latest_date":"2026-10-07","total_days":1452,"total_observations":386590,"years_active":3.98,"days_since_update":3,"extinct":false}},{"type":"Feature","geometry":{"type":"Point","coordinates":[-84.522,34.266]},"properties":{"source":"WU","station_id":"KGACANTO471","name":"","earliest_date":"2025-07-19","latest_date":"2026-10-08","total_days":414,"total_observations":118502,"years_active":1.13,"days_since_update":2,"extinct":false}},{"type":"Feature","geometry":{"type":"Point","coordinates":[-84.569,34.29]},"properties":{"source":"WU","station_id":"KGAWALES29","name":"","earliest_date":"2022-10-10","latest_date":"2026-07-20","total_days":1352,"total_observations":385427,"years_active":3.7,"days_since_update":82,"extinct":true}},{"type":"Feature","geometry":{"type":"Point","coordinates":[-84.371,34.222]},"properties":{"source":"WU","station_id":"KGACANTO228","name":"","earliest_date":"2023-02-21","latest_date":"2026-10-06","total_days":1277,"total_observations":365577,"years_active":3.5,"days_since_update":4,"extinct":false}},{"type":"Feature","geometry":{"type":"Point","coordinates":[-84.405,34.221]},"properties":{"source":"WU","station_id":"KGACANTO382","name":"","earliest_date":"2023-08-02","latest_date":"2026-10-08","total_days":1050,"total_observations":272168,"years_active":2.87,"days_since_update":2,"extinct":false}},{"type":"Feature","geometry":{"type":"Point","coordinates":[-84.483,34.276]},"properties":{"source":"WU","station_id":"KGACANTO434","name":"","earliest_date":"2024-08-29","latest_date":"2026-03-31","total_days":553,"total_observations":151379,"years_active":1.51,"days_since_update":193,"extinct":true}},{"type":"Feature","geometry":{"type":"Point","coordinates":[-84.388,34.197]},"properties":{"source":"WU","station_id":"KGACANTO263","name":"","earliest_date":"2021-11-18","latest_date":"2026-10-08","total_days":1744,"total_observations":458717,"years_active":4.77,"days_since_update":2,"extinct":false}},{"type":"Feature","geometry":{"type":"Point","coordinates":[-84.389,34.189]},"properties":{"source":"WU","station_id":"KGACANTO459","name":"","earliest_date":"2025-05-02","latest_date":"2026-03-21","total_days":309,"total_observations":88475,"years_active":0.85,"days_since_update":203,"extinct":true}},{"type":"Feature","geometry":{"type":"Point","coordinates":[-84.398,34.195]},"properties":{"source":"WU","station_id":"KGACANTO461","name":"","earliest_date":"2025-05-08","latest_date":"2026-07-23","total_days":424,"total_observations":120409,"years_active":1.16,"days_since_update":79,"extinct":true}},{"type":"Feature","geometry":{"type":"Point","coordinates":[-84.388,34.181]},"properties":{"source":"WU","station_id":"KGACANTO405","name":"","earliest_date":"2024-01-14","latest_date":"2026-10-07","total_days":959,"total_observations":267407,"years_active":2.63,"days_since_update":3,"extinct":false}},{"type":"Feature","geometry":{"type":"Point","coordinates":[-84.395,34.182]},"properties":{"source":"WU","station_id":"KGACANTO274","name":"","earliest_date":"2022-01-01","latest_date":"2026-10-08","total_days":1694,"total_observations":479085,"years_active":4.64,"days_since_update":2,"extinct":false}},{"type":"Feature","geometry":{"type":"Point","coordinates":[-84.418,34.182]},"properties":{"source":"WU","station_id":"KGACANTO478","name":"","earliest_date":"2025-09-03","latest_date":"2026-10-08","total_days":370,"total_observations":104950,"years_active":1.01,"days_since_update":2,"extinct":false}},{"type":"Feature","geometry":{"type":"Point","coordinates":[-84.508,34.26]},"properties":{"source":"WU","station_id":"KGACANTO219","name":"","earliest_date":"2025-02-05","latest_date":"2026-01-02","total_days":311,"total_observations":89284,"years_active":0.85,"days_since_update":281,"extinct":true}},{"type":"Feature","geometry":{"type":"Point","coordinates":[-84.552,34.218]},"properties":{"source":"WU","station_id":"KGACANTO392","name":"","earliest_date":"2023-11-13","latest_date":"2026-09-24","total_days":989,"total_observations":275515,"years_active":2.71,"days_since_update":16,"extinct":false}},{"type":"Feature","geometry":{"type":"Point","coordinates":[-84.525,34.215]},"properties":{"source":"WU","station_id":"KGACANTO431","name":"","earliest_date":"2024-07-29","latest_date":"2026-10-07","total_days":768,"total_observations":209134,"years_active":2.1,"days_since_update":3,"extinct":false}},{"type":"Feature","geometry":{"type":"Point","coordinates":[-84.425,34.183]},"properties":{"source":"WU","station_id":"KGACANTO306","name":"","earliest_date":"2024-09-24","latest_date":"2026-10-08","total_days":703,"total_observations":201988,"years_active":1.92,"days_since_update":2,"extinct":false}},{"type":"Feature","geometry":{"type":"Point","coordinates":[-84.421,34.161]},"properties":{"source":"WU","station_id":"KGAWOODS159","name":"","earliest_date":"2022-12-20","latest_date":"2026-06-25","total_days":1251,"total_observations":355261,"years_active":3.43,"days_since_update":107,"extinct":true}},{"type":"Feature","geometry":{"type":"Point","coordinates":[-84.515,34.199]},"properties":{"source":"WU","station_id":"KGACANTO280","name":"","earliest_date":"2022-01-10","latest_date":"2026-10-08","total_days":1686,"total_observations":475888,"years_active":4.62,"days_since_update":2,"extinct":false}},{"type":"Feature","geometry":{"type":"Point","coordinates":[-84.494,34.216]},"properties":{"source":"WU","station_id":"KGACANTO380","name":"","earliest_date":"2023-07-19","latest_date":"2026-10-07","total_days":1126,"total_observations":312627,"years_active":3.08,"days_since_update":3,"extinct":false}},{"type":"Feature","geometry":{"type":"Point","coordinates":[-84.442,34.182]},"properties":{"source":"WU","station_id":"KGACANTO458","name":"","earliest_date":"2025-04-05","latest_date":"2026-10-08","total_days":520,"total_observations":148974,"years_active":1.42,"days_since_update":2,"extinct":false}},{"type":"Feature","geometry":{"type":"Point","coordinates":[-84.445,34.174]},"properties":{"source":"WU","station_id":"KGACANTO390","name":"","earliest_date":"2023-10-14","latest_date":"2026-10-07","total_days":1063,"total_observations":304109,"years_active":2.91,"days_since_update":3,"extinct":false}},{"type":"Feature","geometry":{"type":"Point","coordinates":[-84.453,34.191]},"properties":{"source":"WU","station_id":"KGACANTO423","name":"","earliest_date":"2024-12-04","latest_date":"2026-10-07","total_days":632,"total_observations":181510,"years_active":1.73,"days_since_update":3,"extinct":false}},{"type":"Feature","geometry":{"type":"Point","coordinates":[-84.452,34.171]},"properties":{"source":"WU","station_id":"KGACANTO453","name":"","earliest_date":"2025-03-15","latest_date":"2026-10-07","total_days":532,"total_observations":151879,"years_active":1.46,"days_since_update":3,"extinct":false}},{"type":"Feature","geometry":{"type":"Point","coordinates":[-84.479,34.187]},"properties":{"source":"WU","station_id":"KGACANTO349","name":"","earliest_date":"2023-01-21","latest_date":"2026-07-27","total_days":1257,"total_observations":360546,"years_active":3.44,"days_since_update":75,"extinct":true}},{"type":"Feature","geometry":{"type":"Point","coordinates":[-84.47152,34.17103]},"properties":{"source":"WU","station_id":"KGACANTO6","name":"","earliest_date":"2025-11-25","latest_date":"2026-10-08","total_days":143,"total_observations":37585,"years_active":0.39,"days_since_update":2,"extinct":false}},{"type":"Feature","geometry":{"type":"Point","coordinates":[-84.476,34.164]},"properties":{"source":"WU","station_id":"KGACANTO217","name":"","earliest_date":"2021-02-01","latest_date":"2026-10-08","total_days":1899,"total_observations":532706,"years_active":5.2,"days_since_update":2,"extinct":false}},{"type":"Feature","geometry":{"type":"Point","coordinates":[-84.49553,34.16406]},"properties":{"source":"WU","station_id":"KGACANTO388","name":"","earliest_date":"2024-08-11","latest_date":"2026-08-18","total_days":706,"total_observations":200950,"years_active":1.93,"days_since_update":53,"extinct":false}},{"type":"Feature","geometry":{"type":"Point","coordinates":[-84.462,34.162]},"properties":{"source":"WU","station_id":"KGACANTO334","name":"","earliest_date":"2022-12-01","latest_date":"2026-10-06","total_days":1359,"total_observations":377752,"years_active":3.72,"days_since_update":4,"extinct":false}},{"type":"Feature","geometry":{"type":"Point","coordinates":[-84.476,34.22]},"properties":{"source":"WU","station_id":"KGACANTO302","name":"","earliest_date":"2024-03-13","latest_date":"2026-10-08","total_days":899,"total_observations":250253,"years_active":2.46,"days_since_update":2,"extinct":false}},{"type":"Feature","geometry":{"type":"Point","coordinates":[-84.501,34.242]},"properties":{"source":"WU","station_id":"KGACANTO307","name":"","earliest_date":"2022-07-01","latest_date":"2026-10-07","total_days":1521,"total_observations":417406,"years_active":4.16,"days_since_update":3,"extinct":false}},{"type":"Feature","geometry":{"type":"Point","coordinates":[-84.462,34.245]},"properties":{"source":"WU","station_id":"KGACANTO175","name":"","earliest_date":"2023-08-30","latest_date":"2023-08-30","total_days":1,"total_observations":10,"years_active":0.0,"days_since_update":1137,"extinct":false}},{"type":"Feature","geometry":{"type":"Point","coordinates":[-84.5453,34.22754]},"properties":{"source":"WU","station_id":"KGACANTO54","name":"","earliest_date":"2023-07-22","latest_date":"2026-10-07","total_days":1129,"total_observations":322729,"years_active":3.09,"days_since_update":3,"extinct":false}},{"type":"Feature","geometry":{"type":"Point","coordinates":[-84.426,34.235]},"properties":{"source":"WU","station_id":"KGACANTO298","name":"","earliest_date":"2022-05-11","latest_date":"2026-10-06","total_days":1557,"total_observations":435949,"years_active":4.26,"days_since_update":4,"extinct":false}},{"type":"Feature","geometry":{"type":"Point","coordinates":[-84.474,34.155]},"properties":{"source":"WU","station_id":"KGACANTO470","name":"","earliest_date":"2025-07-13","latest_date":"2026-10-08","total_days":417,"total_observations":114071,"years_active":1.14,"days_since_update":2,"extinct":false}},{"type":"Feature","geometry":{"type":"Point","coordinates":[-84.41105,34.26541]},"properties":{"source":"WU","station_id":"KGACANTO57","name":"","earliest_date":"2023-07-01","latest_date":"2026-10-07","total_days":1155,"total_observations":328203,"years_active":3.16,"days_since_update":3,"extinct":false}},{"type":"Feature","geometry":{"type":"Point","coordinates":[-84.408,34.151]},"properties":{"source":"WU","station_id":"KGAWOODS295","name":"","earliest_date":"2025-01-10","latest_date":"2026-10-07","total_days":600,"total_observations":172371,"years_active":1.64,"days_since_update":3,"extinct":false}},{"type":"Feature","geometry":{"type":"Point","coordinates":[-84.628,34.238]},"properties":{"source":"WU","station_id":"KGACANTO407","name":"","earliest_date":"2024-11-20","latest_date":"2026-04-18","total_days":499,"total_observations":140884,"years_active":1.37,"days_since_update":175,"extinct":true}},{"type":"Feature","geometry":{"type":"Point","coordinates":[-84.606,34.227]},"properties":{"source":"WU","station_id":"KGACANTO399","name":"","earliest_date":"2023-12-27","latest_date":"2026-10-06","total_days":978,"total_observations":272838,"years_active":2.68,"days_since_update":4,"extinct":false}},{"type":"Feature","geometry":{"type":"Point","coordinates":[-84.629,34.216]},"properties":{"source":"WU","station_id":"KGAWHITE67","name":"","earliest_date":"2025-11-09","latest_date":"2026-08-28","total_days":39,"total_observations":7273,"years_active":0.11,"days_since_update":43,"extinct":false}},{"type":"Feature","geometry":{"type":"Point","coordinates":[-84.596,34.231]},"properties":{"source":"WU","station_id":"KGACANTO111","name":"","earliest_date":"2019-04-04","latest_date":"2026-10-08","total_days":2622,"total_observations":739993,"years_active":7.18,"days_since_update":2,"extinct":false}},{"type":"Feature","geometry":{"type":"Point","coordinates":[-84.5978,34.22447]},"properties":{"source":"WU","station_id":"KGACANTO85","name":"","earliest_date":"2018-08-23","latest_date":"2026-10-06","total_days":2880,"total_observations":811184,"years_active":7.89,"days_since_update":4,"extinct":false}},{"type":"Feature","geometry":{"type":"Point","coordinates":[-84.6,34.304]},"properties":{"source":"WU","station_id":"KGAWALES47","name":"","earliest_date":"2024-12-11","latest_date":"2026-10-08","total_days":634,"total_observations":179968,"years_active":1.74,"days_since_update":2,"extinct":false}},{"type":"Feature","geometry":{"type":"Point","coordinates":[-84.537,34.265]},"properties":{"source":"WU","station_id":"KGACANTO417","name":"","earliest_date":"2024-02-10","latest_date":"2026-10-07","total_days":932,"total_observations":267899,"years_active":2.55,"days_since_update":3,"extinct":false}},{"type":"Feature","geometry":{"type":"Point","coordinates":[-84.51817,34.26034]},"properties":{"source":"WU","station_id":"KGACANTO5","name":"","earliest_date":"2019-10-02","latest_date":"2026-10-08","total_days":2494,"total_observations":702264,"years_active":6.83,"days_since_update":2,"extinct":false}},{"type":"Feature","geometry":{"type":"Point","coordinates":[-84.46,34.136]},"properties":{"source":"WU","station_id":"KGAWOODS237","name":"","earliest_date":"2023-08-13","latest_date":"2026-10-08","total_days":1080,"total_observations":301673,"years_active":2.96,"days_since_update":2,"extinct":false}},{"type":"Feature","geometry":{"type":"Point","coordinates":[-84.465,34.131]},"properties":{"source":"WU","station_id":"KGAWOODS209","name":"","earliest_date":"2022-10-10","latest_date":"2026-10-06","total_days":1418,"total_observations":407376,"years_active":3.88,"days_since_update":4,"extinct":false}},{"type":"Feature","geometry":{"type":"Point","coordinates":[-84.49203,34.13122]},"properties":{"source":"WU","station_id":"KGAWOODS51","name":"","earliest_date":"2024-03-08","latest_date":"2026-10-08","total_days":879,"total_observations":125713,"years_active":2.41,"days_since_update":2,"extinct":false}},{"type":"Feature","geometry":{"type":"Point","coordinates":[-84.709,33.534]},"properties":{"source":"WU","station_id":"KGACHATT4","name":"","earliest_date":"2024-05-16","latest_date":"2026-10-06","total_days":835,"total_observations":236246,"years_active":2.29,"days_since_update":4,"extinct":false}},{"type":"Feature","geometry":{"type":"Point","coordinates":[-84.74132,33.54352]},"properties":{"source":"WU","station_id":"KGAPALME3","name":"","earliest_date":"2024-04-17","latest_date":"2026-10-07","total_days":874,"total_observations":80079,"years_active":2.39,"days_since_update":3,"extinct":false}},{"type":"Feature","geometry":{"type":"Point","coordinates":[-84.738,33.515]},"properties":{"source":"WU","station_id":"KGAPALME18","name":"","earliest_date":"2024-01-05","latest_date":"2026-10-07","total_days":975,"total_observations":270277,"years_active":2.67,"days_since_update":3,"extinct":false}},{"type":"Feature","geometry":{"type":"Point","coordinates":[-84.677,33.513]},"properties":{"source":"WU","station_id":"KGAPALME10","name":"","earliest_date":"2025-02-05","latest_date":"2026-10-07","total_days":494,"total_observations":139958,"years_active":1.35,"days_since_update":3,"extinct":false}},{"type":"Feature","geometry":{"type":"Point","coordinates":[-84.647,33.788]},"properties":{"source":"WU","station_id":"KGALITHI15","name":"","earliest_date":"2025-03-04","latest_date":"2026-10-08","total_days":548,"total_observations":157326,"years_active":1.5,"days_since_update":2,"extinct":false}},{"type":"Feature","geometry":{"type":"Point","coordinates":[-84.58244,33.84171]},"properties":{"source":"WU","station_id":"KGAMABLE7","name":"","earliest_date":"2025-01-03","latest_date":"2026-10-08","total_days":600,"total_observations":165902,"years_active":1.64,"days_since_update":2,"extinct":false}},{"type":"Feature","geometry":{"type":"Point","coordinates":[-84.72071,33.85119]},"properties":{"source":"WU","station_id":"KGAPOWDE30","name":"","earliest_date":"2018-05-30","latest_date":"2026-10-08","total_days":2974,"total_observations":839495,"years_active":8.14,"days_since_update":2,"extinct":false}},{"type":"Feature","geometry":{"type":"Point","coordinates":[-84.225,33.817]},"properties":{"source":"WU","station_id":"KGACLARK33","name":"","earliest_date":"2020-12-25","latest_date":"2026-10-08","total_days":2055,"total_observations":580203,"years_active":5.63,"days_since_update":2,"extinct":false}},{"type":"Feature","geometry":{"type":"Point","coordinates":[-84.232,33.831]},"properties":{"source":"WU","station_id":"KGATUCKE26","name":"","earliest_date":"2021-08-17","latest_date":"2026-10-07","total_days":1826,"total_observations":510935,"years_active":5.0,"days_since_update":3,"extinct":false}},{"type":"Feature","geometry":{"type":"Point","coordinates":[-84.246,33.808]},"properties":{"source":"WU","station_id":"KGACLARK99","name":"","earliest_date":"2025-04-27","latest_date":"2026-10-08","total_days":498,"total_observations":142688,"years_active":1.36,"days_since_update":2,"extinct":false}},{"type":"Feature","geometry":{"type":"Point","coordinates":[-84.23569,33.83456]},"properties":{"source":"WU","station_id":"KGATUCKE4","name":"","earliest_date":"2016-05-26","latest_date":"2026-10-07","total_days":3683,"total_observations":1011529,"years_active":10.08,"days_since_update":3,"extinct":false}},{"type":"Feature","geometry":{"type":"Point","coordinates":[-84.23389,33.83577]},"properties":{"source":"WU","station_id":"KGATUCKE10","name":"","earliest_date":"2021-05-25","latest_date":"2026-10-08","total_days":1875,"total_observations":520366,"years_active":5.13,"days_since_update":2,"extinct":false}},{"type":"Feature","geometry":{"type":"Point","coordinates":[-84.259,33.82]},"properties":{"source":"WU","station_id":"KGADECAT72","name":"","earliest_date":"2019-11-19","latest_date":"2026-10-06","total_days":2411,"total_observations":665421,"years_active":6.6,"days_since_update":4,"extinct":false}},{"type":"Feature","geometry":{"type":"Point","coordinates":[-84.263,33.825]},"properties":{"source":"WU","station_id":"KGADECAT137","name":"","earliest_date":"2024-03-23","latest_date":"2026-05-23","total_days":769,"total_observations":212441,"years_active":2.11,"days_since_update":140,"extinct":true}},{"type":"Feature","geometry":{"type":"Point","coordinates":[-84.266,33.826]},"properties":{"source":"WU","station_id":"KGADECAT85","name":"","earliest_date":"2024-03-02","latest_date":"2026-06-17","total_days":240,"total_observations":37627,"years_active":0.66,"days_since_update":115,"extinct":false}},{"type":"Feature","geometry":{"type":"Point","coordinates":[-84.22671,33.85297]},"properties":{"source":"WU","station_id":"KGATUCKE23","name":"","earliest_date":"2023-10-20","latest_date":"2026-10-08","total_days":1048,"total_observations":299915,"years_active":2.87,"days_since_update":2,"extinct":false}},{"type":"Feature","geometry":{"type":"Point","coordinates":[-84.2685,33.8034]},"properties":{"source":"WU","station_id":"KGADECAT7","name":"","earliest_date":"2012-01-01","latest_date":"2026-10-08","total_days":5260,"total_observations":1437750,"years_active":14.4,"days_since_update":2,"extinct":false}},{"type":"Feature","geometry":{"type":"Point","coordinates":[-84.274,33.805]},"properties":{"source":"WU","station_id":"KGASCOTT4","name":"","earliest_date":"2024-05-10","latest_date":"2026-06-15","total_days":553,"total_observations":129878,"years_active":1.51,"days_since_update":117,"extinct":false}},{"type":"Feature","geometry":{"type":"Point","coordinates":[-84.253,33.784]},"properties":{"source":"WU","station_id":"KGAAVOND16","name":"","earliest_date":"2025-11-04","latest_date":"2026-10-07","total_days":319,"total_observations":86652,"years_active":0.87,"days_since_update":3,"extinct":false}},{"type":"Feature","geometry":{"type":"Point","coordinates":[-84.24819,33.78179]},"properties":{"source":"WU","station_id":"KGAAVOND4","name":"","earliest_date":"2025-02-09","latest_date":"2026-10-08","total_days":570,"total_observations":163456,"years_active":1.56,"days_since_update":2,"extinct":false}},{"type":"Feature","geometry":{"type":"Point","coordinates":[-84.02565,33.58711]},"properties":{"source":"WU","station_id":"KGACONYE23","name":"","earliest_date":"2015-12-25","latest_date":"2026-10-07","total_days":3841,"total_observations":1081379,"years_active":10.52,"days_since_update":3,"extinct":false}},{"type":"Feature","geometry":{"type":"Point","coordinates":[-84.015,33.579]},"properties":{"source":"WU","station_id":"KGACONYE99","name":"","earliest_date":"2025-06-05","latest_date":"2026-10-08","total_days":457,"total_observations":130521,"years_active":1.25,"days_since_update":2,"extinct":false}},{"type":"Feature","geometry":{"type":"Point","coordinates":[-84.04949,33.59649]},"properties":{"source":"WU","station_id":"KGACONYE43","name":"","earliest_date":"2022-11-15","latest_date":"2026-10-07","total_days":1387,"total_observations":396017,"years_active":3.8,"days_since_update":3,"extinct":false}},{"type":"Feature","geometry":{"type":"Point","coordinates":[-84.065,33.595]},"properties":{"source":"WU","station_id":"KGACONYE81","name":"","earliest_date":"2023-02-04","latest_date":"2026-10-08","total_days":1305,"total_observations":373210,"years_active":3.57,"days_since_update":2,"extinct":false}},{"type":"Feature","geometry":{"type":"Point","coordinates":[-83.981,33.6]},"properties":{"source":"WU","station_id":"KGACONYE65","name":"","earliest_date":"2022-10-28","latest_date":"2026-10-08","total_days":1362,"total_observations":385252,"years_active":3.73,"days_since_update":2,"extinct":false}},{"type":"Feature","geometry":{"type":"Point","coordinates":[-84.077,33.6]},"properties":{"source":"WU","station_id":"KGACONYE56","name":"","earliest_date":"2024-10-06","latest_date":"2026-10-08","total_days":684,"total_observations":189456,"years_active":1.87,"days_since_update":2,"extinct":false}},{"type":"Feature","geometry":{"type":"Point","coordinates":[-84.076,33.614]},"properties":{"source":"WU","station_id":"KGACONYE97","name":"","earliest_date":"2025-03-15","latest_date":"2026-10-08","total_days":533,"total_observations":152894,"years_active":1.46,"days_since_update":2,"extinct":false}},{"type":"Feature","geometry":{"type":"Point","coordinates":[-84.056,33.63]},"properties":{"source":"WU","station_id":"KGACONYE93","name":"","earliest_date":"2024-09-17","latest_date":"2026-10-07","total_days":708,"total_observations":196804,"years_active":1.94,"days_since_update":3,"extinct":false}},{"type":"Feature","geometry":{"type":"Point","coordinates":[-84.086,33.61]},"properties":{"source":"WU","station_id":"KGACONYE98","name":"","earliest_date":"2025-03-27","latest_date":"2026-10-08","total_days":526,"total_observations":150311,"years_active":1.44,"days_since_update":2,"extinct":false}},{"type":"Feature","geometry":{"type":"Point","coordinates":[-84.047,33.643]},"properties":{"source":"WU","station_id":"KGACONYE85","name":"","earliest_date":"2023-08-24","latest_date":"2026-10-07","total_days":1108,"total_observations":306835,"years_active":3.03,"days_since_update":3,"extinct":false}},{"type":"Feature","geometry":{"type":"Point","coordinates":[-84.092,33.559]},"properties":{"source":"WU","station_id":"KGAMCDON175","name":"","earliest_date":"2025-07-23","latest_date":"2026-10-08","total_days":410,"total_observations":115389,"years_active":1.12,"days_since_update":2,"extinct":false}},{"type":"Feature","geometry":{"type":"Point","coordinates":[-83.992,33.728]},"properties":{"source":"WU","station_id":"KGACONYE46","name":"","earliest_date":"2023-12-19","latest_date":"2026-10-06","total_days":958,"total_observations":264329,"years_active":2.62,"days_since_update":4,"extinct":false}},{"type":"Feature","geometry":{"type":"Point","coordinates":[-84.016,33.722]},"properties":{"source":"WU","station_id":"KGACONYE41","name":"","earliest_date":"2019-05-14","latest_date":"2026-10-07","total_days":2590,"total_observations":734142,"years_active":7.09,"days_since_update":3,"extinct":false}},{"type":"Feature","geometry":{"type":"Point","coordinates":[-84.038,33.76]},"properties":{"source":"WU","station_id":"KGASNELL30","name":"","earliest_date":"2024-12-22","latest_date":"2026-07-24","total_days":505,"total_observations":140875,"years_active":1.38,"days_since_update":78,"extinct":true}},{"type":"Feature","geometry":{"type":"Point","coordinates":[-83.992,33.778]},"properties":{"source":"WU","station_id":"KGACONYE89","name":"","earliest_date":"2025-04-06","latest_date":"2026-08-23","total_days":442,"total_observations":122120,"years_active":1.21,"days_since_update":48,"extinct":true}},{"type":"Feature","geometry":{"type":"Point","coordinates":[-83.99043,33.77833]},"properties":{"source":"WU","station_id":"KGACONYE8","name":"","earliest_date":"2025-10-27","latest_date":"2026-10-07","total_days":323,"total_observations":92512,"years_active":0.88,"days_since_update":3,"extinct":false}},{"type":"Feature","geometry":{"type":"Point","coordinates":[-83.992,33.781]},"properties":{"source":"WU","station_id":"KGACONYE101","name":"","earliest_date":"2025-08-11","latest_date":"2026-10-08","total_days":379,"total_observations":104594,"years_active":1.04,"days_since_update":2,"extinct":false}},{"type":"Feature","geometry":{"type":"Point","coordinates":[-83.987,33.795]},"properties":{"source":"WU","station_id":"KGASNELL125","name":"","earliest_date":"2025-05-08","latest_date":"2026-10-08","total_days":479,"total_observations":137401,"years_active":1.31,"days_since_update":2,"extinct":false}},{"type":"Feature","geometry":{"type":"Point","coordinates":[-84.019,33.664]},"properties":{"source":"WU","station_id":"KGACONYE90","name":"","earliest_date":"2024-05-02","latest_date":"2026-10-07","total_days":853,"total_observations":235442,"years_active":2.34,"days_since_update":3,"extinct":false}},{"type":"Feature","geometry":{"type":"Point","coordinates":[-84.00517,33.79714]},"properties":{"source":"WU","station_id":"KGASNELL121","name":"","earliest_date":"2025-07-26","latest_date":"2026-10-06","total_days":400,"total_observations":114413,"years_active":1.1,"days_since_update":4,"extinct":false}},{"type":"Feature","geometry":{"type":"Point","coordinates":[-84.08297,33.64742]},"properties":{"source":"WU","station_id":"KGACONYE9","name":"","earliest_date":"2021-12-27","latest_date":"2026-10-08","total_days":1708,"total_observations":481309,"years_active":4.68,"days_since_update":2,"extinct":false}},{"type":"Feature","geometry":{"type":"Point","coordinates":[-84.079,33.673]},"properties":{"source":"WU","station_id":"KGACONYE62","name":"","earliest_date":"2021-09-26","latest_date":"2026-10-07","total_days":1780,"total_observations":506869,"years_active":4.87,"days_since_update":3,"extinct":false}},{"type":"Feature","geometry":{"type":"Point","coordinates":[-84.075,33.69534]},"properties":{"source":"WU","station_id":"KGACONYE36","name":"","earliest_date":"2018-12-29","latest_date":"2026-09-19","total_days":1963,"total_observations":546806,"years_active":5.37,"days_since_update":21,"extinct":false}},{"type":"Feature","geometry":{"type":"Point","coordinates":[-84.005,33.812]},"properties":{"source":"WU","station_id":"KGASNELL107","name":"","earliest_date":"2024-03-04","latest_date":"2026-10-08","total_days":906,"total_observations":252611,"years_active":2.48,"days_since_update":2,"extinct":false}},{"type":"Feature","geometry":{"type":"Point","coordinates":[-84.03212,33.79645]},"properties":{"source":"WU","station_id":"KGASNELL20","name":"","earliest_date":"2021-08-26","latest_date":"2026-10-08","total_days":1833,"total_observations":524969,"years_active":5.02,"days_since_update":2,"extinct":false}},{"type":"Feature","geometry":{"type":"Point","coordinates":[-84.184,34.266]},"properties":{"source":"WU","station_id":"KGACUMMI320","name":"","earliest_date":"2020-07-07","latest_date":"2026-10-08","total_days":2220,"total_observations":628210,"years_active":6.08,"days_since_update":2,"extinct":false}},{"type":"Feature","geometry":{"type":"Point","coordinates":[-84.2074,34.26127]},"properties":{"source":"WU","station_id":"KGACUMMI82","name":"","earliest_date":"2020-09-29","latest_date":"2026-10-07","total_days":2131,"total_observations":604462,"years_active":5.83,"days_since_update":3,"extinct":false}},{"type":"Feature","geometry":{"type":"Point","coordinates":[-84.09208,34.15133]},"properties":{"source":"WU","station_id":"KGACUMMI338","name":"","earliest_date":"2020-10-01","latest_date":"2026-10-08","total_days":2111,"total_observations":531323,"years_active":5.78,"days_since_update":2,"extinct":false}},{"type":"Feature","geometry":{"type":"Point","coordinates":[-84.10523,34.1318]},"properties":{"source":"WU","station_id":"KGACUMMI130","name":"","earliest_date":"2024-03-15","latest_date":"2026-10-07","total_days":897,"total_observations":240727,"years_active":2.46,"days_since_update":3,"extinct":false}},{"type":"Feature","geometry":{"type":"Point","coordinates":[-84.152,34.123]},"properties":{"source":"WU","station_id":"KGACUMMI589","name":"","earliest_date":"2024-12-07","latest_date":"2026-10-08","total_days":639,"total_observations":176964,"years_active":1.75,"days_since_update":2,"extinct":false}},{"type":"Feature","geometry":{"type":"Point","coordinates":[-84.14639,34.12908]},"properties":{"source":"WU","station_id":"KGACUMMI169","name":"","earliest_date":"2025-08-24","latest_date":"2026-10-08","total_days":378,"total_observations":107878,"years_active":1.03,"days_since_update":2,"extinct":false}},{"type":"Feature","geometry":{"type":"Point","coordinates":[-84.181,34.148]},"properties":{"source":"WU","station_id":"KGACUMMI558","name":"","earliest_date":"2025-08-24","latest_date":"2026-06-11","total_days":260,"total_observations":71619,"years_active":0.71,"days_since_update":121,"extinct":true}},{"type":"Feature","geometry":{"type":"Point","coordinates":[-84.105,34.121]},"properties":{"source":"WU","station_id":"KGASUWAN132","name":"","earliest_date":"2025-11-12","latest_date":"2025-12-02","total_days":18,"total_observations":5184,"years_active":0.05,"days_since_update":312,"extinct":true}},{"type":"Feature","geometry":{"type":"Point","coordinates":[-84.09943,34.12157]},"properties":{"source":"WU","station_id":"KGASUWAN53","name":"","earliest_date":"2017-08-27","latest_date":"2026-10-08","total_days":3267,"total_observations":308146,"years_active":8.94,"days_since_update":2,"extinct":false}},{"type":"Feature","geometry":{"type":"Point","coordinates":[-84.087,34.122]},"properties":{"source":"WU","station_id":"KGASUGAR21","name":"","earliest_date":"2022-10-17","latest_date":"2026-10-07","total_days":1411,"total_observations":405852,"years_active":3.86,"days_since_update":3,"extinct":false}},{"type":"Feature","geometry":{"type":"Point","coordinates":[-84.104,34.112]},"properties":{"source":"WU","station_id":"KGASUWAN130","name":"","earliest_date":"2022-12-27","latest_date":"2026-10-05","total_days":1344,"total_observations":384169,"years_active":3.68,"days_since_update":5,"extinct":false}},{"type":"Feature","geometry":{"type":"Point","coordinates":[-84.108,34.11]},"properties":{"source":"WU","station_id":"KGASUWAN152","name":"","earliest_date":"2024-08-11","latest_date":"2026-08-03","total_days":704,"total_observations":201047,"years_active":1.93,"days_since_update":68,"extinct":true}},{"type":"Feature","geometry":{"type":"Point","coordinates":[-84.089,34.114]},"properties":{"source":"WU","station_id":"KGASUGAR46","name":"","earliest_date":"2024-05-13","latest_date":"2026-10-08","total_days":840,"total_observations":224185,"years_active":2.3,"days_since_update":2,"extinct":false}},{"type":"Feature","geometry":{"type":"Point","coordinates":[-84.118,34.112]},"properties":{"source":"WU","station_id":"KGASUWAN120","name":"","earliest_date":"2022-01-14","latest_date":"2026-10-07","total_days":1688,"total_observations":453920,"years_active":4.62,"days_since_update":3,"extinct":false}},{"type":"Feature","geometry":{"type":"Point","coordinates":[-84.09247,34.1112]},"properties":{"source":"WU","station_id":"KGASUGAR3","name":"","earliest_date":"2013-07-04","latest_date":"2026-10-07","total_days":4653,"total_observations":1267296,"years_active":12.74,"days_since_update":3,"extinct":false}},{"type":"Feature","geometry":{"type":"Point","coordinates":[-84.21565,34.1778]},"properties":{"source":"WU","station_id":"KGACUMMI164","name":"","earliest_date":"2017-07-15","latest_date":"2026-10-07","total_days":2925,"total_observations":828176,"years_active":8.01,"days_since_update":3,"extinct":false}},{"type":"Feature","geometry":{"type":"Point","coordinates":[-84.221,34.191]},"properties":{"source":"WU","station_id":"KGACUMMI545","name":"","earliest_date":"2024-01-10","latest_date":"2026-06-26","total_days":878,"total_observations":251330,"years_active":2.4,"days_since_update":106,"extinct":true}},{"type":"Feature","geometry":{"type":"Point","coordinates":[-84.2,34.184]},"properties":{"source":"WU","station_id":"KGACUMMI291","name":"","earliest_date":"2025-06-07","latest_date":"2026-10-07","total_days":456,"total_observations":130287,"years_active":1.25,"days_since_update":3,"extinct":false}},{"type":"Feature","geometry":{"type":"Point","coordinates":[-84.234,34.181]},"properties":{"source":"WU","station_id":"KGACUMMI404","name":"","earliest_date":"2021-11-28","latest_date":"2026-10-08","total_days":1712,"total_observations":479342,"years_active":4.69,"days_since_update":2,"extinct":false}},{"type":"Feature","geometry":{"type":"Point","coordinates":[-84.204,34.194]},"properties":{"source":"WU","station_id":"KGACUMMI332","name":"","earliest_date":"2024-09-29","latest_date":"2026-10-08","total_days":543,"total_observations":115238,"years_active":1.49,"days_since_update":2,"extinct":false}},{"type":"Feature","geometry":{"type":"Point","coordinates":[-84.199,34.198]},"properties":{"source":"WU","station_id":"KGACUMMI268","name":"","earliest_date":"2025-04-07","latest_date":"2026-10-07","total_days":513,"total_observations":146682,"years_active":1.4,"days_since_update":3,"extinct":false}},{"type":"Feature","geometry":{"type":"Point","coordinates":[-84.22015,34.22114]},"properties":{"source":"WU","station_id":"KGACUMMI183","name":"","earliest_date":"2020-07-05","latest_date":"2026-05-18","total_days":2099,"total_observations":596303,"years_active":5.75,"days_since_update":145,"extinct":true}},{"type":"Feature","geometry":{"type":"Point","coordinates":[-84.23,34.219]},"properties":{"source":"WU","station_id":"KGACUMMI604","name":"","earliest_date":"2025-11-15","latest_date":"2026-09-14","total_days":120,"total_observations":32019,"years_active":0.33,"days_since_update":26,"extinct":false}},{"type":"Feature","geometry":{"type":"Point","coordinates":[-84.233,34.211]},"properties":{"source":"WU","station_id":"KGACUMMI609","name":"","earliest_date":"2025-04-13","latest_date":"2026-10-07","total_days":355,"total_observations":101982,"years_active":0.97,"days_since_update":3,"extinct":false}},{"type":"Feature","geometry":{"type":"Point","coordinates":[-84.238,34.226]},"properties":{"source":"WU","station_id":"KGACUMMI552","name":"","earliest_date":"2024-01-21","latest_date":"2026-10-08","total_days":911,"total_observations":252956,"years_active":2.49,"days_since_update":2,"extinct":false}},{"type":"Feature","geometry":{"type":"Point","coordinates":[-84.239,34.215]},"properties":{"source":"WU","station_id":"KGACUMMI379","name":"","earliest_date":"2021-05-23","latest_date":"2026-09-19","total_days":1899,"total_observations":481945,"years_active":5.2,"days_since_update":21,"extinct":false}},{"type":"Feature","geometry":{"type":"Point","coordinates":[-84.238,34.229]},"properties":{"source":"WU","station_id":"KGACUMMI563","name":"","earliest_date":"2024-04-09","latest_date":"2026-10-07","total_days":881,"total_observations":246509,"years_active":2.41,"days_since_update":3,"extinct":false}},{"type":"Feature","geometry":{"type":"Point","coordinates":[-84.2131,34.20489]},"properties":{"source":"WU","station_id":"KGACUMMI70","name":"","earliest_date":"2015-04-11","latest_date":"2026-10-07","total_days":4094,"total_observations":1161752,"years_active":11.21,"days_since_update":3,"extinct":false}},{"type":"Feature","geometry":{"type":"Point","coordinates":[-84.19,34.216]},"properties":{"source":"WU","station_id":"KGACUMMI480","name":"","earliest_date":"2022-12-25","latest_date":"2026-09-18","total_days":1344,"total_observations":383029,"years_active":3.68,"days_since_update":22,"extinct":false}},{"type":"Feature","geometry":{"type":"Point","coordinates":[-84.19,34.216]},"properties":{"source":"WU","station_id":"KGACUMMI603","name":"","earliest_date":"2025-02-17","latest_date":"2026-10-08","total_days":561,"total_observations":153263,"years_active":1.54,"days_since_update":2,"extinct":false}},{"type":"Feature","geometry":{"type":"Point","coordinates":[-84.197,34.204]},"properties":{"source":"WU","station_id":"KGACUMMI374","name":"","earliest_date":"2024-02-26","latest_date":"2026-08-08","total_days":874,"total_observations":251077,"years_active":2.39,"days_since_update":63,"extinct":true}},{"type":"Feature","geometry":{"type":"Point","coordinates":[-84.07681,34.20976]},"properties":{"source":"WU","station_id":"KGACUMMI184","name":"","earliest_date":"2025-09-06","latest_date":"2026-10-06","total_days":227,"total_observations":59843,"years_active":0.62,"days_since_update":4,"extinct":false}},{"type":"Feature","geometry":{"type":"Point","coordinates":[-84.067,34.203]},"properties":{"source":"WU","station_id":"KGACUMMI616","name":"","earliest_date":"2025-06-21","latest_date":"2026-10-07","total_days":439,"total_observations":125777,"years_active":1.2,"days_since_update":3,"extinct":false}},{"type":"Feature","geometry":{"type":"Point","coordinates":[-84.075,34.225]},"properties":{"source":"WU","station_id":"KGACUMMI367","name":"","earliest_date":"2024-07-03","latest_date":"2026-10-08","total_days":785,"total_observations":216907,"years_active":2.15,"days_since_update":2,"extinct":false}},{"type":"Feature","geometry":{"type":"Point","coordinates":[-84.055,34.207]},"properties":{"source":"WU","station_id":"KGACUMMI495","name":"","earliest_date":"2025-10-10","latest_date":"2026-08-06","total_days":258,"total_observations":45897,"years_active":0.71,"days_since_update":65,"extinct":false}},{"type":"Feature","geometry":{"type":"Point","coordinates":[-84.098,34.221]},"properties":{"source":"WU","station_id":"KGACUMMI445","name":"","earliest_date":"2023-06-12","latest_date":"2026-10-08","total_days":1182,"total_observations":339514,"years_active":3.24,"days_since_update":2,"extinct":false}},{"type":"Feature","geometry":{"type":"Point","coordinates":[-84.052,34.214]},"properties":{"source":"WU","station_id":"KGACUMMI466","name":"","earliest_date":"2023-06-20","latest_date":"2026-10-07","total_days":1165,"total_observations":334191,"years_active":3.19,"days_since_update":3,"extinct":false}},{"type":"Feature","geometry":{"type":"Point","coordinates":[-84.068,34.235]},"properties":{"source":"WU","station_id":"KGACUMMI541","name":"","earliest_date":"2024-01-03","latest_date":"2026-10-07","total_days":979,"total_observations":280873,"years_active":2.68,"days_since_update":3,"extinct":false}},{"type":"Feature","geometry":{"type":"Point","coordinates":[-84.083,34.236]},"properties":{"source":"WU","station_id":"KGACUMMI402","name":"","earliest_date":"2025-06-10","latest_date":"2026-10-08","total_days":451,"total_observations":121218,"years_active":1.23,"days_since_update":2,"extinct":false}},{"type":"Feature","geometry":{"type":"Point","coordinates":[-84.10846,34.2239]},"properties":{"source":"WU","station_id":"KGAPIRKL2","name":"","earliest_date":"2023-07-19","latest_date":"2026-10-08","total_days":1143,"total_observations":273665,"years_active":3.13,"days_since_update":2,"extinct":false}},{"type":"Feature","geometry":{"type":"Point","coordinates":[-84.24562,34.20516]},"properties":{"source":"WU","station_id":"KGACUMMI435","name":"","earliest_date":"2022-04-16","latest_date":"2026-10-08","total_days":1599,"total_observations":449718,"years_active":4.38,"days_since_update":2,"extinct":false}},{"type":"Feature","geometry":{"type":"Point","coordinates":[-84.054,34.318]},"properties":{"source":"WU","station_id":"KGACUMMI262","name":"","earliest_date":"2024-06-08","latest_date":"2026-10-08","total_days":774,"total_observations":212511,"years_active":2.12,"days_since_update":2,"extinct":false}},{"type":"Feature","geometry":{"type":"Point","coordinates":[-84.074,34.311]},"properties":{"source":"WU","station_id":"KGACUMMI572","name":"","earliest_date":"2025-02-05","latest_date":"2026-06-09","total_days":446,"total_observations":126747,"years_active":1.22,"days_since_update":123,"extinct":true}},{"type":"Feature","geometry":{"type":"Point","coordinates":[-84.029,34.301]},"properties":{"source":"WU","station_id":"KGACUMMI574","name":"","earliest_date":"2024-06-30","latest_date":"2026-10-08","total_days":794,"total_observations":113483,"years_active":2.17,"days_since_update":2,"extinct":false}},{"type":"Feature","geometry":{"type":"Point","coordinates":[-84.091,34.318]},"properties":{"source":"WU","station_id":"KGACUMMI579","name":"","earliest_date":"2026-03-31","latest_date":"2026-10-08","total_days":173,"total_observations":43580,"years_active":0.47,"days_since_update":2,"extinct":false}},{"type":"Feature","geometry":{"type":"Point","coordinates":[-84.1,34.297]},"properties":{"source":"WU","station_id":"KGACUMMI600","name":"","earliest_date":"2025-02-11","latest_date":"2026-10-08","total_days":562,"total_observations":156785,"years_active":1.54,"days_since_update":2,"extinct":false}},{"type":"Feature","geometry":{"type":"Point","coordinates":[-84.097,34.292]},"properties":{"source":"WU","station_id":"KGACUMMI527","name":"","earliest_date":"2024-09-23","latest_date":"2026-08-09","total_days":645,"total_observations":183312,"years_active":1.77,"days_since_update":62,"extinct":false}},{"type":"Feature","geometry":{"type":"Point","coordinates":[-84.105,34.305]},"properties":{"source":"WU","station_id":"KGACUMMI345","name":"","earliest_date":"2024-02-23","latest_date":"2026-10-08","total_days":620,"total_observations":148329,"years_active":1.7,"days_since_update":2,"extinct":false}},{"type":"Feature","geometry":{"type":"Point","coordinates":[-84.152,34.245]},"properties":{"source":"WU","station_id":"KGACUMMI266","name":"","earliest_date":"2019-10-05","latest_date":"2026-10-08","total_days":2496,"total_observations":701289,"years_active":6.83,"days_since_update":2,"extinct":false}},{"type":"Feature","geometry":{"type":"Point","coordinates":[-84.13918,34.23513]},"properties":{"source":"WU","station_id":"KGADUNN3","name":"","earliest_date":"2018-07-12","latest_date":"2026-10-07","total_days":2935,"total_observations":840972,"years_active":8.04,"days_since_update":3,"extinct":false}},{"type":"Feature","geometry":{"type":"Point","coordinates":[-84.16357,34.25919]},"properties":{"source":"WU","station_id":"KGACUMMI211","name":"","earliest_date":"2023-02-04","latest_date":"2026-09-20","total_days":629,"total_observations":147799,"years_active":1.72,"days_since_update":20,"extinct":false}},{"type":"Feature","geometry":{"type":"Point","coordinates":[-84.134,34.235]},"properties":{"source":"WU","station_id":"KGACUMMI331","name":"","earliest_date":"2024-07-27","latest_date":"2026-10-07","total_days":758,"total_observations":210706,"years_active":2.08,"days_since_update":3,"extinct":false}},{"type":"Feature","geometry":{"type":"Point","coordinates":[-84.167,34.259]},"properties":{"source":"WU","station_id":"KGACUMMI546","name":"","earliest_date":"2024-01-16","latest_date":"2025-08-15","total_days":576,"total_observations":164774,"years_active":1.58,"days_since_update":421,"extinct":true}},{"type":"Feature","geometry":{"type":"Point","coordinates":[-84.144,34.226]},"properties":{"source":"WU","station_id":"KGACUMMI421","name":"","earliest_date":"2022-04-11","latest_date":"2026-10-08","total_days":1598,"total_observations":448821,"years_active":4.38,"days_since_update":2,"extinct":false}},{"type":"Feature","geometry":{"type":"Point","coordinates":[-84.163,34.223]},"properties":{"source":"WU","station_id":"KGACUMMI596","name":"","earliest_date":"2025-01-07","latest_date":"2026-10-07","total_days":601,"total_observations":165496,"years_active":1.65,"days_since_update":3,"extinct":false}},{"type":"Feature","geometry":{"type":"Point","coordinates":[-84.121,34.242]},"properties":{"source":"WU","station_id":"KGACUMMI472","name":"","earliest_date":"2025-05-24","latest_date":"2026-10-08","total_days":343,"total_observations":10676,"years_active":0.94,"days_since_update":2,"extinct":false}},{"type":"Feature","geometry":{"type":"Point","coordinates":[-84.14121,34.27071]},"properties":{"source":"WU","station_id":"KGAMATT2","name":"","earliest_date":"2022-05-03","latest_date":"2026-10-08","total_days":1463,"total_observations":409538,"years_active":4.01,"days_since_update":2,"extinct":false}},{"type":"Feature","geometry":{"type":"Point","coordinates":[-84.189,34.233]},"properties":{"source":"WU","station_id":"KGACUMMI293","name":"","earliest_date":"2025-07-28","latest_date":"2026-10-07","total_days":344,"total_observations":86169,"years_active":0.94,"days_since_update":3,"extinct":false}},{"type":"Feature","geometry":{"type":"Point","coordinates":[-84.184,34.219]},"properties":{"source":"WU","station_id":"KGACUMMI470","name":"","earliest_date":"2022-11-24","latest_date":"2026-10-08","total_days":1376,"total_observations":394815,"years_active":3.77,"days_since_update":2,"extinct":false}},{"type":"Feature","geometry":{"type":"Point","coordinates":[-84.17952,34.21439]},"properties":{"source":"WU","station_id":"KGACUMMI547","name":"","earliest_date":"2025-11-23","latest_date":"2026-06-25","total_days":183,"total_observations":40496,"years_active":0.5,"days_since_update":107,"extinct":true}},{"type":"Feature","geometry":{"type":"Point","coordinates":[-84.197,34.204]},"properties":{"source":"WU","station_id":"KGACUMMI368","name":"","earliest_date":"2024-06-03","latest_date":"2026-10-07","total_days":811,"total_observations":228603,"years_active":2.22,"days_since_update":3,"extinct":false}},{"type":"Feature","geometry":{"type":"Point","coordinates":[-84.037,34.229]},"properties":{"source":"WU","station_id":"KGACUMMI309","name":"","earliest_date":"2025-10-28","latest_date":"2026-10-06","total_days":261,"total_observations":56940,"years_active":0.71,"days_since_update":4,"extinct":false}},{"type":"Feature","geometry":{"type":"Point","coordinates":[-84.03362,34.22905]},"properties":{"source":"WU","station_id":"KGACUMMI127","name":"","earliest_date":"2016-07-24","latest_date":"2026-10-05","total_days":3631,"total_observations":1007604,"years_active":9.94,"days_since_update":5,"extinct":false}},{"type":"Feature","geometry":{"type":"Point","coordinates":[-84.027,34.22]},"properties":{"source":"WU","station_id":"KGACUMMI554","name":"","earliest_date":"2024-02-10","latest_date":"2026-10-07","total_days":934,"total_observations":267730,"years_active":2.56,"days_since_update":3,"extinct":false}},{"type":"Feature","geometry":{"type":"Point","coordinates":[-84.053,34.235]},"properties":{"source":"WU","station_id":"KGACUMMI424","name":"","earliest_date":"2024-07-11","latest_date":"2026-10-07","total_days":665,"total_observations":183517,"years_active":1.82,"days_since_update":3,"extinct":false}},{"type":"Feature","geometry":{"type":"Point","coordinates":[-84.02435,34.24142]},"properties":{"source":"WU","station_id":"KGAGAINE246","name":"","earliest_date":"2023-03-05","latest_date":"2026-10-06","total_days":1276,"total_observations":365999,"years_active":3.49,"days_since_update":4,"extinct":false}},{"type":"Feature","geometry":{"type":"Point","coordinates":[-84.04,34.212]},"properties":{"source":"WU","station_id":"KGACUMMI444","name":"","earliest_date":"2022-10-10","latest_date":"2026-06-07","total_days":1301,"total_observations":372618,"years_active":3.56,"days_since_update":125,"extinct":true}},{"type":"Feature","geometry":{"type":"Point","coordinates":[-84.012,34.224]},"properties":{"source":"WU","station_id":"KGAGAINE193","name":"","earliest_date":"2021-12-21","latest_date":"2026-10-08","total_days":1692,"total_observations":475680,"years_active":4.63,"days_since_update":2,"extinct":false}},{"type":"Feature","geometry":{"type":"Point","coordinates":[-84.04274,34.25552]},"properties":{"source":"WU","station_id":"KGACUMMI310","name":"","earliest_date":"2020-05-17","latest_date":"2026-10-08","total_days":2264,"total_observations":577792,"years_active":6.2,"days_since_update":2,"extinct":false}},{"type":"Feature","geometry":{"type":"Point","coordinates":[-84.052,34.263]},"properties":{"source":"WU","station_id":"KGACUMMI486","name":"","earliest_date":"2023-01-14","latest_date":"2026-10-08","total_days":1314,"total_observations":368135,"years_active":3.6,"days_since_update":2,"extinct":false}},{"type":"Feature","geometry":{"type":"Point","coordinates":[-84.021,34.254]},"properties":{"source":"WU","station_id":"KGACUMMI597","name":"","earliest_date":"2025-01-17","latest_date":"2026-10-08","total_days":597,"total_observations":170802,"years_active":1.63,"days_since_update":2,"extinct":false}},{"type":"Feature","geometry":{"type":"Point","coordinates":[-84.01812,34.26206]},"properties":{"source":"WU","station_id":"KGACUMMI452","name":"","earliest_date":"2022-07-31","latest_date":"2026-10-07","total_days":1490,"total_observations":425505,"years_active":4.08,"days_since_update":3,"extinct":false}},{"type":"Feature","geometry":{"type":"Point","coordinates":[-84.023,34.277]},"properties":{"source":"WU","station_id":"KGACUMMI620","name":"","earliest_date":"2025-08-27","latest_date":"2026-10-08","total_days":259,"total_observations":74411,"years_active":0.71,"days_since_update":2,"extinct":false}},{"type":"Feature","geometry":{"type":"Point","coordinates":[-84.072,34.244]},"properties":{"source":"WU","station_id":"KGACUMMI526","name":"","earliest_date":"2023-12-10","latest_date":"2026-10-08","total_days":871,"total_observations":249473,"years_active":2.38,"days_since_update":2,"extinct":false}},{"type":"Feature","geometry":{"type":"Point","coordinates":[-84.154,34.29]},"properties":{"source":"WU","station_id":"KGACUMMI403","name":"","earliest_date":"2021-11-28","latest_date":"2026-07-26","total_days":1563,"total_observations":447766,"years_active":4.28,"days_since_update":76,"extinct":true}},{"type":"Feature","geometry":{"type":"Point","coordinates":[-84.179,34.196]},"properties":{"source":"WU","station_id":"KGACUMMI535","name":"","earliest_date":"2023-12-28","latest_date":"2026-10-05","total_days":977,"total_observations":279459,"years_active":2.67,"days_since_update":5,"extinct":false}},{"type":"Feature","geometry":{"type":"Point","coordinates":[-84.11524,34.17195]},"properties":{"source":"WU","station_id":"KGACUMMI192","name":"","earliest_date":"2018-02-03","latest_date":"2026-10-08","total_days":3080,"total_observations":872139,"years_active":8.43,"days_since_update":2,"extinct":false}},{"type":"Feature","geometry":{"type":"Point","coordinates":[-84.113,34.185]},"properties":{"source":"WU","station_id":"KGACUMMI581","name":"","earliest_date":"2024-08-17","latest_date":"2026-07-17","total_days":671,"total_observations":192327,"years_active":1.84,"days_since_update":85,"extinct":true}},{"type":"Feature","geometry":{"type":"Point","coordinates":[-84.121,34.181]},"properties":{"source":"WU","station_id":"KGACUMMI360","name":"","earliest_date":"2021-01-01","latest_date":"2026-10-08","total_days":2054,"total_observations":587999,"years_active":5.62,"days_since_update":2,"extinct":false}},{"type":"Feature","geometry":{"type":"Point","coordinates":[-84.10073,34.18542]},"properties":{"source":"WU","station_id":"KGACUMMI151","name":"","earliest_date":"2017-03-30","latest_date":"2026-10-08","total_days":3351,"total_observations":933122,"years_active":9.17,"days_since_update":2,"extinct":false}},{"type":"Feature","geometry":{"type":"Point","coordinates":[-84.14991,34.17864]},"properties":{"source":"WU","station_id":"KGACUMMI142","name":"","earliest_date":"2016-12-28","latest_date":"2026-10-08","total_days":3485,"total_observations":957589,"years_active":9.54,"days_since_update":2,"extinct":false}},{"type":"Feature","geometry":{"type":"Point","coordinates":[-84.155,34.182]},"properties":{"source":"WU","station_id":"KGACUMMI614","name":"","earliest_date":"2025-06-04","latest_date":"2026-10-07","total_days":459,"total_observations":121016,"years_active":1.26,"days_since_update":3,"extinct":false}},{"type":"Feature","geometry":{"type":"Point","coordinates":[-84.156,34.181]},"properties":{"source":"WU","station_id":"KGACUMMI612","name":"","earliest_date":"2025-05-03","latest_date":"2026-10-08","total_days":488,"total_observations":133292,"years_active":1.34,"days_since_update":2,"extinct":false}},{"type":"Feature","geometry":{"type":"Point","coordinates":[-84.151,34.294]},"properties":{"source":"WU","station_id":"KGACUMMI366","name":"","earliest_date":"2026-03-31","latest_date":"2026-10-08","total_days":177,"total_observations":50778,"years_active":0.48,"days_since_update":2,"extinct":false}},{"type":"Feature","geometry":{"type":"Point","coordinates":[-84.152,34.29]},"properties":{"source":"WU","station_id":"KGACUMMI441","name":"","earliest_date":"2022-05-20","latest_date":"2026-07-08","total_days":1477,"total_observations":419874,"years_active":4.04,"days_since_update":94,"extinct":true}},{"type":"Feature","geometry":{"type":"Point","coordinates":[-84.143,34.282]},"properties":{"source":"WU","station_id":"KGACUMMI608","name":"","earliest_date":"2025-03-21","latest_date":"2026-09-25","total_days":522,"total_observations":148753,"years_active":1.43,"days_since_update":15,"extinct":false}},{"type":"Feature","geometry":{"type":"Point","coordinates":[-84.13177,34.29484]},"properties":{"source":"WU","station_id":"KGACUMMI553","name":"","earliest_date":"2024-01-29","latest_date":"2026-10-08","total_days":918,"total_observations":253422,"years_active":2.51,"days_since_update":2,"extinct":false}},{"type":"Feature","geometry":{"type":"Point","coordinates":[-84.13925,34.27729]},"properties":{"source":"WU","station_id":"KGACUMMI213","name":"","earliest_date":"2020-05-04","latest_date":"2026-10-06","total_days":2263,"total_observations":634280,"years_active":6.2,"days_since_update":4,"extinct":false}},{"type":"Feature","geometry":{"type":"Point","coordinates":[-84.12,34.297]},"properties":{"source":"WU","station_id":"KGACUMMI448","name":"","earliest_date":"2022-07-10","latest_date":"2026-10-07","total_days":1515,"total_observations":410123,"years_active":4.15,"days_since_update":3,"extinct":false}},{"type":"Feature","geometry":{"type":"Point","coordinates":[-84.11938,34.28327]},"properties":{"source":"WU","station_id":"KGACUMMI610","name":"","earliest_date":"2025-04-19","latest_date":"2026-10-07","total_days":497,"total_observations":140577,"years_active":1.36,"days_since_update":3,"extinct":false}},{"type":"Feature","geometry":{"type":"Point","coordinates":[-84.073,34.237]},"properties":{"source":"WU","station_id":"KGACUMMI499","name":"","earliest_date":"2024-10-24","latest_date":"2026-10-08","total_days":428,"total_observations":80022,"years_active":1.17,"days_since_update":2,"extinct":false}},{"type":"Feature","geometry":{"type":"Point","coordinates":[-84.008,34.278]},"properties":{"source":"WU","station_id":"KGAGAINE190","name":"","earliest_date":"2025-08-30","latest_date":"2026-10-08","total_days":376,"total_observations":107892,"years_active":1.03,"days_since_update":2,"extinct":false}},{"type":"Feature","geometry":{"type":"Point","coordinates":[-84.009,34.28]},"properties":{"source":"WU","station_id":"KGAGAINE257","name":"","earliest_date":"2023-12-23","latest_date":"2026-10-07","total_days":977,"total_observations":280573,"years_active":2.67,"days_since_update":3,"extinct":false}},{"type":"Feature","geometry":{"type":"Point","coordinates":[-84.005,34.245]},"properties":{"source":"WU","station_id":"KGAGAINE172","name":"","earliest_date":"2021-08-18","latest_date":"2026-10-07","total_days":1840,"total_observations":523461,"years_active":5.04,"days_since_update":3,"extinct":false}},{"type":"Feature","geometry":{"type":"Point","coordinates":[-84.001,34.247]},"properties":{"source":"WU","station_id":"KGAGAINE332","name":"","earliest_date":"2025-07-29","latest_date":"2026-10-07","total_days":397,"total_observations":113040,"years_active":1.09,"days_since_update":3,"extinct":false}},{"type":"Feature","geometry":{"type":"Point","coordinates":[-84.099,34.293]},"properties":{"source":"WU","station_id":"KGACUMMI479","name":"","earliest_date":"2022-12-25","latest_date":"2026-10-07","total_days":1344,"total_observations":384639,"years_active":3.68,"days_since_update":3,"extinct":false}},{"type":"Feature","geometry":{"type":"Point","coordinates":[-84.104,34.3]},"properties":{"source":"WU","station_id":"KGACUMMI287","name":"","earliest_date":"2019-12-25","latest_date":"2026-01-12","total_days":2165,"total_observations":617197,"years_active":5.93,"days_since_update":271,"extinct":true}},{"type":"Feature","geometry":{"type":"Point","coordinates":[-84.10434,34.28255]},"properties":{"source":"WU","station_id":"KGACUMMI569","name":"","earliest_date":"2024-06-01","latest_date":"2026-10-08","total_days":819,"total_observations":228387,"years_active":2.24,"days_since_update":2,"extinct":false}},{"type":"Feature","geometry":{"type":"Point","coordinates":[-84.12,34.281]},"properties":{"source":"WU","station_id":"KGACUMMI343","name":"","earliest_date":"2020-10-18","latest_date":"2026-10-08","total_days":2115,"total_observations":602971,"years_active":5.79,"days_since_update":2,"extinct":false}},{"type":"Feature","geometry":{"type":"Point","coordinates":[-84.10785,34.2717]},"properties":{"source":"WU","station_id":"KGACUMMI389","name":"","earliest_date":"2021-07-29","latest_date":"2026-06-23","total_days":1659,"total_observations":470063,"years_active":4.54,"days_since_update":109,"extinct":true}},{"type":"Feature","geometry":{"type":"Point","coordinates":[-84.24014,34.19772]},"properties":{"source":"WU","station_id":"KGACUMMI6","name":"","earliest_date":"2023-02-21","latest_date":"2026-10-07","total_days":1287,"total_observations":369643,"years_active":3.52,"days_since_update":3,"extinct":false}},{"type":"Feature","geometry":{"type":"Point","coordinates":[-84.132,34.318]},"properties":{"source":"WU","station_id":"KGACUMMI505","name":"","earliest_date":"2023-10-04","latest_date":"2026-10-08","total_days":1064,"total_observations":290188,"years_active":2.91,"days_since_update":2,"extinct":false}},{"type":"Feature","geometry":{"type":"Point","coordinates":[-84.17859,34.19521]},"properties":{"source":"WU","station_id":"KGACUMMI532","name":"","earliest_date":"2023-12-09","latest_date":"2026-10-07","total_days":994,"total_observations":278038,"years_active":2.72,"days_since_update":3,"extinct":false}},{"type":"Feature","geometry":{"type":"Point","coordinates":[-84.16844,34.18858]},"properties":{"source":"WU","station_id":"KGACUMMI591","name":"","earliest_date":"2024-12-26","latest_date":"2026-10-08","total_days":613,"total_observations":176123,"years_active":1.68,"days_since_update":2,"extinct":false}},{"type":"Feature","geometry":{"type":"Point","coordinates":[-84.11555,34.27424]},"properties":{"source":"WU","station_id":"KGACUMMI62","name":"","earliest_date":"2025-10-09","latest_date":"2026-09-01","total_days":266,"total_observations":74382,"years_active":0.73,"days_since_update":39,"extinct":true}},{"type":"Feature","geometry":{"type":"Point","coordinates":[-84.116,34.274]},"properties":{"source":"WU","station_id":"KGACUMMI316","name":"","earliest_date":"2020-06-06","latest_date":"2026-05-25","total_days":2126,"total_observations":547566,"years_active":5.82,"days_since_update":138,"extinct":true}},{"type":"Feature","geometry":{"type":"Point","coordinates":[-84.01,34.284]},"properties":{"source":"WU","station_id":"KGAGAINE149","name":"","earliest_date":"2020-12-26","latest_date":"2026-10-07","total_days":1970,"total_observations":548976,"years_active":5.39,"days_since_update":3,"extinct":false}},{"type":"Feature","geometry":{"type":"Point","coordinates":[-83.996,34.32]},"properties":{"source":"WU","station_id":"KGAGAINE289","name":"","earliest_date":"2024-09-28","latest_date":"2026-10-07","total_days":579,"total_observations":163162,"years_active":1.59,"days_since_update":3,"extinct":false}},{"type":"Feature","geometry":{"type":"Point","coordinates":[-83.985,34.292]},"properties":{"source":"WU","station_id":"KGAGAINE302","name":"","earliest_date":"2025-08-07","latest_date":"2026-10-07","total_days":351,"total_observations":100559,"years_active":0.96,"days_since_update":3,"extinct":false}},{"type":"Feature","geometry":{"type":"Point","coordinates":[-83.83884,33.94207]},"properties":{"source":"WU","station_id":"KGADACUL24","name":"","earliest_date":"2023-07-29","latest_date":"2026-10-06","total_days":1113,"total_observations":316126,"years_active":3.05,"days_since_update":4,"extinct":false}},{"type":"Feature","geometry":{"type":"Point","coordinates":[-83.857,33.953]},"properties":{"source":"WU","station_id":"KGADACUL54","name":"","earliest_date":"2025-04-17","latest_date":"2026-05-07","total_days":222,"total_observations":62576,"years_active":0.61,"days_since_update":156,"extinct":false}},{"type":"Feature","geometry":{"type":"Point","coordinates":[-83.8757,33.93551]},"properties":{"source":"WU","station_id":"KGADACUL53","name":"","earliest_date":"2022-03-19","latest_date":"2026-10-08","total_days":1623,"total_observations":464408,"years_active":4.44,"days_since_update":2,"extinct":false}},{"type":"Feature","geometry":{"type":"Point","coordinates":[-83.877,33.918]},"properties":{"source":"WU","station_id":"KGADACUL70","name":"","earliest_date":"2024-12-09","latest_date":"2026-03-02","total_days":427,"total_observations":117162,"years_active":1.17,"days_since_update":222,"extinct":true}},{"type":"Feature","geometry":{"type":"Point","coordinates":[-83.89849,33.96774]},"properties":{"source":"WU","station_id":"KGADACUL17","name":"","earliest_date":"2023-05-16","latest_date":"2026-10-06","total_days":1198,"total_observations":286695,"years_active":3.28,"days_since_update":4,"extinct":false}},{"type":"Feature","geometry":{"type":"Point","coordinates":[-83.92103,34.00181]},"properties":{"source":"WU","station_id":"KGADACUL51","name":"","earliest_date":"2021-09-02","latest_date":"2026-10-07","total_days":1662,"total_observations":459406,"years_active":4.55,"days_since_update":3,"extinct":false}},{"type":"Feature","geometry":{"type":"Point","coordinates":[-83.92765,33.96614]},"properties":{"source":"WU","station_id":"KGALAWRE160","name":"","earliest_date":"2020-12-27","latest_date":"2026-10-07","total_days":2053,"total_observations":587439,"years_active":5.62,"days_since_update":3,"extinct":false}},{"type":"Feature","geometry":{"type":"Point","coordinates":[-83.924,34.018]},"properties":{"source":"WU","station_id":"KGADACUL52","name":"","earliest_date":"2022-02-27","latest_date":"2026-10-08","total_days":1647,"total_observations":472233,"years_active":4.51,"days_since_update":2,"extinct":false}},{"type":"Feature","geometry":{"type":"Point","coordinates":[-83.936,34.023]},"properties":{"source":"WU","station_id":"KGALAWRE240","name":"","earliest_date":"2023-06-17","latest_date":"2026-10-07","total_days":1174,"total_observations":330052,"years_active":3.21,"days_since_update":3,"extinct":false}},{"type":"Feature","geometry":{"type":"Point","coordinates":[-83.94,33.979]},"properties":{"source":"WU","station_id":"KGADACUL64","name":"","earliest_date":"2025-05-06","latest_date":"2025-05-24","total_days":19,"total_observations":5294,"years_active":0.05,"days_since_update":504,"extinct":true}},{"type":"Feature","geometry":{"type":"Point","coordinates":[-83.952,34.01]},"properties":{"source":"WU","station_id":"KGALAWRE285","name":"","earliest_date":"2025-05-21","latest_date":"2026-10-07","total_days":472,"total_observations":135341,"years_active":1.29,"days_since_update":3,"extinct":false}},{"type":"Feature","geometry":{"type":"Point","coordinates":[-83.95815,34.00278]},"properties":{"source":"WU","station_id":"KGALAWRE223","name":"","earliest_date":"2022-12-25","latest_date":"2026-08-10","total_days":1305,"total_observations":362212,"years_active":3.57,"days_since_update":61,"extinct":true}},{"type":"Feature","geometry":{"type":"Point","coordinates":[-83.959,34.003]},"properties":{"source":"WU","station_id":"KGALAWRE239","name":"","earliest_date":"2025-02-05","latest_date":"2026-10-08","total_days":585,"total_observations":168077,"years_active":1.6,"days_since_update":2,"extinct":false}},{"type":"Feature","geometry":{"type":"Point","coordinates":[-83.929,33.929]},"properties":{"source":"WU","station_id":"KGALAWRE292","name":"","earliest_date":"2025-11-28","latest_date":"2026-10-08","total_days":281,"total_observations":79953,"years_active":0.77,"days_since_update":2,"extinct":false}},{"type":"Feature","geometry":{"type":"Point","coordinates":[-83.921,33.909]},"properties":{"source":"WU","station_id":"KGALAWRE215","name":"","earliest_date":"2025-07-02","latest_date":"2026-10-08","total_days":432,"total_observations":119282,"years_active":1.18,"days_since_update":2,"extinct":false}},{"type":"Feature","geometry":{"type":"Point","coordinates":[-83.93,33.899]},"properties":{"source":"WU","station_id":"KGAGRAYS28","name":"","earliest_date":"2021-09-26","latest_date":"2026-10-08","total_days":1765,"total_observations":500009,"years_active":4.83,"days_since_update":2,"extinct":false}},{"type":"Feature","geometry":{"type":"Point","coordinates":[-83.93038,33.89881]},"properties":{"source":"WU","station_id":"KGAGRAYS7","name":"","earliest_date":"2016-09-08","latest_date":"2026-10-08","total_days":3587,"total_observations":1001270,"years_active":9.82,"days_since_update":2,"extinct":false}},{"type":"Feature","geometry":{"type":"Point","coordinates":[-83.926,33.891]},"properties":{"source":"WU","station_id":"KGAGRAYS27","name":"","earliest_date":"2020-06-15","latest_date":"2026-10-08","total_days":2219,"total_observations":615744,"years_active":6.08,"days_since_update":2,"extinct":false}},{"type":"Feature","geometry":{"type":"Point","coordinates":[-84.714,33.949]},"properties":{"source":"WU","station_id":"KGAPOWDE70","name":"","earliest_date":"2022-08-09","latest_date":"2026-10-06","total_days":1475,"total_observations":408977,"years_active":4.04,"days_since_update":4,"extinct":false}},{"type":"Feature","geometry":{"type":"Point","coordinates":[-84.722,33.923]},"properties":{"source":"WU","station_id":"KGAPOWDE61","name":"","earliest_date":"2022-10-10","latest_date":"2025-12-02","total_days":1111,"total_observations":316647,"years_active":3.04,"days_since_update":312,"extinct":true}},{"type":"Feature","geometry":{"type":"Point","coordinates":[-84.709,33.924]},"properties":{"source":"WU","station_id":"KGAPOWDE60","name":"","earliest_date":"2023-01-27","latest_date":"2026-02-02","total_days":1084,"total_observations":296759,"years_active":2.97,"days_since_update":250,"extinct":true}},{"type":"Feature","geometry":{"type":"Point","coordinates":[-84.71867,33.91747]},"properties":{"source":"WU","station_id":"KGAPOWDE41","name":"","earliest_date":"2020-07-09","latest_date":"2026-10-07","total_days":1909,"total_observations":511514,"years_active":5.23,"days_since_update":3,"extinct":false}},{"type":"Feature","geometry":{"type":"Point","coordinates":[-84.71,33.922]},"properties":{"source":"WU","station_id":"KGAPOWDE93","name":"","earliest_date":"2023-12-26","latest_date":"2026-08-09","total_days":401,"total_observations":92723,"years_active":1.1,"days_since_update":62,"extinct":true}},{"type":"Feature","geometry":{"type":"Point","coordinates":[-84.73073,33.96604]},"properties":{"source":"WU","station_id":"KGAPOWDE64","name":"","earliest_date":"2025-02-05","latest_date":"2026-10-08","total_days":397,"total_observations":106888,"years_active":1.09,"days_since_update":2,"extinct":false}},{"type":"Feature","geometry":{"type":"Point","coordinates":[-84.70291,33.95137]},"properties":{"source":"WU","station_id":"KGAPOWDE54","name":"","earliest_date":"2023-04-08","latest_date":"2026-10-07","total_days":1230,"total_observations":340408,"years_active":3.37,"days_since_update":3,"extinct":false}},{"type":"Feature","geometry":{"type":"Point","coordinates":[-84.281,33.786]},"properties":{"source":"WU","station_id":"KGADECAT101","name":"","earliest_date":"2021-09-19","latest_date":"2026-10-07","total_days":1765,"total_observations":433027,"years_active":4.83,"days_since_update":3,"extinct":false}},{"type":"Feature","geometry":{"type":"Point","coordinates":[-84.28696,33.78511]},"properties":{"source":"WU","station_id":"KGADECAT8","name":"","earliest_date":"2018-05-27","latest_date":"2026-10-08","total_days":2965,"total_observations":822545,"years_active":8.12,"days_since_update":2,"extinct":false}},{"type":"Feature","geometry":{"type":"Point","coordinates":[-84.28,33.78]},"properties":{"source":"WU","station_id":"KGADECAT111","name":"","earliest_date":"2025-02-05","latest_date":"2026-10-08","total_days":574,"total_observations":164657,"years_active":1.57,"days_since_update":2,"extinct":false}},{"type":"Feature","geometry":{"type":"Point","coordinates":[-84.291,33.789]},"properties":{"source":"WU","station_id":"KGADECAT155","name":"","earliest_date":"2025-03-21","latest_date":"2026-10-06","total_days":527,"total_observations":151184,"years_active":1.44,"days_since_update":4,"extinct":false}},{"type":"Feature","geometry":{"type":"Point","coordinates":[-84.286,33.775]},"properties":{"source":"WU","station_id":"KGADECAT149","name":"","earliest_date":"2024-12-21","latest_date":"2026-10-08","total_days":614,"total_observations":156131,"years_active":1.68,"days_since_update":2,"extinct":false}},{"type":"Feature","geometry":{"type":"Point","coordinates":[-84.285,33.801]},"properties":{"source":"WU","station_id":"KGADECAT154","name":"","earliest_date":"2025-02-24","latest_date":"2026-10-08","total_days":554,"total_observations":154854,"years_active":1.52,"days_since_update":2,"extinct":false}},{"type":"Feature","geometry":{"type":"Point","coordinates":[-84.27373,33.77122]},"properties":{"source":"WU","station_id":"KGADECAT148","name":"","earliest_date":"2024-12-02","latest_date":"2026-10-06","total_days":643,"total_observations":176929,"years_active":1.76,"days_since_update":4,"extinct":false}},{"type":"Feature","geometry":{"type":"Point","coordinates":[-84.269,33.772]},"properties":{"source":"WU","station_id":"KGAAVOND28","name":"","earliest_date":"2025-11-01","latest_date":"2026-08-15","total_days":281,"total_observations":80230,"years_active":0.77,"days_since_update":56,"extinct":true}},{"type":"Feature","geometry":{"type":"Point","coordinates":[-84.288,33.803]},"properties":{"source":"WU","station_id":"KGADECAT157","name":"","earliest_date":"2025-06-05","latest_date":"2026-10-08","total_days":340,"total_observations":97158,"years_active":0.93,"days_since_update":2,"extinct":false}},{"type":"Feature","geometry":{"type":"Point","coordinates":[-84.274,33.826]},"properties":{"source":"WU","station_id":"KGADECAT151","name":"","earliest_date":"2025-02-10","latest_date":"2026-10-02","total_days":564,"total_observations":161387,"years_active":1.54,"days_since_update":8,"extinct":false}},{"type":"Feature","geometry":{"type":"Point","coordinates":[-84.263,33.772]},"properties":{"source":"WU","station_id":"KGAAVOND23","name":"","earliest_date":"2026-03-31","latest_date":"2026-10-08","total_days":173,"total_observations":49679,"years_active":0.47,"days_since_update":2,"extinct":false}},{"type":"Feature","geometry":{"type":"Point","coordinates":[-84.25832,33.77133]},"properties":{"source":"WU","station_id":"KGAAVOND8","name":"","earliest_date":"2024-08-13","latest_date":"2025-12-02","total_days":436,"total_observations":123576,"years_active":1.19,"days_since_update":312,"extinct":true}},{"type":"Feature","geometry":{"type":"Point","coordinates":[-84.265,33.763]},"properties":{"source":"WU","station_id":"KGAAVOND18","name":"","earliest_date":"2023-04-22","latest_date":"2026-06-10","total_days":1122,"total_observations":314178,"years_active":3.07,"days_since_update":122,"extinct":true}},{"type":"Feature","geometry":{"type":"Point","coordinates":[-84.30445,33.77571]},"properties":{"source":"WU","station_id":"KGADECAT136","name":"","earliest_date":"2024-03-17","latest_date":"2026-10-07","total_days":766,"total_observations":209397,"years_active":2.1,"days_since_update":3,"extinct":false}},{"type":"Feature","geometry":{"type":"Point","coordinates":[-84.281,33.669]},"properties":{"source":"WU","station_id":"KGAELLEN12","name":"","earliest_date":"2024-06-03","latest_date":"2026-10-08","total_days":785,"total_observations":223499,"years_active":2.15,"days_since_update":2,"extinct":false}},{"type":"Feature","geometry":{"type":"Point","coordinates":[-84.273,33.664]},"properties":{"source":"WU","station_id":"KGAELLEN11","name":"","earliest_date":"2023-09-21","latest_date":"2026-10-08","total_days":1046,"total_observations":285178,"years_active":2.86,"days_since_update":2,"extinct":false}},{"type":"Feature","geometry":{"type":"Point","coordinates":[-84.239,33.96]},"properties":{"source":"WU","station_id":"KGAPEACH102","name":"","earliest_date":"2026-03-31","latest_date":"2026-10-07","total_days":176,"total_observations":50049,"years_active":0.48,"days_since_update":3,"extinct":false}},{"type":"Feature","geometry":{"type":"Point","coordinates":[-84.703,33.771]},"properties":{"source":"WU","station_id":"KGADOUGL127","name":"","earliest_date":"2022-06-05","latest_date":"2026-10-07","total_days":1531,"total_observations":438761,"years_active":4.19,"days_since_update":3,"extinct":false}},{"type":"Feature","geometry":{"type":"Point","coordinates":[-84.703,33.752]},"properties":{"source":"WU","station_id":"KGADOUGL145","name":"","earliest_date":"2022-08-14","latest_date":"2026-10-08","total_days":1480,"total_observations":424509,"years_active":4.05,"days_since_update":2,"extinct":false}},{"type":"Feature","geometry":{"type":"Point","coordinates":[-84.715,33.789]},"properties":{"source":"WU","station_id":"KGADOUGL173","name":"","earliest_date":"2024-06-16","latest_date":"2026-10-07","total_days":806,"total_observations":230162,"years_active":2.21,"days_since_update":3,"extinct":false}},{"type":"Feature","geometry":{"type":"Point","coordinates":[-84.65544,33.75807]},"properties":{"source":"WU","station_id":"KGALITHI8","name":"","earliest_date":"2025-05-13","latest_date":"2026-09-18","total_days":62,"total_observations":5452,"years_active":0.17,"days_since_update":22,"extinct":false}},{"type":"Feature","geometry":{"type":"Point","coordinates":[-84.658,33.737]},"properties":{"source":"WU","station_id":"KGALITHI9","name":"","earliest_date":"2023-02-28","latest_date":"2026-02-01","total_days":1053,"total_observations":300568,"years_active":2.88,"days_since_update":251,"extinct":true}},{"type":"Feature","geometry":{"type":"Point","coordinates":[-84.767,33.748]},"properties":{"source":"WU","station_id":"KGADOUGL121","name":"","earliest_date":"2022-05-24","latest_date":"2026-10-07","total_days":1560,"total_observations":442811,"years_active":4.27,"days_since_update":3,"extinct":false}},{"type":"Feature","geometry":{"type":"Point","coordinates":[-84.747,33.715]},"properties":{"source":"WU","station_id":"KGADOUGL184","name":"","earliest_date":"2025-03-02","latest_date":"2026-10-08","total_days":552,"total_observations":151865,"years_active":1.51,"days_since_update":2,"extinct":false}},{"type":"Feature","geometry":{"type":"Point","coordinates":[-84.70695,33.6925]},"properties":{"source":"WU","station_id":"KGADOUGL5","name":"","earliest_date":"2025-03-27","latest_date":"2026-02-20","total_days":234,"total_observations":8460,"years_active":0.64,"days_since_update":232,"extinct":true}},{"type":"Feature","geometry":{"type":"Point","coordinates":[-84.85995,33.62337]},"properties":{"source":"WU","station_id":"KGADOUGL170","name":"","earliest_date":"2023-12-19","latest_date":"2026-10-08","total_days":985,"total_observations":259963,"years_active":2.7,"days_since_update":2,"extinct":false}},{"type":"Feature","geometry":{"type":"Point","coordinates":[-84.841,33.637]},"properties":{"source":"WU","station_id":"KGADOUGL91","name":"","earliest_date":"2022-01-09","latest_date":"2026-10-08","total_days":1689,"total_observations":471889,"years_active":4.62,"days_since_update":2,"extinct":false}},{"type":"Feature","geometry":{"type":"Point","coordinates":[-84.892,33.607]},"properties":{"source":"WU","station_id":"KGAWINST27","name":"","earliest_date":"2025-05-03","latest_date":"2026-10-08","total_days":496,"total_observations":142010,"years_active":1.36,"days_since_update":2,"extinct":false}},{"type":"Feature","geometry":{"type":"Point","coordinates":[-84.832,33.601]},"properties":{"source":"WU","station_id":"KGADOUGL183","name":"","earliest_date":"2025-02-27","latest_date":"2026-10-07","total_days":544,"total_observations":154514,"years_active":1.49,"days_since_update":3,"extinct":false}},{"type":"Feature","geometry":{"type":"Point","coordinates":[-84.834,33.598]},"properties":{"source":"WU","station_id":"KGADOUGL175","name":"","earliest_date":"2025-01-11","latest_date":"2026-10-07","total_days":599,"total_observations":167011,"years_active":1.64,"days_since_update":3,"extinct":false}},{"type":"Feature","geometry":{"type":"Point","coordinates":[-84.8339,33.59768]},"properties":{"source":"WU","station_id":"KGADOUGL181","name":"","earliest_date":"2025-01-24","latest_date":"2026-10-08","total_days":595,"total_observations":170541,"years_active":1.63,"days_since_update":2,"extinct":false}},{"type":"Feature","geometry":{"type":"Point","coordinates":[-84.872,33.589]},"properties":{"source":"WU","station_id":"KGAWINST15","name":"","earliest_date":"2026-03-31","latest_date":"2026-10-07","total_days":173,"total_observations":48410,"years_active":0.47,"days_since_update":3,"extinct":false}},{"type":"Feature","geometry":{"type":"Point","coordinates":[-84.883,33.589]},"properties":{"source":"WU","station_id":"KGAWINST25","name":"","earliest_date":"2025-03-05","latest_date":"2026-10-07","total_days":424,"total_observations":121589,"years_active":1.16,"days_since_update":3,"extinct":false}},{"type":"Feature","geometry":{"type":"Point","coordinates":[-84.843,33.66]},"properties":{"source":"WU","station_id":"KGAWINST28","name":"","earliest_date":"2025-05-10","latest_date":"2026-10-08","total_days":366,"total_observations":105105,"years_active":1.0,"days_since_update":2,"extinct":false}},{"type":"Feature","geometry":{"type":"Point","coordinates":[-84.803,33.685]},"properties":{"source":"WU","station_id":"KGADOUGL174","name":"","earliest_date":"2024-07-29","latest_date":"2026-10-08","total_days":772,"total_observations":221225,"years_active":2.11,"days_since_update":2,"extinct":false}},{"type":"Feature","geometry":{"type":"Point","coordinates":[-84.782,33.668]},"properties":{"source":"WU","station_id":"KGADOUGL182","name":"","earliest_date":"2025-02-16","latest_date":"2026-10-08","total_days":564,"total_observations":161727,"years_active":1.54,"days_since_update":2,"extinct":false}},{"type":"Feature","geometry":{"type":"Point","coordinates":[-84.781,33.705]},"properties":{"source":"WU","station_id":"KGADOUGL155","name":"","earliest_date":"2022-12-31","latest_date":"2026-10-08","total_days":1338,"total_observations":384317,"years_active":3.66,"days_since_update":2,"extinct":false}},{"type":"Feature","geometry":{"type":"Point","coordinates":[-84.778,33.666]},"properties":{"source":"WU","station_id":"KGADOUGL128","name":"","earliest_date":"2022-10-10","latest_date":"2026-10-08","total_days":1410,"total_observations":403533,"years_active":3.86,"days_since_update":2,"extinct":false}},{"type":"Feature","geometry":{"type":"Point","coordinates":[-84.784,33.713]},"properties":{"source":"WU","station_id":"KGAWINST16","name":"","earliest_date":"2024-06-28","latest_date":"2026-10-08","total_days":797,"total_observations":221979,"years_active":2.18,"days_since_update":2,"extinct":false}},{"type":"Feature","geometry":{"type":"Point","coordinates":[-84.787,33.647]},"properties":{"source":"WU","station_id":"KGADOUGL93","name":"","earliest_date":"2022-02-08","latest_date":"2026-10-08","total_days":1609,"total_observations":111668,"years_active":4.41,"days_since_update":2,"extinct":false}},{"type":"Feature","geometry":{"type":"Point","coordinates":[-84.76,33.705]},"properties":{"source":"WU","station_id":"KGADOUGL176","name":"","earliest_date":"2024-10-26","latest_date":"2026-10-07","total_days":665,"total_observations":188008,"years_active":1.82,"days_since_update":3,"extinct":false}},{"type":"Feature","geometry":{"type":"Point","coordinates":[-84.766,33.656]},"properties":{"source":"WU","station_id":"KGADOUGL132","name":"","earliest_date":"2022-06-22","latest_date":"2026-10-08","total_days":1506,"total_observations":397821,"years_active":4.12,"days_since_update":2,"extinct":false}},{"type":"Feature","geometry":{"type":"Point","coordinates":[-84.854,33.689]},"properties":{"source":"WU","station_id":"KGAWINST17","name":"","earliest_date":"2025-10-23","latest_date":"2026-07-15","total_days":164,"total_observations":37561,"years_active":0.45,"days_since_update":87,"extinct":true}},{"type":"Feature","geometry":{"type":"Point","coordinates":[-84.78427,33.62165]},"properties":{"source":"WU","station_id":"KGADOUGL202","name":"","earliest_date":"2025-10-10","latest_date":"2026-10-07","total_days":222,"total_observations":63785,"years_active":0.61,"days_since_update":3,"extinct":false}},{"type":"Feature","geometry":{"type":"Point","coordinates":[-84.84314,33.77216]},"properties":{"source":"WU","station_id":"KGADOUGL41","name":"","earliest_date":"2017-05-24","latest_date":"2026-10-07","total_days":3346,"total_observations":315422,"years_active":9.16,"days_since_update":3,"extinct":false}},{"type":"Feature","geometry":{"type":"Point","coordinates":[-84.85622,33.73621]},"properties":{"source":"WU","station_id":"KGAVILLA34","name":"","earliest_date":"2019-12-24","latest_date":"2026-10-08","total_days":2413,"total_observations":659216,"years_active":6.61,"days_since_update":2,"extinct":false}},{"type":"Feature","geometry":{"type":"Point","coordinates":[-84.9,33.742]},"properties":{"source":"WU","station_id":"KGAVILLA65","name":"","earliest_date":"2026-03-31","latest_date":"2026-10-08","total_days":129,"total_observations":36563,"years_active":0.35,"days_since_update":2,"extinct":false}},{"type":"Feature","geometry":{"type":"Point","coordinates":[-84.895,33.733]},"properties":{"source":"WU","station_id":"KGAVILLA47","name":"","earliest_date":"2021-03-25","latest_date":"2026-09-10","total_days":1963,"total_observations":562126,"years_active":5.37,"days_since_update":30,"extinct":false}},{"type":"Feature","geometry":{"type":"Point","coordinates":[-84.114,34.034]},"properties":{"source":"WU","station_id":"KGADULUT101","name":"","earliest_date":"2024-02-03","latest_date":"2026-10-07","total_days":942,"total_observations":248945,"years_active":2.58,"days_since_update":3,"extinct":false}},{"type":"Feature","geometry":{"type":"Point","coordinates":[-84.107,34.023]},"properties":{"source":"WU","station_id":"KGADULUT109","name":"","earliest_date":"2024-12-27","latest_date":"2026-10-08","total_days":620,"total_observations":177460,"years_active":1.7,"days_since_update":2,"extinct":false}},{"type":"Feature","geometry":{"type":"Point","coordinates":[-84.10539,34.01676]},"properties":{"source":"WU","station_id":"KGADULUT57","name":"","earliest_date":"2020-02-18","latest_date":"2026-05-10","total_days":2226,"total_observations":634781,"years_active":6.09,"days_since_update":153,"extinct":true}},{"type":"Feature","geometry":{"type":"Point","coordinates":[-84.131,34.047]},"properties":{"source":"WU","station_id":"KGAJOHNS48","name":"","earliest_date":"2024-09-24","latest_date":"2026-10-08","total_days":602,"total_observations":166699,"years_active":1.65,"days_since_update":2,"extinct":false}},{"type":"Feature","geometry":{"type":"Point","coordinates":[-84.105,34.016]},"properties":{"source":"WU","station_id":"KGADULUT69","name":"","earliest_date":"2025-02-05","latest_date":"2026-05-30","total_days":465,"total_observations":131287,"years_active":1.27,"days_since_update":133,"extinct":true}},{"type":"Feature","geometry":{"type":"Point","coordinates":[-84.093,34.024]},"properties":{"source":"WU","station_id":"KGASUWAN85","name":"","earliest_date":"2020-01-01","latest_date":"2026-10-07","total_days":2390,"total_observations":681972,"years_active":6.54,"days_since_update":3,"extinct":false}},{"type":"Feature","geometry":{"type":"Point","coordinates":[-84.122,34.008]},"properties":{"source":"WU","station_id":"KGADULUT104","name":"","earliest_date":"2025-10-27","latest_date":"2025-12-03","total_days":32,"total_observations":9151,"years_active":0.09,"days_since_update":311,"extinct":true}},{"type":"Feature","geometry":{"type":"Point","coordinates":[-84.103,34.061]},"properties":{"source":"WU","station_id":"KGASUWAN101","name":"","earliest_date":"2021-01-05","latest_date":"2026-10-08","total_days":1926,"total_observations":548423,"years_active":5.27,"days_since_update":2,"extinct":false}},{"type":"Feature","geometry":{"type":"Point","coordinates":[-84.112,34.005]},"properties":{"source":"WU","station_id":"KGADULUT98","name":"","earliest_date":"2023-12-27","latest_date":"2026-10-07","total_days":978,"total_observations":270334,"years_active":2.68,"days_since_update":3,"extinct":false}},{"type":"Feature","geometry":{"type":"Point","coordinates":[-84.119,34.004]},"properties":{"source":"WU","station_id":"KGADULUT72","name":"","earliest_date":"2022-02-27","latest_date":"2026-10-06","total_days":1521,"total_observations":428640,"years_active":4.16,"days_since_update":4,"extinct":false}},{"type":"Feature","geometry":{"type":"Point","coordinates":[-84.118,34.00358]},"properties":{"source":"WU","station_id":"KGADULUT84","name":"","earliest_date":"2022-02-14","latest_date":"2026-10-07","total_days":1645,"total_observations":469801,"years_active":4.5,"days_since_update":3,"extinct":false}},{"type":"Feature","geometry":{"type":"Point","coordinates":[-84.119,34.003]},"properties":{"source":"WU","station_id":"KGADULUT77","name":"","earliest_date":"2022-01-08","latest_date":"2026-10-08","total_days":1687,"total_observations":479936,"years_active":4.62,"days_since_update":2,"extinct":false}},{"type":"Feature","geometry":{"type":"Point","coordinates":[-84.14483,34.01855]},"properties":{"source":"WU","station_id":"KGADULUT97","name":"","earliest_date":"2023-11-10","latest_date":"2026-10-06","total_days":1018,"total_observations":283474,"years_active":2.79,"days_since_update":4,"extinct":false}},{"type":"Feature","geometry":{"type":"Point","coordinates":[-84.13086,33.98248]},"properties":{"source":"WU","station_id":"KGADULUT88","name":"","earliest_date":"2023-07-08","latest_date":"2026-10-05","total_days":1148,"total_observations":329329,"years_active":3.14,"days_since_update":5,"extinct":false}},{"type":"Feature","geometry":{"type":"Point","coordinates":[-84.111,33.972]},"properties":{"source":"WU","station_id":"KGADULUT106","name":"","earliest_date":"2024-12-26","latest_date":"2026-10-07","total_days":468,"total_observations":125883,"years_active":1.28,"days_since_update":3,"extinct":false}},{"type":"Feature","geometry":{"type":"Point","coordinates":[-84.141,33.982]},"properties":{"source":"WU","station_id":"KGADULUT99","name":"","earliest_date":"2024-01-10","latest_date":"2026-10-08","total_days":959,"total_observations":273922,"years_active":2.63,"days_since_update":2,"extinct":false}},{"type":"Feature","geometry":{"type":"Point","coordinates":[-84.147,34.052]},"properties":{"source":"WU","station_id":"KGADULUT68","name":"","earliest_date":"2021-01-03","latest_date":"2026-10-08","total_days":1989,"total_observations":566964,"years_active":5.45,"days_since_update":2,"extinct":false}},{"type":"Feature","geometry":{"type":"Point","coordinates":[-84.171,34.038]},"properties":{"source":"WU","station_id":"KGAJOHNS33","name":"","earliest_date":"2023-01-20","latest_date":"2026-06-20","total_days":1177,"total_observations":332618,"years_active":3.22,"days_since_update":112,"extinct":true}},{"type":"Feature","geometry":{"type":"Point","coordinates":[-84.173,34.035]},"properties":{"source":"WU","station_id":"KGAJOHNS52","name":"","earliest_date":"2025-02-16","latest_date":"2026-10-07","total_days":566,"total_observations":155795,"years_active":1.55,"days_since_update":3,"extinct":false}},{"type":"Feature","geometry":{"type":"Point","coordinates":[-84.126,34.082]},"properties":{"source":"WU","station_id":"KGASUWAN141","name":"","earliest_date":"2024-03-28","latest_date":"2026-04-17","total_days":730,"total_observations":194664,"years_active":2.0,"days_since_update":176,"extinct":true}},{"type":"Feature","geometry":{"type":"Point","coordinates":[-84.10672,34.06559]},"properties":{"source":"WU","station_id":"KGASUWAN8","name":"","earliest_date":"2023-03-27","latest_date":"2026-10-06","total_days":1100,"total_observations":304787,"years_active":3.01,"days_since_update":4,"extinct":false}},{"type":"Feature","geometry":{"type":"Point","coordinates":[-84.11564,34.21864]},"properties":{"source":"WU","station_id":"KGAPIRKL3","name":"","earliest_date":"2025-07-31","latest_date":"2026-10-08","total_days":410,"total_observations":97373,"years_active":1.12,"days_since_update":2,"extinct":false}},{"type":"Feature","geometry":{"type":"Point","coordinates":[-84.3321,33.93859]},"properties":{"source":"WU","station_id":"KGADUNWO25","name":"","earliest_date":"2023-07-09","latest_date":"2026-10-08","total_days":1154,"total_observations":322511,"years_active":3.16,"days_since_update":2,"extinct":false}},{"type":"Feature","geometry":{"type":"Point","coordinates":[-84.329,33.953]},"properties":{"source":"WU","station_id":"KGADUNWO14","name":"","earliest_date":"2021-05-22","latest_date":"2026-10-08","total_days":1920,"total_observations":539738,"years_active":5.26,"days_since_update":2,"extinct":false}},{"type":"Feature","geometry":{"type":"Point","coordinates":[-84.34326,33.93704]},"properties":{"source":"WU","station_id":"KGADUNWO9","name":"","earliest_date":"2025-01-04","latest_date":"2026-03-20","total_days":411,"total_observations":107656,"years_active":1.13,"days_since_update":204,"extinct":true}},{"type":"Feature","geometry":{"type":"Point","coordinates":[-84.352,33.941]},"properties":{"source":"WU","station_id":"KGASANDY44","name":"","earliest_date":"2025-02-05","latest_date":"2026-10-08","total_days":575,"total_observations":163464,"years_active":1.57,"days_since_update":2,"extinct":false}},{"type":"Feature","geometry":{"type":"Point","coordinates":[-84.36,33.946]},"properties":{"source":"WU","station_id":"KGASANDY9","name":"","earliest_date":"2021-07-11","latest_date":"2026-10-08","total_days":1873,"total_observations":472556,"years_active":5.13,"days_since_update":2,"extinct":false}},{"type":"Feature","geometry":{"type":"Point","coordinates":[-84.335,33.654]},"properties":{"source":"WU","station_id":"KGACONLE4","name":"","earliest_date":"2024-06-12","latest_date":"2025-08-11","total_days":426,"total_observations":40588,"years_active":1.17,"days_since_update":425,"extinct":false}},{"type":"Feature","geometry":{"type":"Point","coordinates":[-84.339,33.623]},"properties":{"source":"WU","station_id":"KGAFORES15","name":"","earliest_date":"2025-04-30","latest_date":"2026-06-30","total_days":416,"total_observations":118986,"years_active":1.14,"days_since_update":102,"extinct":true}},{"type":"Feature","geometry":{"type":"Point","coordinates":[-84.352,33.638]},"properties":{"source":"WU","station_id":"KGAFORES13","name":"","earliest_date":"2026-04-12","latest_date":"2026-10-05","total_days":151,"total_observations":42885,"years_active":0.41,"days_since_update":5,"extinct":false}},{"type":"Feature","geometry":{"type":"Point","coordinates":[-84.237,33.599]},"properties":{"source":"WU","station_id":"KGASTOCK48","name":"","earliest_date":"2022-10-10","latest_date":"2026-10-08","total_days":1409,"total_observations":402500,"years_active":3.86,"days_since_update":2,"extinct":false}},{"type":"Feature","geometry":{"type":"Point","coordinates":[-84.621,33.481]},"properties":{"source":"WU","station_id":"KGATYRON11","name":"","earliest_date":"2023-04-13","latest_date":"2025-07-29","total_days":178,"total_observations":47743,"years_active":0.49,"days_since_update":438,"extinct":true}},{"type":"Feature","geometry":{"type":"Point","coordinates":[-84.642,34.39]},"properties":{"source":"WU","station_id":"KGAWALES26","name":"","earliest_date":"2025-02-05","latest_date":"2026-10-07","total_days":570,"total_observations":162632,"years_active":1.56,"days_since_update":3,"extinct":false}},{"type":"Feature","geometry":{"type":"Point","coordinates":[-84.59764,34.36714]},"properties":{"source":"WU","station_id":"KGAWALES10","name":"","earliest_date":"2024-12-28","latest_date":"2026-02-08","total_days":388,"total_observations":94662,"years_active":1.06,"days_since_update":244,"extinct":true}},{"type":"Feature","geometry":{"type":"Point","coordinates":[-84.587,34.364]},"properties":{"source":"WU","station_id":"KGAWALES52","name":"","earliest_date":"2025-05-17","latest_date":"2026-10-07","total_days":468,"total_observations":128847,"years_active":1.28,"days_since_update":3,"extinct":false}},{"type":"Feature","geometry":{"type":"Point","coordinates":[-84.478,33.378]},"properties":{"source":"WU","station_id":"KGAFAYET113","name":"","earliest_date":"2023-03-09","latest_date":"2026-10-08","total_days":1268,"total_observations":358328,"years_active":3.47,"days_since_update":2,"extinct":false}},{"type":"Feature","geometry":{"type":"Point","coordinates":[-84.46392,33.38065]},"properties":{"source":"WU","station_id":"KGAFAYET15","name":"","earliest_date":"2026-03-31","latest_date":"2026-10-08","total_days":177,"total_observations":50448,"years_active":0.48,"days_since_update":2,"extinct":false}},{"type":"Feature","geometry":{"type":"Point","coordinates":[-84.463,33.377]},"properties":{"source":"WU","station_id":"KGAFAYET61","name":"","earliest_date":"2022-03-19","latest_date":"2026-10-08","total_days":1564,"total_observations":422046,"years_active":4.28,"days_since_update":2,"extinct":false}},{"type":"Feature","geometry":{"type":"Point","coordinates":[-84.472,33.392]},"properties":{"source":"WU","station_id":"KGAFAYET67","name":"","earliest_date":"2021-04-16","latest_date":"2026-03-22","total_days":1770,"total_observations":501676,"years_active":4.85,"days_since_update":202,"extinct":true}},{"type":"Feature","geometry":{"type":"Point","coordinates":[-84.476,33.353]},"properties":{"source":"WU","station_id":"KGAFAYET76","name":"","earliest_date":"2025-11-07","latest_date":"2026-10-08","total_days":314,"total_observations":90118,"years_active":0.86,"days_since_update":2,"extinct":false}},{"type":"Feature","geometry":{"type":"Point","coordinates":[-84.51138,33.38443]},"properties":{"source":"WU","station_id":"KGAFAYET54","name":"","earliest_date":"2025-07-05","latest_date":"2026-10-08","total_days":432,"total_observations":119546,"years_active":1.18,"days_since_update":2,"extinct":false}},{"type":"Feature","geometry":{"type":"Point","coordinates":[-84.527,33.373]},"properties":{"source":"WU","station_id":"KGAFAYET158","name":"","earliest_date":"2025-07-31","latest_date":"2026-10-08","total_days":352,"total_observations":99711,"years_active":0.96,"days_since_update":2,"extinct":false}},{"type":"Feature","geometry":{"type":"Point","coordinates":[-84.531,33.386]},"properties":{"source":"WU","station_id":"KGAPEACH145","name":"","earliest_date":"2024-04-16","latest_date":"2026-10-08","total_days":876,"total_observations":240741,"years_active":2.4,"days_since_update":2,"extinct":false}},{"type":"Feature","geometry":{"type":"Point","coordinates":[-84.53,33.364]},"properties":{"source":"WU","station_id":"KGAPEACH128","name":"","earliest_date":"2025-11-08","latest_date":"2026-06-27","total_days":185,"total_observations":51934,"years_active":0.51,"days_since_update":105,"extinct":true}},{"type":"Feature","geometry":{"type":"Point","coordinates":[-84.493,33.461]},"properties":{"source":"WU","station_id":"KGAFAYET114","name":"","earliest_date":"2023-04-06","latest_date":"2026-10-08","total_days":1247,"total_observations":348826,"years_active":3.41,"days_since_update":2,"extinct":false}},{"type":"Feature","geometry":{"type":"Point","coordinates":[-84.486,33.461]},"properties":{"source":"WU","station_id":"KGAFAYET154","name":"","earliest_date":"2025-07-01","latest_date":"2026-10-08","total_days":420,"total_observations":120140,"years_active":1.15,"days_since_update":2,"extinct":false}},{"type":"Feature","geometry":{"type":"Point","coordinates":[-84.483,33.463]},"properties":{"source":"WU","station_id":"KGAFAYET121","name":"","earliest_date":"2023-08-13","latest_date":"2026-10-08","total_days":1115,"total_observations":315568,"years_active":3.05,"days_since_update":2,"extinct":false}},{"type":"Feature","geometry":{"type":"Point","coordinates":[-84.497,33.475]},"properties":{"source":"WU","station_id":"KGAFAYET143","name":"","earliest_date":"2024-12-26","latest_date":"2026-10-07","total_days":492,"total_observations":140978,"years_active":1.35,"days_since_update":3,"extinct":false}},{"type":"Feature","geometry":{"type":"Point","coordinates":[-84.498,33.476]},"properties":{"source":"WU","station_id":"KGAFAYET49","name":"","earliest_date":"2019-07-16","latest_date":"2026-10-08","total_days":2561,"total_observations":244051,"years_active":7.01,"days_since_update":2,"extinct":false}},{"type":"Feature","geometry":{"type":"Point","coordinates":[-84.48069,33.44555]},"properties":{"source":"WU","station_id":"KGAFAYET97","name":"","earliest_date":"2024-08-28","latest_date":"2026-10-07","total_days":748,"total_observations":71466,"years_active":2.05,"days_since_update":3,"extinct":false}},{"type":"Feature","geometry":{"type":"Point","coordinates":[-84.487,33.486]},"properties":{"source":"WU","station_id":"KGAFAYET147","name":"","earliest_date":"2025-02-25","latest_date":"2026-10-08","total_days":553,"total_observations":158536,"years_active":1.51,"days_since_update":2,"extinct":false}},{"type":"Feature","geometry":{"type":"Point","coordinates":[-84.477,33.485]},"properties":{"source":"WU","station_id":"KGAFAYET134","name":"","earliest_date":"2024-06-08","latest_date":"2026-10-07","total_days":810,"total_observations":230273,"years_active":2.22,"days_since_update":3,"extinct":false}},{"type":"Feature","geometry":{"type":"Point","coordinates":[-84.461,33.469]},"properties":{"source":"WU","station_id":"KGAFAYET122","name":"","earliest_date":"2023-08-26","latest_date":"2026-10-08","total_days":1099,"total_observations":314492,"years_active":3.01,"days_since_update":2,"extinct":false}},{"type":"Feature","geometry":{"type":"Point","coordinates":[-84.497,33.433]},"properties":{"source":"WU","station_id":"KGAFAYET128","name":"","earliest_date":"2024-01-24","latest_date":"2026-10-08","total_days":935,"total_observations":258716,"years_active":2.56,"days_since_update":2,"extinct":false}},{"type":"Feature","geometry":{"type":"Point","coordinates":[-84.481,33.426]},"properties":{"source":"WU","station_id":"KGAFAYET118","name":"","earliest_date":"2023-06-04","latest_date":"2026-10-07","total_days":1161,"total_observations":331607,"years_active":3.18,"days_since_update":3,"extinct":false}},{"type":"Feature","geometry":{"type":"Point","coordinates":[-84.499,33.424]},"properties":{"source":"WU","station_id":"KGAFAYET130","name":"","earliest_date":"2024-04-03","latest_date":"2026-10-08","total_days":839,"total_observations":232058,"years_active":2.3,"days_since_update":2,"extinct":false}},{"type":"Feature","geometry":{"type":"Point","coordinates":[-84.45262,33.43225]},"properties":{"source":"WU","station_id":"KGAFAYET36","name":"","earliest_date":"2021-12-17","latest_date":"2026-10-08","total_days":1652,"total_observations":471514,"years_active":4.52,"days_since_update":2,"extinct":false}},{"type":"Feature","geometry":{"type":"Point","coordinates":[-84.515,33.338]},"properties":{"source":"WU","station_id":"KGAFAYET156","name":"","earliest_date":"2025-07-19","latest_date":"2026-10-07","total_days":384,"total_observations":101869,"years_active":1.05,"days_since_update":3,"extinct":false}},{"type":"Feature","geometry":{"type":"Point","coordinates":[-84.45224,33.47519]},"properties":{"source":"WU","station_id":"KGAFAYET18","name":"","earliest_date":"2017-05-02","latest_date":"2026-10-07","total_days":3164,"total_observations":254355,"years_active":8.66,"days_since_update":3,"extinct":false}},{"type":"Feature","geometry":{"type":"Point","coordinates":[-84.454,33.486]},"properties":{"source":"WU","station_id":"KGAFAYET148","name":"","earliest_date":"2025-03-08","latest_date":"2026-10-08","total_days":483,"total_observations":138091,"years_active":1.32,"days_since_update":2,"extinct":false}},{"type":"Feature","geometry":{"type":"Point","coordinates":[-84.461,33.49]},"properties":{"source":"WU","station_id":"KGAFAYET140","name":"","earliest_date":"2025-09-20","latest_date":"2026-10-07","total_days":361,"total_observations":94730,"years_active":0.99,"days_since_update":3,"extinct":false}},{"type":"Feature","geometry":{"type":"Point","coordinates":[-84.43,33.477]},"properties":{"source":"WU","station_id":"KGAFAYET108","name":"","earliest_date":"2023-11-23","latest_date":"2025-06-30","total_days":431,"total_observations":121643,"years_active":1.18,"days_since_update":467,"extinct":false}},{"type":"Feature","geometry":{"type":"Point","coordinates":[-84.53143,33.39892]},"properties":{"source":"WU","station_id":"KGAFAYET116","name":"","earliest_date":"2023-08-16","latest_date":"2026-10-08","total_days":997,"total_observations":94959,"years_active":2.73,"days_since_update":2,"extinct":false}},{"type":"Feature","geometry":{"type":"Point","coordinates":[-84.476,33.495]},"properties":{"source":"WU","station_id":"KGAFAYET73","name":"","earliest_date":"2025-11-04","latest_date":"2025-12-21","total_days":40,"total_observations":11335,"years_active":0.11,"days_since_update":293,"extinct":true}},{"type":"Feature","geometry":{"type":"Point","coordinates":[-84.42287,33.40712]},"properties":{"source":"WU","station_id":"KGAFAYET29","name":"","earliest_date":"2025-06-26","latest_date":"2026-10-07","total_days":323,"total_observations":90791,"years_active":0.88,"days_since_update":3,"extinct":false}},{"type":"Feature","geometry":{"type":"Point","coordinates":[-84.427,33.412]},"properties":{"source":"WU","station_id":"KGAFAYET92","name":"","earliest_date":"2025-10-17","latest_date":"2026-10-07","total_days":327,"total_observations":92451,"years_active":0.9,"days_since_update":3,"extinct":false}},{"type":"Feature","geometry":{"type":"Point","coordinates":[-84.55,33.478]},"properties":{"source":"WU","station_id":"KGAFAYET151","name":"","earliest_date":"2025-07-10","latest_date":"2026-05-15","total_days":289,"total_observations":82727,"years_active":0.79,"days_since_update":148,"extinct":false}},{"type":"Feature","geometry":{"type":"Point","coordinates":[-84.547,33.469]},"properties":{"source":"WU","station_id":"KGAFAYET74","name":"","earliest_date":"2021-05-19","latest_date":"2026-10-07","total_days":1887,"total_observations":529089,"years_active":5.17,"days_since_update":3,"extinct":false}},{"type":"Feature","geometry":{"type":"Point","coordinates":[-84.568,33.479]},"properties":{"source":"WU","station_id":"KGATYRON15","name":"","earliest_date":"2024-02-10","latest_date":"2026-10-06","total_days":937,"total_observations":261552,"years_active":2.57,"days_since_update":4,"extinct":false}},{"type":"Feature","geometry":{"type":"Point","coordinates":[-84.576,33.479]},"properties":{"source":"WU","station_id":"KGATYRON17","name":"","earliest_date":"2025-03-30","latest_date":"2026-10-07","total_days":520,"total_observations":146429,"years_active":1.42,"days_since_update":3,"extinct":false}},{"type":"Feature","geometry":{"type":"Point","coordinates":[-84.567,33.446]},"properties":{"source":"WU","station_id":"KGAPEACH96","name":"","earliest_date":"2022-10-10","latest_date":"2026-04-06","total_days":1249,"total_observations":357908,"years_active":3.42,"days_since_update":187,"extinct":true}},{"type":"Feature","geometry":{"type":"Point","coordinates":[-84.528,33.337]},"properties":{"source":"WU","station_id":"KGAPEACH167","name":"","earliest_date":"2025-07-19","latest_date":"2026-10-07","total_days":403,"total_observations":102408,"years_active":1.1,"days_since_update":3,"extinct":false}},{"type":"Feature","geometry":{"type":"Point","coordinates":[-84.54373,33.36736]},"properties":{"source":"WU","station_id":"KGAPEACH16","name":"","earliest_date":"2025-09-10","latest_date":"2026-07-20","total_days":234,"total_observations":63829,"years_active":0.64,"days_since_update":82,"extinct":true}},{"type":"Feature","geometry":{"type":"Point","coordinates":[-84.547,33.378]},"properties":{"source":"WU","station_id":"KGAPEACH66","name":"","earliest_date":"2023-02-26","latest_date":"2026-10-08","total_days":1288,"total_observations":343793,"years_active":3.53,"days_since_update":2,"extinct":false}},{"type":"Feature","geometry":{"type":"Point","coordinates":[-84.55,33.373]},"properties":{"source":"WU","station_id":"KGAPEACH98","name":"","earliest_date":"2022-02-26","latest_date":"2026-10-08","total_days":1640,"total_observations":468925,"years_active":4.49,"days_since_update":2,"extinct":false}},{"type":"Feature","geometry":{"type":"Point","coordinates":[-84.549,33.388]},"properties":{"source":"WU","station_id":"KGAPEACH64","name":"","earliest_date":"2020-11-14","latest_date":"2026-04-02","total_days":1917,"total_observations":547952,"years_active":5.25,"days_since_update":191,"extinct":true}},{"type":"Feature","geometry":{"type":"Point","coordinates":[-84.55562,33.3886]},"properties":{"source":"WU","station_id":"KGAPEACH34","name":"","earliest_date":"2020-05-12","latest_date":"2026-10-06","total_days":2083,"total_observations":563650,"years_active":5.7,"days_since_update":4,"extinct":false}},{"type":"Feature","geometry":{"type":"Point","coordinates":[-84.421,33.414]},"properties":{"source":"WU","station_id":"KGAFAYET94","name":"","earliest_date":"2022-04-01","latest_date":"2026-10-08","total_days":1616,"total_observations":463906,"years_active":4.42,"days_since_update":2,"extinct":false}},{"type":"Feature","geometry":{"type":"Point","coordinates":[-84.563,33.428]},"properties":{"source":"WU","station_id":"KGAPEACH97","name":"","earliest_date":"2022-02-13","latest_date":"2026-07-19","total_days":1506,"total_observations":412741,"years_active":4.12,"days_since_update":83,"extinct":true}},{"type":"Feature","geometry":{"type":"Point","coordinates":[-84.397,33.42]},"properties":{"source":"WU","station_id":"KGAFAYET90","name":"","earliest_date":"2022-10-10","latest_date":"2026-10-07","total_days":1419,"total_observations":407529,"years_active":3.89,"days_since_update":3,"extinct":false}},{"type":"Feature","geometry":{"type":"Point","coordinates":[-84.374,33.43]},"properties":{"source":"WU","station_id":"KGAHAMPT21","name":"","earliest_date":"2025-09-28","latest_date":"2026-08-15","total_days":256,"total_observations":71502,"years_active":0.7,"days_since_update":56,"extinct":true}},{"type":"Feature","geometry":{"type":"Point","coordinates":[-84.384,33.38]},"properties":{"source":"WU","station_id":"KGAHAMPT9","name":"","earliest_date":"2021-11-19","latest_date":"2026-10-08","total_days":1716,"total_observations":463656,"years_active":4.7,"days_since_update":2,"extinct":false}},{"type":"Feature","geometry":{"type":"Point","coordinates":[-84.379,33.474]},"properties":{"source":"WU","station_id":"KGAJONES31","name":"","earliest_date":"2025-11-15","latest_date":"2026-10-08","total_days":296,"total_observations":84465,"years_active":0.81,"days_since_update":2,"extinct":false}},{"type":"Feature","geometry":{"type":"Point","coordinates":[-84.36172,33.71149]},"properties":{"source":"WU","station_id":"KGAATLAN707","name":"","earliest_date":"2021-01-18","latest_date":"2026-10-08","total_days":2029,"total_observations":578630,"years_active":5.56,"days_since_update":2,"extinct":false}},{"type":"Feature","geometry":{"type":"Point","coordinates":[-84.339,33.544]},"properties":{"source":"WU","station_id":"KGAJONES38","name":"","earliest_date":"2025-08-25","latest_date":"2026-07-26","total_days":312,"total_observations":88772,"years_active":0.85,"days_since_update":76,"extinct":true}},{"type":"Feature","geometry":{"type":"Point","coordinates":[-84.357,33.538]},"properties":{"source":"WU","station_id":"KGAJONES40","name":"","earliest_date":"2025-03-16","latest_date":"2026-04-24","total_days":381,"total_observations":105292,"years_active":1.04,"days_since_update":169,"extinct":true}},{"type":"Feature","geometry":{"type":"Point","coordinates":[-83.982,34.243]},"properties":{"source":"WU","station_id":"KGAGAINE267","name":"","earliest_date":"2024-02-12","latest_date":"2026-10-07","total_days":932,"total_observations":267728,"years_active":2.55,"days_since_update":3,"extinct":false}},{"type":"Feature","geometry":{"type":"Point","coordinates":[-83.977,34.26]},"properties":{"source":"WU","station_id":"KGAGAINE270","name":"","earliest_date":"2024-04-15","latest_date":"2026-10-08","total_days":866,"total_observations":247058,"years_active":2.37,"days_since_update":2,"extinct":false}},{"type":"Feature","geometry":{"type":"Point","coordinates":[-83.98,34.313]},"properties":{"source":"WU","station_id":"KGAGAINE261","name":"","earliest_date":"2025-10-22","latest_date":"2026-03-01","total_days":126,"total_observations":35519,"years_active":0.34,"days_since_update":223,"extinct":false}},{"type":"Feature","geometry":{"type":"Point","coordinates":[-83.97,34.319]},"properties":{"source":"WU","station_id":"KGAGAINE288","name":"","earliest_date":"2024-09-25","latest_date":"2026-10-08","total_days":702,"total_observations":195156,"years_active":1.92,"days_since_update":2,"extinct":false}},{"type":"Feature","geometry":{"type":"Point","coordinates":[-83.963,34.313]},"properties":{"source":"WU","station_id":"KGAGAINE334","name":"","earliest_date":"2025-09-28","latest_date":"2026-10-06","total_days":339,"total_observations":96894,"years_active":0.93,"days_since_update":4,"extinct":false}},{"type":"Feature","geometry":{"type":"Point","coordinates":[-83.96,34.317]},"properties":{"source":"WU","station_id":"KGAGAINE300","name":"","earliest_date":"2024-12-06","latest_date":"2026-10-07","total_days":633,"total_observations":174083,"years_active":1.73,"days_since_update":3,"extinct":false}},{"type":"Feature","geometry":{"type":"Point","coordinates":[-83.956,34.318]},"properties":{"source":"WU","station_id":"KGAGAINE236","name":"","earliest_date":"2025-08-25","latest_date":"2026-10-08","total_days":326,"total_observations":92960,"years_active":0.89,"days_since_update":2,"extinct":false}},{"type":"Feature","geometry":{"type":"Point","coordinates":[-83.955,34.309]},"properties":{"source":"WU","station_id":"KGAGAINE233","name":"","earliest_date":"2022-12-29","latest_date":"2026-10-08","total_days":1353,"total_observations":382041,"years_active":3.7,"days_since_update":2,"extinct":false}},{"type":"Feature","geometry":{"type":"Point","coordinates":[-83.95509,34.30555]},"properties":{"source":"WU","station_id":"KGASUMME6","name":"","earliest_date":"2021-01-24","latest_date":"2026-10-06","total_days":2022,"total_observations":565354,"years_active":5.54,"days_since_update":4,"extinct":false}},{"type":"Feature","geometry":{"type":"Point","coordinates":[-83.95457,34.25203]},"properties":{"source":"WU","station_id":"KGAGAINE287","name":"","earliest_date":"2024-09-07","latest_date":"2026-10-07","total_days":729,"total_observations":202128,"years_active":2.0,"days_since_update":3,"extinct":false}},{"type":"Feature","geometry":{"type":"Point","coordinates":[-83.98756,33.89458]},"properties":{"source":"WU","station_id":"KGAGRAYS21","name":"","earliest_date":"2018-04-06","latest_date":"2026-10-07","total_days":2957,"total_observations":811793,"years_active":8.1,"days_since_update":3,"extinct":false}},{"type":"Feature","geometry":{"type":"Point","coordinates":[-83.9919,33.90147]},"properties":{"source":"WU","station_id":"KGAGRAYS50","name":"","earliest_date":"2025-06-30","latest_date":"2026-10-06","total_days":433,"total_observations":124346,"years_active":1.19,"days_since_update":4,"extinct":false}},{"type":"Feature","geometry":{"type":"Point","coordinates":[-83.99706,33.88943]},"properties":{"source":"WU","station_id":"KGAGRAYS12","name":"","earliest_date":"2025-11-30","latest_date":"2026-08-04","total_days":81,"total_observations":7298,"years_active":0.22,"days_since_update":67,"extinct":true}},{"type":"Feature","geometry":{"type":"Point","coordinates":[-84.001,33.907]},"properties":{"source":"WU","station_id":"KGALAWRE132","name":"","earliest_date":"2019-11-22","latest_date":"2026-10-06","total_days":2418,"total_observations":690277,"years_active":6.62,"days_since_update":4,"extinct":false}},{"type":"Feature","geometry":{"type":"Point","coordinates":[-83.966,33.899]},"properties":{"source":"WU","station_id":"KGAGRAYS31","name":"","earliest_date":"2021-01-20","latest_date":"2026-10-08","total_days":2017,"total_observations":575836,"years_active":5.52,"days_since_update":2,"extinct":false}},{"type":"Feature","geometry":{"type":"Point","coordinates":[-83.991,33.869]},"properties":{"source":"WU","station_id":"KGAGRAYS42","name":"","earliest_date":"2023-03-10","latest_date":"2026-10-08","total_days":1240,"total_observations":340049,"years_active":3.39,"days_since_update":2,"extinct":false}},{"type":"Feature","geometry":{"type":"Point","coordinates":[-84.02,33.905]},"properties":{"source":"WU","station_id":"KGALAWRE282","name":"","earliest_date":"2025-10-03","latest_date":"2026-10-06","total_days":334,"total_observations":95567,"years_active":0.91,"days_since_update":4,"extinct":false}},{"type":"Feature","geometry":{"type":"Point","coordinates":[-83.966,33.873]},"properties":{"source":"WU","station_id":"KGAGRAYS49","name":"","earliest_date":"2024-09-25","latest_date":"2026-10-08","total_days":704,"total_observations":200385,"years_active":1.93,"days_since_update":2,"extinct":false}},{"type":"Feature","geometry":{"type":"Point","coordinates":[-83.991,33.866]},"properties":{"source":"WU","station_id":"KGAGRAYS30","name":"","earliest_date":"2021-01-06","latest_date":"2026-10-07","total_days":2025,"total_observations":571975,"years_active":5.54,"days_since_update":3,"extinct":false}},{"type":"Feature","geometry":{"type":"Point","coordinates":[-83.956,33.908]},"properties":{"source":"WU","station_id":"KGAGRAYS39","name":"","earliest_date":"2021-12-26","latest_date":"2026-10-08","total_days":1704,"total_observations":488700,"years_active":4.67,"days_since_update":2,"extinct":false}},{"type":"Feature","geometry":{"type":"Point","coordinates":[-83.94466,33.88144]},"properties":{"source":"WU","station_id":"KGAGRAYS43","name":"","earliest_date":"2022-08-08","latest_date":"2026-10-08","total_days":1463,"total_observations":411851,"years_active":4.01,"days_since_update":2,"extinct":false}},{"type":"Feature","geometry":{"type":"Point","coordinates":[-83.947,33.897]},"properties":{"source":"WU","station_id":"KGAGRAYS40","name":"","earliest_date":"2022-02-27","latest_date":"2026-10-07","total_days":1646,"total_observations":461316,"years_active":4.51,"days_since_update":3,"extinct":false}},{"type":"Feature","geometry":{"type":"Point","coordinates":[-83.94714,33.90348]},"properties":{"source":"WU","station_id":"KGAGRAYS24","name":"","earliest_date":"2024-06-24","latest_date":"2025-10-09","total_days":29,"total_observations":32,"years_active":0.08,"days_since_update":366,"extinct":true}},{"type":"Feature","geometry":{"type":"Point","coordinates":[-83.95128,33.87264]},"properties":{"source":"WU","station_id":"KGALOGAN21","name":"","earliest_date":"2024-12-08","latest_date":"2026-10-08","total_days":630,"total_observations":178837,"years_active":1.72,"days_since_update":2,"extinct":false}},{"type":"Feature","geometry":{"type":"Point","coordinates":[-83.95155,33.87274]},"properties":{"source":"WU","station_id":"KGALOGAN80","name":"","earliest_date":"2024-12-10","latest_date":"2026-10-08","total_days":609,"total_observations":170283,"years_active":1.67,"days_since_update":2,"extinct":false}},{"type":"Feature","geometry":{"type":"Point","coordinates":[-84.012,33.852]},"properties":{"source":"WU","station_id":"KGASNELL100","name":"","earliest_date":"2023-10-30","latest_date":"2026-10-06","total_days":1018,"total_observations":289991,"years_active":2.79,"days_since_update":4,"extinct":false}},{"type":"Feature","geometry":{"type":"Point","coordinates":[-83.97842,33.84486]},"properties":{"source":"WU","station_id":"KGALOGAN46","name":"","earliest_date":"2019-01-25","latest_date":"2026-10-07","total_days":2712,"total_observations":774514,"years_active":7.43,"days_since_update":3,"extinct":false}},{"type":"Feature","geometry":{"type":"Point","coordinates":[-84.013,33.85]},"properties":{"source":"WU","station_id":"KGASNELL103","name":"","earliest_date":"2023-11-03","latest_date":"2026-10-07","total_days":914,"total_observations":262283,"years_active":2.5,"days_since_update":3,"extinct":false}},{"type":"Feature","geometry":{"type":"Point","coordinates":[-83.964,33.856]},"properties":{"source":"WU","station_id":"KGASNELL48","name":"","earliest_date":"2021-12-27","latest_date":"2026-10-07","total_days":1597,"total_observations":457764,"years_active":4.37,"days_since_update":3,"extinct":false}},{"type":"Feature","geometry":{"type":"Point","coordinates":[-84.022,33.881]},"properties":{"source":"WU","station_id":"KGASNELL119","name":"","earliest_date":"2024-10-01","latest_date":"2026-10-08","total_days":700,"total_observations":195991,"years_active":1.92,"days_since_update":2,"extinct":false}},{"type":"Feature","geometry":{"type":"Point","coordinates":[-84.251,33.407]},"properties":{"source":"WU","station_id":"KGAHAMPT23","name":"","earliest_date":"2022-05-28","latest_date":"2026-10-08","total_days":1540,"total_observations":439829,"years_active":4.22,"days_since_update":2,"extinct":false}},{"type":"Feature","geometry":{"type":"Point","coordinates":[-84.27,33.42]},"properties":{"source":"WU","station_id":"KGAHAMPT34","name":"","earliest_date":"2024-01-29","latest_date":"2026-10-07","total_days":956,"total_observations":274575,"years_active":2.62,"days_since_update":3,"extinct":false}},{"type":"Feature","geometry":{"type":"Point","coordinates":[-84.283,33.395]},"properties":{"source":"WU","station_id":"KGAHAMPT28","name":"","earliest_date":"2022-11-25","latest_date":"2026-10-08","total_days":1376,"total_observations":394578,"years_active":3.77,"days_since_update":2,"extinct":false}},{"type":"Feature","geometry":{"type":"Point","coordinates":[-84.21,33.376]},"properties":{"source":"WU","station_id":"KGALOCUS25","name":"","earliest_date":"2022-08-05","latest_date":"2026-10-07","total_days":1492,"total_observations":427576,"years_active":4.08,"days_since_update":3,"extinct":false}},{"type":"Feature","geometry":{"type":"Point","coordinates":[-84.215,33.451]},"properties":{"source":"WU","station_id":"KGAMCDON168","name":"","earliest_date":"2025-04-15","latest_date":"2026-10-08","total_days":511,"total_observations":145130,"years_active":1.4,"days_since_update":2,"extinct":false}},{"type":"Feature","geometry":{"type":"Point","coordinates":[-84.28904,33.36268]},"properties":{"source":"WU","station_id":"KGAHAMPT38","name":"","earliest_date":"2025-01-02","latest_date":"2026-06-24","total_days":506,"total_observations":144771,"years_active":1.39,"days_since_update":108,"extinct":true}},{"type":"Feature","geometry":{"type":"Point","coordinates":[-84.183,33.414]},"properties":{"source":"WU","station_id":"KGAMCDON138","name":"","earliest_date":"2023-08-06","latest_date":"2026-10-08","total_days":1133,"total_observations":325626,"years_active":3.1,"days_since_update":2,"extinct":false}},{"type":"Feature","geometry":{"type":"Point","coordinates":[-84.185,33.385]},"properties":{"source":"WU","station_id":"KGAMCDON155","name":"","earliest_date":"2024-08-17","latest_date":"2026-06-17","total_days":647,"total_observations":178618,"years_active":1.77,"days_since_update":115,"extinct":true}},{"type":"Feature","geometry":{"type":"Point","coordinates":[-84.17456,33.39911]},"properties":{"source":"WU","station_id":"KGAMCDON7","name":"","earliest_date":"2019-01-24","latest_date":"2026-10-07","total_days":2738,"total_observations":733316,"years_active":7.5,"days_since_update":3,"extinct":false}},{"type":"Feature","geometry":{"type":"Point","coordinates":[-84.286,33.471]},"properties":{"source":"WU","station_id":"KGAHAMPT26","name":"","earliest_date":"2022-10-28","latest_date":"2026-10-08","total_days":1182,"total_observations":327354,"years_active":3.24,"days_since_update":2,"extinct":false}},{"type":"Feature","geometry":{"type":"Point","coordinates":[-84.26534,33.48471]},"properties":{"source":"WU","station_id":"KGASTOCK59","name":"","earliest_date":"2025-11-30","latest_date":"2026-10-07","total_days":99,"total_observations":2128,"years_active":0.27,"days_since_update":3,"extinct":false}},{"type":"Feature","geometry":{"type":"Point","coordinates":[-84.21,33.478]},"properties":{"source":"WU","station_id":"KGAMCDON157","name":"","earliest_date":"2024-08-22","latest_date":"2026-10-08","total_days":619,"total_observations":175169,"years_active":1.69,"days_since_update":2,"extinct":false}},{"type":"Feature","geometry":{"type":"Point","coordinates":[-84.46578,34.02797]},"properties":{"source":"WU","station_id":"KGAHOLLY5","name":"","earliest_date":"2017-12-03","latest_date":"2026-10-07","total_days":3133,"total_observations":888651,"years_active":8.58,"days_since_update":3,"extinct":false}},{"type":"Feature","geometry":{"type":"Point","coordinates":[-84.466,34.029]},"properties":{"source":"WU","station_id":"KGAMARIE578","name":"","earliest_date":"2023-01-23","latest_date":"2026-10-07","total_days":1304,"total_observations":124298,"years_active":3.57,"days_since_update":3,"extinct":false}},{"type":"Feature","geometry":{"type":"Point","coordinates":[-84.462,34.025]},"properties":{"source":"WU","station_id":"KGAMARIE738","name":"","earliest_date":"2025-05-10","latest_date":"2026-10-06","total_days":489,"total_observations":140097,"years_active":1.34,"days_since_update":4,"extinct":false}},{"type":"Feature","geometry":{"type":"Point","coordinates":[-84.47138,34.02247]},"properties":{"source":"WU","station_id":"KGAMARIE237","name":"","earliest_date":"2025-02-05","latest_date":"2026-10-08","total_days":572,"total_observations":163463,"years_active":1.57,"days_since_update":2,"extinct":false}},{"type":"Feature","geometry":{"type":"Point","coordinates":[-84.473,34.023]},"properties":{"source":"WU","station_id":"KGAMARIE730","name":"","earliest_date":"2025-03-06","latest_date":"2026-10-08","total_days":545,"total_observations":156364,"years_active":1.49,"days_since_update":2,"extinct":false}},{"type":"Feature","geometry":{"type":"Point","coordinates":[-84.468,34.013]},"properties":{"source":"WU","station_id":"KGAMARIE720","name":"","earliest_date":"2025-01-03","latest_date":"2025-07-22","total_days":196,"total_observations":55891,"years_active":0.54,"days_since_update":445,"extinct":true}},{"type":"Feature","geometry":{"type":"Point","coordinates":[-84.4827,34.02102]},"properties":{"source":"WU","station_id":"KGAMARIE249","name":"","earliest_date":"2023-11-12","latest_date":"2026-10-08","total_days":1026,"total_observations":294225,"years_active":2.81,"days_since_update":2,"extinct":false}},{"type":"Feature","geometry":{"type":"Point","coordinates":[-84.446,34.021]},"properties":{"source":"WU","station_id":"KGAMARIE288","name":"","earliest_date":"2019-08-01","latest_date":"2026-10-08","total_days":2554,"total_observations":693857,"years_active":6.99,"days_since_update":2,"extinct":false}},{"type":"Feature","geometry":{"type":"Point","coordinates":[-84.445,34.021]},"properties":{"source":"WU","station_id":"KGAMARIE388","name":"","earliest_date":"2020-12-30","latest_date":"2026-09-20","total_days":1928,"total_observations":551733,"years_active":5.28,"days_since_update":20,"extinct":false}},{"type":"Feature","geometry":{"type":"Point","coordinates":[-84.484,34.04]},"properties":{"source":"WU","station_id":"KGAMARIE325","name":"","earliest_date":"2023-04-10","latest_date":"2026-10-08","total_days":1190,"total_observations":340298,"years_active":3.26,"days_since_update":2,"extinct":false}},{"type":"Feature","geometry":{"type":"Point","coordinates":[-84.04895,33.3311]},"properties":{"source":"WU","station_id":"KGAJENKI2","name":"","earliest_date":"2021-02-17","latest_date":"2026-10-07","total_days":2011,"total_observations":570669,"years_active":5.51,"days_since_update":3,"extinct":false}},{"type":"Feature","geometry":{"type":"Point","coordinates":[-84.056,33.329]},"properties":{"source":"WU","station_id":"KGAJENKI5","name":"","earliest_date":"2025-10-18","latest_date":"2026-10-06","total_days":330,"total_observations":94774,"years_active":0.9,"days_since_update":4,"extinct":false}},{"type":"Feature","geometry":{"type":"Point","coordinates":[-84.05467,33.35387]},"properties":{"source":"WU","station_id":"KGALOCUS4","name":"","earliest_date":"2015-07-26","latest_date":"2026-10-06","total_days":3953,"total_observations":957657,"years_active":10.82,"days_since_update":4,"extinct":false}},{"type":"Feature","geometry":{"type":"Point","coordinates":[-84.109,33.308]},"properties":{"source":"WU","station_id":"KGALOCUS40","name":"","earliest_date":"2024-12-06","latest_date":"2026-10-07","total_days":635,"total_observations":174956,"years_active":1.74,"days_since_update":3,"extinct":false}},{"type":"Feature","geometry":{"type":"Point","coordinates":[-84.01458,33.39745]},"properties":{"source":"WU","station_id":"KGALOCUS13","name":"","earliest_date":"2019-09-17","latest_date":"2026-10-05","total_days":2497,"total_observations":702089,"years_active":6.84,"days_since_update":5,"extinct":false}},{"type":"Feature","geometry":{"type":"Point","coordinates":[-84.077,33.413]},"properties":{"source":"WU","station_id":"KGAMCDON133","name":"","earliest_date":"2023-03-26","latest_date":"2026-10-07","total_days":1258,"total_observations":310934,"years_active":3.44,"days_since_update":3,"extinct":false}},{"type":"Feature","geometry":{"type":"Point","coordinates":[-84.156,33.359]},"properties":{"source":"WU","station_id":"KGALOCUS31","name":"","earliest_date":"2023-08-07","latest_date":"2026-10-07","total_days":1114,"total_observations":311736,"years_active":3.05,"days_since_update":3,"extinct":false}},{"type":"Feature","geometry":{"type":"Point","coordinates":[-84.257,33.983]},"properties":{"source":"WU","station_id":"KGAPEACH62","name":"","earliest_date":"2020-10-17","latest_date":"2026-10-07","total_days":2118,"total_observations":604857,"years_active":5.8,"days_since_update":3,"extinct":false}},{"type":"Feature","geometry":{"type":"Point","coordinates":[-84.24991,33.97704]},"properties":{"source":"WU","station_id":"KGANORCR12","name":"","earliest_date":"2022-09-14","latest_date":"2026-10-08","total_days":1416,"total_observations":394945,"years_active":3.88,"days_since_update":2,"extinct":false}},{"type":"Feature","geometry":{"type":"Point","coordinates":[-84.195,34.053]},"properties":{"source":"WU","station_id":"KGAJOHNS53","name":"","earliest_date":"2025-02-22","latest_date":"2026-10-07","total_days":556,"total_observations":159655,"years_active":1.52,"days_since_update":3,"extinct":false}},{"type":"Feature","geometry":{"type":"Point","coordinates":[-84.10635,34.06824]},"properties":{"source":"WU","station_id":"KGASUWAN64","name":"","earliest_date":"2021-05-19","latest_date":"2026-10-07","total_days":1921,"total_observations":549151,"years_active":5.26,"days_since_update":3,"extinct":false}},{"type":"Feature","geometry":{"type":"Point","coordinates":[-84.391,33.516]},"properties":{"source":"WU","station_id":"KGAJONES33","name":"","earliest_date":"2022-10-30","latest_date":"2026-01-09","total_days":1152,"total_observations":330003,"years_active":3.15,"days_since_update":274,"extinct":true}},{"type":"Feature","geometry":{"type":"Point","coordinates":[-84.31,33.498]},"properties":{"source":"WU","station_id":"KGAJONES32","name":"","earliest_date":"2025-09-24","latest_date":"2026-10-07","total_days":252,"total_observations":25080,"years_active":0.69,"days_since_update":3,"extinct":false}},{"type":"Feature","geometry":{"type":"Point","coordinates":[-84.306,33.526]},"properties":{"source":"WU","station_id":"KGAJONES25","name":"","earliest_date":"2019-08-18","latest_date":"2024-10-12","total_days":1838,"total_observations":512694,"years_active":5.03,"days_since_update":728,"extinct":true}},{"type":"Feature","geometry":{"type":"Point","coordinates":[-84.28287,33.49901]},"properties":{"source":"WU","station_id":"KGAJONES15","name":"","earliest_date":"2025-09-26","latest_date":"2026-10-07","total_days":338,"total_observations":95347,"years_active":0.93,"days_since_update":3,"extinct":false}},{"type":"Feature","geometry":{"type":"Point","coordinates":[-84.55367,34.03756]},"properties":{"source":"WU","station_id":"KGAKENNE48","name":"","earliest_date":"2025-07-22","latest_date":"2026-10-07","total_days":390,"total_observations":60806,"years_active":1.07,"days_since_update":3,"extinct":false}},{"type":"Feature","geometry":{"type":"Point","coordinates":[-84.59054,34.04086]},"properties":{"source":"WU","station_id":"KGAKENNE176","name":"","earliest_date":"2022-09-29","latest_date":"2026-10-06","total_days":1437,"total_observations":411758,"years_active":3.93,"days_since_update":4,"extinct":false}},{"type":"Feature","geometry":{"type":"Point","coordinates":[-84.681,33.986]},"properties":{"source":"WU","station_id":"KGAKENNE120","name":"","earliest_date":"2025-05-31","latest_date":"2026-03-07","total_days":268,"total_observations":76784,"years_active":0.73,"days_since_update":217,"extinct":true}},{"type":"Feature","geometry":{"type":"Point","coordinates":[-84.68,33.98]},"properties":{"source":"WU","station_id":"KGAKENNE190","name":"","earliest_date":"2023-05-15","latest_date":"2026-10-06","total_days":1208,"total_observations":346228,"years_active":3.31,"days_since_update":4,"extinct":false}},{"type":"Feature","geometry":{"type":"Point","coordinates":[-84.672,33.988]},"properties":{"source":"WU","station_id":"KGAKENNE196","name":"","earliest_date":"2024-01-01","latest_date":"2025-08-12","total_days":578,"total_observations":165759,"years_active":1.58,"days_since_update":424,"extinct":true}},{"type":"Feature","geometry":{"type":"Point","coordinates":[-84.697,33.986]},"properties":{"source":"WU","station_id":"KGAKENNE132","name":"","earliest_date":"2020-12-21","latest_date":"2026-10-08","total_days":2021,"total_observations":563485,"years_active":5.53,"days_since_update":2,"extinct":false}},{"type":"Feature","geometry":{"type":"Point","coordinates":[-84.665,33.982]},"properties":{"source":"WU","station_id":"KGAKENNE192","name":"","earliest_date":"2024-05-23","latest_date":"2026-10-08","total_days":834,"total_observations":226464,"years_active":2.28,"days_since_update":2,"extinct":false}},{"type":"Feature","geometry":{"type":"Point","coordinates":[-84.66667,33.97604]},"properties":{"source":"WU","station_id":"KGAKENNE88","name":"","earliest_date":"2023-07-10","latest_date":"2026-10-06","total_days":1135,"total_observations":323325,"years_active":3.11,"days_since_update":4,"extinct":false}},{"type":"Feature","geometry":{"type":"Point","coordinates":[-84.663,33.98]},"properties":{"source":"WU","station_id":"KGAKENNE172","name":"","earliest_date":"2022-10-10","latest_date":"2026-01-16","total_days":1138,"total_observations":321481,"years_active":3.12,"days_since_update":267,"extinct":true}},{"type":"Feature","geometry":{"type":"Point","coordinates":[-84.665,33.997]},"properties":{"source":"WU","station_id":"KGAKENNE183","name":"","earliest_date":"2025-12-01","latest_date":"2026-10-08","total_days":220,"total_observations":60960,"years_active":0.6,"days_since_update":2,"extinct":false}},{"type":"Feature","geometry":{"type":"Point","coordinates":[-84.66,34.024]},"properties":{"source":"WU","station_id":"KGAKENNE165","name":"","earliest_date":"2022-03-18","latest_date":"2026-10-05","total_days":1558,"total_observations":419922,"years_active":4.27,"days_since_update":5,"extinct":false}},{"type":"Feature","geometry":{"type":"Point","coordinates":[-84.648,34.015]},"properties":{"source":"WU","station_id":"KGAKENNE150","name":"","earliest_date":"2021-08-15","latest_date":"2026-03-06","total_days":1630,"total_observations":442289,"years_active":4.46,"days_since_update":218,"extinct":false}},{"type":"Feature","geometry":{"type":"Point","coordinates":[-84.649,34.01]},"properties":{"source":"WU","station_id":"KGAKENNE164","name":"","earliest_date":"2022-01-06","latest_date":"2026-10-08","total_days":1686,"total_observations":482157,"years_active":4.62,"days_since_update":2,"extinct":false}},{"type":"Feature","geometry":{"type":"Point","coordinates":[-84.6501,34.00593]},"properties":{"source":"WU","station_id":"KGASIGNA2","name":"","earliest_date":"2024-06-04","latest_date":"2026-09-29","total_days":616,"total_observations":159826,"years_active":1.69,"days_since_update":11,"extinct":false}},{"type":"Feature","geometry":{"type":"Point","coordinates":[-84.65,34.006]},"properties":{"source":"WU","station_id":"KGAKENNE184","name":"","earliest_date":"2024-09-04","latest_date":"2026-09-29","total_days":448,"total_observations":108397,"years_active":1.23,"days_since_update":11,"extinct":false}},{"type":"Feature","geometry":{"type":"Point","coordinates":[-84.647,34.008]},"properties":{"source":"WU","station_id":"KGAKENNE101","name":"","earliest_date":"2024-02-26","latest_date":"2025-12-27","total_days":651,"total_observations":185119,"years_active":1.78,"days_since_update":287,"extinct":true}},{"type":"Feature","geometry":{"type":"Point","coordinates":[-84.699,33.976]},"properties":{"source":"WU","station_id":"KGAKENNE194","name":"","earliest_date":"2025-11-15","latest_date":"2026-10-06","total_days":307,"total_observations":84147,"years_active":0.84,"days_since_update":4,"extinct":false}},{"type":"Feature","geometry":{"type":"Point","coordinates":[-84.65,34.031]},"properties":{"source":"WU","station_id":"KGAKENNE210","name":"","earliest_date":"2025-06-27","latest_date":"2026-09-20","total_days":359,"total_observations":101576,"years_active":0.98,"days_since_update":20,"extinct":false}},{"type":"Feature","geometry":{"type":"Point","coordinates":[-84.635,34.021]},"properties":{"source":"WU","station_id":"KGAKENNE197","name":"","earliest_date":"2026-03-31","latest_date":"2026-05-22","total_days":53,"total_observations":14644,"years_active":0.15,"days_since_update":141,"extinct":true}},{"type":"Feature","geometry":{"type":"Point","coordinates":[-84.63127,34.01795]},"properties":{"source":"WU","station_id":"KGAKENNE227","name":"","earliest_date":"2025-10-15","latest_date":"2026-10-05","total_days":332,"total_observations":93715,"years_active":0.91,"days_since_update":5,"extinct":false}},{"type":"Feature","geometry":{"type":"Point","coordinates":[-84.65298,33.99004]},"properties":{"source":"WU","station_id":"KGAKENNE179","name":"","earliest_date":"2023-07-15","latest_date":"2026-10-07","total_days":1146,"total_observations":322127,"years_active":3.14,"days_since_update":3,"extinct":false}},{"type":"Feature","geometry":{"type":"Point","coordinates":[-84.659,33.98774]},"properties":{"source":"WU","station_id":"KGAKENNE60","name":"","earliest_date":"2018-05-26","latest_date":"2026-10-08","total_days":2981,"total_observations":840329,"years_active":8.16,"days_since_update":2,"extinct":false}},{"type":"Feature","geometry":{"type":"Point","coordinates":[-84.6532,33.97838]},"properties":{"source":"WU","station_id":"KGAKENNE195","name":"","earliest_date":"2023-08-04","latest_date":"2026-10-07","total_days":1114,"total_observations":305759,"years_active":3.05,"days_since_update":3,"extinct":false}},{"type":"Feature","geometry":{"type":"Point","coordinates":[-84.658,33.979]},"properties":{"source":"WU","station_id":"KGAKENNE205","name":"","earliest_date":"2023-12-26","latest_date":"2026-08-05","total_days":851,"total_observations":239587,"years_active":2.33,"days_since_update":66,"extinct":true}},{"type":"Feature","geometry":{"type":"Point","coordinates":[-84.634,33.99]},"properties":{"source":"WU","station_id":"KGAKENNE229","name":"","earliest_date":"2025-01-26","latest_date":"2026-10-08","total_days":589,"total_observations":167151,"years_active":1.61,"days_since_update":2,"extinct":false}},{"type":"Feature","geometry":{"type":"Point","coordinates":[-84.618,33.972]},"properties":{"source":"WU","station_id":"KGAKENNE182","name":"","earliest_date":"2026-03-31","latest_date":"2026-10-07","total_days":173,"total_observations":49605,"years_active":0.47,"days_since_update":3,"extinct":false}},{"type":"Feature","geometry":{"type":"Point","coordinates":[-84.616,33.979]},"properties":{"source":"WU","station_id":"KGAKENNE185","name":"","earliest_date":"2023-01-25","latest_date":"2025-08-26","total_days":937,"total_observations":268380,"years_active":2.57,"days_since_update":410,"extinct":false}},{"type":"Feature","geometry":{"type":"Point","coordinates":[-84.606,33.969]},"properties":{"source":"WU","station_id":"KGAMARIE350","name":"","earliest_date":"2020-08-17","latest_date":"2026-10-07","total_days":2186,"total_observations":624897,"years_active":5.98,"days_since_update":3,"extinct":false}},{"type":"Feature","geometry":{"type":"Point","coordinates":[-84.613,33.958]},"properties":{"source":"WU","station_id":"KGAMARIE454","name":"","earliest_date":"2023-09-02","latest_date":"2026-10-07","total_days":1075,"total_observations":295948,"years_active":2.94,"days_since_update":3,"extinct":false}},{"type":"Feature","geometry":{"type":"Point","coordinates":[-84.60969,33.95688]},"properties":{"source":"WU","station_id":"KGAMARIE568","name":"","earliest_date":"2022-12-26","latest_date":"2026-10-08","total_days":1349,"total_observations":380080,"years_active":3.69,"days_since_update":2,"extinct":false}},{"type":"Feature","geometry":{"type":"Point","coordinates":[-84.613,33.955]},"properties":{"source":"WU","station_id":"KGAMARIE342","name":"","earliest_date":"2020-07-05","latest_date":"2026-10-08","total_days":2156,"total_observations":613476,"years_active":5.9,"days_since_update":2,"extinct":false}},{"type":"Feature","geometry":{"type":"Point","coordinates":[-84.62327,33.95409]},"properties":{"source":"WU","station_id":"KGAMARIE370","name":"","earliest_date":"2020-11-01","latest_date":"2026-10-08","total_days":2109,"total_observations":602115,"years_active":5.77,"days_since_update":2,"extinct":false}},{"type":"Feature","geometry":{"type":"Point","coordinates":[-84.595,33.976]},"properties":{"source":"WU","station_id":"KGAKENNE126","name":"","earliest_date":"2020-09-17","latest_date":"2026-10-07","total_days":2117,"total_observations":577490,"years_active":5.8,"days_since_update":3,"extinct":false}},{"type":"Feature","geometry":{"type":"Point","coordinates":[-84.62,33.952]},"properties":{"source":"WU","station_id":"KGAMARIE468","name":"","earliest_date":"2021-11-07","latest_date":"2026-10-07","total_days":1743,"total_observations":492264,"years_active":4.77,"days_since_update":3,"extinct":false}},{"type":"Feature","geometry":{"type":"Point","coordinates":[-84.60039,33.987]},"properties":{"source":"WU","station_id":"KGAKENNE198","name":"","earliest_date":"2024-08-11","latest_date":"2026-10-08","total_days":749,"total_observations":206898,"years_active":2.05,"days_since_update":2,"extinct":false}},{"type":"Feature","geometry":{"type":"Point","coordinates":[-84.54,34.056]},"properties":{"source":"WU","station_id":"KGAKENNE169","name":"","earliest_date":"2022-02-27","latest_date":"2026-10-06","total_days":1619,"total_observations":435245,"years_active":4.43,"days_since_update":4,"extinct":false}},{"type":"Feature","geometry":{"type":"Point","coordinates":[-84.665,33.974]},"properties":{"source":"WU","station_id":"KGAKENNE236","name":"","earliest_date":"2025-07-06","latest_date":"2026-10-08","total_days":420,"total_observations":119762,"years_active":1.15,"days_since_update":2,"extinct":false}},{"type":"Feature","geometry":{"type":"Point","coordinates":[-84.59521,33.988]},"properties":{"source":"WU","station_id":"KGAKENNE80","name":"","earliest_date":"2025-05-27","latest_date":"2026-10-02","total_days":461,"total_observations":132279,"years_active":1.26,"days_since_update":8,"extinct":false}},{"type":"Feature","geometry":{"type":"Point","coordinates":[-84.59447,33.98691]},"properties":{"source":"WU","station_id":"KGAKENNE51","name":"","earliest_date":"2018-04-23","latest_date":"2026-10-07","total_days":2980,"total_observations":823402,"years_active":8.16,"days_since_update":3,"extinct":false}},{"type":"Feature","geometry":{"type":"Point","coordinates":[-84.591,33.973]},"properties":{"source":"WU","station_id":"KGAMARIE452","name":"","earliest_date":"2021-09-07","latest_date":"2026-10-06","total_days":1810,"total_observations":516676,"years_active":4.96,"days_since_update":4,"extinct":false}},{"type":"Feature","geometry":{"type":"Point","coordinates":[-84.6216,34.01506]},"properties":{"source":"WU","station_id":"KGAKENNE200","name":"","earliest_date":"2023-08-31","latest_date":"2026-10-08","total_days":1100,"total_observations":315753,"years_active":3.01,"days_since_update":2,"extinct":false}},{"type":"Feature","geometry":{"type":"Point","coordinates":[-84.601,34.023]},"properties":{"source":"WU","station_id":"KGAKENNE234","name":"","earliest_date":"2025-03-05","latest_date":"2026-06-01","total_days":436,"total_observations":124122,"years_active":1.19,"days_since_update":131,"extinct":true}},{"type":"Feature","geometry":{"type":"Point","coordinates":[-84.669,33.961]},"properties":{"source":"WU","station_id":"KGAMARIE289","name":"","earliest_date":"2021-09-24","latest_date":"2026-10-06","total_days":1801,"total_observations":513549,"years_active":4.93,"days_since_update":4,"extinct":false}},{"type":"Feature","geometry":{"type":"Point","coordinates":[-84.67791,33.96353]},"properties":{"source":"WU","station_id":"KGAMARIE121","name":"","earliest_date":"2018-10-28","latest_date":"2026-10-08","total_days":2805,"total_observations":798891,"years_active":7.68,"days_since_update":2,"extinct":false}},{"type":"Feature","geometry":{"type":"Point","coordinates":[-84.546,34.032]},"properties":{"source":"WU","station_id":"KGAMARIE540","name":"","earliest_date":"2022-07-07","latest_date":"2026-10-08","total_days":1499,"total_observations":403491,"years_active":4.1,"days_since_update":2,"extinct":false}},{"type":"Feature","geometry":{"type":"Point","coordinates":[-84.52696,34.05369]},"properties":{"source":"WU","station_id":"KGAMARIE192","name":"","earliest_date":"2017-09-26","latest_date":"2024-06-10","total_days":2136,"total_observations":110379,"years_active":5.85,"days_since_update":852,"extinct":true}},{"type":"Feature","geometry":{"type":"Point","coordinates":[-84.521,34.03]},"properties":{"source":"WU","station_id":"KGAMARIE415","name":"","earliest_date":"2025-02-05","latest_date":"2026-10-07","total_days":497,"total_observations":139390,"years_active":1.36,"days_since_update":3,"extinct":false}},{"type":"Feature","geometry":{"type":"Point","coordinates":[-84.522,34.026]},"properties":{"source":"WU","station_id":"KGAMARIE443","name":"","earliest_date":"2021-07-31","latest_date":"2026-10-08","total_days":1836,"total_observations":519608,"years_active":5.03,"days_since_update":2,"extinct":false}},{"type":"Feature","geometry":{"type":"Point","coordinates":[-84.564,34.0]},"properties":{"source":"WU","station_id":"KGAKENNE233","name":"","earliest_date":"2025-02-27","latest_date":"2026-10-08","total_days":556,"total_observations":155754,"years_active":1.52,"days_since_update":2,"extinct":false}},{"type":"Feature","geometry":{"type":"Point","coordinates":[-84.56313,33.99997]},"properties":{"source":"WU","station_id":"KGAKENNE69","name":"","earliest_date":"2021-01-09","latest_date":"2026-10-08","total_days":2045,"total_observations":579817,"years_active":5.6,"days_since_update":2,"extinct":false}},{"type":"Feature","geometry":{"type":"Point","coordinates":[-84.047,33.904]},"properties":{"source":"WU","station_id":"KGALAWRE12","name":"","earliest_date":"2024-11-15","latest_date":"2026-10-06","total_days":654,"total_observations":186430,"years_active":1.79,"days_since_update":4,"extinct":false}},{"type":"Feature","geometry":{"type":"Point","coordinates":[-84.04611,33.90199]},"properties":{"source":"WU","station_id":"KGALAWRE184","name":"","earliest_date":"2021-12-04","latest_date":"2026-10-07","total_days":1727,"total_observations":493601,"years_active":4.73,"days_since_update":3,"extinct":false}},{"type":"Feature","geometry":{"type":"Point","coordinates":[-84.054,33.909]},"properties":{"source":"WU","station_id":"KGALAWRE146","name":"","earliest_date":"2023-10-11","latest_date":"2026-10-08","total_days":954,"total_observations":270324,"years_active":2.61,"days_since_update":2,"extinct":false}},{"type":"Feature","geometry":{"type":"Point","coordinates":[-84.047,33.89]},"properties":{"source":"WU","station_id":"KGASNELL127","name":"","earliest_date":"2025-10-10","latest_date":"2026-10-08","total_days":330,"total_observations":94640,"years_active":0.9,"days_since_update":2,"extinct":false}},{"type":"Feature","geometry":{"type":"Point","coordinates":[-84.03842,33.88789]},"properties":{"source":"WU","station_id":"KGASNELL15","name":"","earliest_date":"2026-03-31","latest_date":"2026-10-08","total_days":173,"total_observations":48241,"years_active":0.47,"days_since_update":2,"extinct":false}},{"type":"Feature","geometry":{"type":"Point","coordinates":[-84.026,33.909]},"properties":{"source":"WU","station_id":"KGALAWRE226","name":"","earliest_date":"2023-01-26","latest_date":"2026-10-08","total_days":1201,"total_observations":345302,"years_active":3.29,"days_since_update":2,"extinct":false}},{"type":"Feature","geometry":{"type":"Point","coordinates":[-84.0678,33.9188]},"properties":{"source":"WU","station_id":"KGALAWRE78","name":"","earliest_date":"2017-01-10","latest_date":"2026-10-08","total_days":3487,"total_observations":319016,"years_active":9.55,"days_since_update":2,"extinct":false}},{"type":"Feature","geometry":{"type":"Point","coordinates":[-84.022,33.914]},"properties":{"source":"WU","station_id":"KGALAWRE137","name":"","earliest_date":"2019-12-29","latest_date":"2025-05-19","total_days":1165,"total_observations":320830,"years_active":3.19,"days_since_update":509,"extinct":false}},{"type":"Feature","geometry":{"type":"Point","coordinates":[-84.035,33.878]},"properties":{"source":"WU","station_id":"KGASNELL106","name":"","earliest_date":"2024-02-05","latest_date":"2026-01-18","total_days":696,"total_observations":199002,"years_active":1.91,"days_since_update":265,"extinct":true}},{"type":"Feature","geometry":{"type":"Point","coordinates":[-84.012,33.94]},"properties":{"source":"WU","station_id":"KGALAWRE172","name":"","earliest_date":"2025-05-13","latest_date":"2026-10-07","total_days":475,"total_observations":126477,"years_active":1.3,"days_since_update":3,"extinct":false}},{"type":"Feature","geometry":{"type":"Point","coordinates":[-83.99174,33.95934]},"properties":{"source":"WU","station_id":"KGALAWRE139","name":"","earliest_date":"2020-01-13","latest_date":"2026-10-06","total_days":2394,"total_observations":684088,"years_active":6.55,"days_since_update":4,"extinct":false}},{"type":"Feature","geometry":{"type":"Point","coordinates":[-83.969,33.951]},"properties":{"source":"WU","station_id":"KGALAWRE218","name":"","earliest_date":"2022-12-09","latest_date":"2026-10-06","total_days":1363,"total_observations":391085,"years_active":3.73,"days_since_update":4,"extinct":false}},{"type":"Feature","geometry":{"type":"Point","coordinates":[-83.967,33.948]},"properties":{"source":"WU","station_id":"KGALAWRE252","name":"","earliest_date":"2025-06-23","latest_date":"2026-10-08","total_days":251,"total_observations":24758,"years_active":0.69,"days_since_update":2,"extinct":false}},{"type":"Feature","geometry":{"type":"Point","coordinates":[-84.016,33.993]},"properties":{"source":"WU","station_id":"KGALAWRE189","name":"","earliest_date":"2025-08-13","latest_date":"2026-10-07","total_days":387,"total_observations":110844,"years_active":1.06,"days_since_update":3,"extinct":false}},{"type":"Feature","geometry":{"type":"Point","coordinates":[-84.00593,33.99846]},"properties":{"source":"WU","station_id":"KGALAWRE57","name":"","earliest_date":"2023-08-27","latest_date":"2026-10-08","total_days":1070,"total_observations":121228,"years_active":2.93,"days_since_update":2,"extinct":false}},{"type":"Feature","geometry":{"type":"Point","coordinates":[-84.038,33.979]},"properties":{"source":"WU","station_id":"KGALAWRE271","name":"","earliest_date":"2024-08-03","latest_date":"2026-10-08","total_days":764,"total_observations":219449,"years_active":2.09,"days_since_update":2,"extinct":false}},{"type":"Feature","geometry":{"type":"Point","coordinates":[-84.03512,33.98572]},"properties":{"source":"WU","station_id":"KGALAWRE236","name":"","earliest_date":"2023-05-03","latest_date":"2026-10-06","total_days":1201,"total_observations":342587,"years_active":3.29,"days_since_update":4,"extinct":false}},{"type":"Feature","geometry":{"type":"Point","coordinates":[-84.03928,33.98489]},"properties":{"source":"WU","station_id":"KGALAWRE280","name":"","earliest_date":"2025-03-16","latest_date":"2026-07-12","total_days":470,"total_observations":131265,"years_active":1.29,"days_since_update":90,"extinct":true}},{"type":"Feature","geometry":{"type":"Point","coordinates":[-83.998,34.006]},"properties":{"source":"WU","station_id":"KGALAWRE286","name":"","earliest_date":"2025-06-24","latest_date":"2026-10-08","total_days":433,"total_observations":124354,"years_active":1.19,"days_since_update":2,"extinct":false}},{"type":"Feature","geometry":{"type":"Point","coordinates":[-84.07321,33.88323]},"properties":{"source":"WU","station_id":"KGALAWRE182","name":"","earliest_date":"2022-10-10","latest_date":"2026-10-07","total_days":1414,"total_observations":404761,"years_active":3.87,"days_since_update":3,"extinct":false}},{"type":"Feature","geometry":{"type":"Point","coordinates":[-84.056,33.983]},"properties":{"source":"WU","station_id":"KGALAWRE155","name":"","earliest_date":"2020-04-15","latest_date":"2026-08-07","total_days":2257,"total_observations":632924,"years_active":6.18,"days_since_update":64,"extinct":true}},{"type":"Feature","geometry":{"type":"Point","coordinates":[-84.04955,33.97571]},"properties":{"source":"WU","station_id":"KGALAWRE263","name":"","earliest_date":"2026-05-07","latest_date":"2026-05-07","total_days":1,"total_observations":3,"years_active":0.0,"days_since_update":156,"extinct":true}},{"type":"Feature","geometry":{"type":"Point","coordinates":[-84.041,33.987]},"properties":{"source":"WU","station_id":"KGALAWRE267","name":"","earliest_date":"2024-05-14","latest_date":"2026-10-07","total_days":841,"total_observations":228729,"years_active":2.3,"days_since_update":3,"extinct":false}},{"type":"Feature","geometry":{"type":"Point","coordinates":[-84.049,33.97]},"properties":{"source":"WU","station_id":"KGALAWRE255","name":"","earliest_date":"2024-06-12","latest_date":"2026-08-31","total_days":753,"total_observations":208658,"years_active":2.06,"days_since_update":40,"extinct":true}},{"type":"Feature","geometry":{"type":"Point","coordinates":[-84.039,33.988]},"properties":{"source":"WU","station_id":"KGALAWRE254","name":"","earliest_date":"2023-12-06","latest_date":"2026-10-07","total_days":1001,"total_observations":283774,"years_active":2.74,"days_since_update":3,"extinct":false}},{"type":"Feature","geometry":{"type":"Point","coordinates":[-84.047,33.998]},"properties":{"source":"WU","station_id":"KGALAWRE258","name":"","earliest_date":"2025-01-27","latest_date":"2026-10-06","total_days":588,"total_observations":168567,"years_active":1.61,"days_since_update":4,"extinct":false}},{"type":"Feature","geometry":{"type":"Point","coordinates":[-84.035,34.009]},"properties":{"source":"WU","station_id":"KGASUWAN128","name":"","earliest_date":"2022-12-26","latest_date":"2025-06-20","total_days":892,"total_observations":243078,"years_active":2.44,"days_since_update":477,"extinct":false}},{"type":"Feature","geometry":{"type":"Point","coordinates":[-84.091,33.883]},"properties":{"source":"WU","station_id":"KGALILBU79","name":"","earliest_date":"2023-08-28","latest_date":"2026-10-07","total_days":919,"total_observations":256565,"years_active":2.52,"days_since_update":3,"extinct":false}},{"type":"Feature","geometry":{"type":"Point","coordinates":[-84.083,33.869]},"properties":{"source":"WU","station_id":"KGALILBU77","name":"","earliest_date":"2023-01-17","latest_date":"2026-10-08","total_days":1327,"total_observations":379634,"years_active":3.63,"days_since_update":2,"extinct":false}},{"type":"Feature","geometry":{"type":"Point","coordinates":[-84.07686,33.86497]},"properties":{"source":"WU","station_id":"KGALILBU59","name":"","earliest_date":"2021-09-13","latest_date":"2026-10-08","total_days":1744,"total_observations":497853,"years_active":4.77,"days_since_update":2,"extinct":false}},{"type":"Feature","geometry":{"type":"Point","coordinates":[-84.071,33.86]},"properties":{"source":"WU","station_id":"KGALILBU56","name":"","earliest_date":"2021-09-10","latest_date":"2026-10-07","total_days":1802,"total_observations":514978,"years_active":4.93,"days_since_update":3,"extinct":false}},{"type":"Feature","geometry":{"type":"Point","coordinates":[-84.081,33.86]},"properties":{"source":"WU","station_id":"KGALILBU49","name":"","earliest_date":"2023-07-03","latest_date":"2026-10-08","total_days":1143,"total_observations":327107,"years_active":3.13,"days_since_update":2,"extinct":false}},{"type":"Feature","geometry":{"type":"Point","coordinates":[-84.06466,33.85929]},"properties":{"source":"WU","station_id":"KGALILBU22","name":"","earliest_date":"2026-03-31","latest_date":"2026-10-08","total_days":155,"total_observations":43140,"years_active":0.42,"days_since_update":2,"extinct":false}},{"type":"Feature","geometry":{"type":"Point","coordinates":[-84.103,33.89]},"properties":{"source":"WU","station_id":"KGALILBU83","name":"","earliest_date":"2024-01-09","latest_date":"2026-10-07","total_days":966,"total_observations":267189,"years_active":2.64,"days_since_update":3,"extinct":false}},{"type":"Feature","geometry":{"type":"Point","coordinates":[-84.04885,33.86658]},"properties":{"source":"WU","station_id":"KGASNELL120","name":"","earliest_date":"2024-12-23","latest_date":"2026-10-08","total_days":603,"total_observations":172670,"years_active":1.65,"days_since_update":2,"extinct":false}},{"type":"Feature","geometry":{"type":"Point","coordinates":[-84.006,34.006]},"properties":{"source":"WU","station_id":"KGALAWRE257","name":"","earliest_date":"2025-07-29","latest_date":"2026-10-07","total_days":403,"total_observations":115407,"years_active":1.1,"days_since_update":3,"extinct":false}},{"type":"Feature","geometry":{"type":"Point","coordinates":[-84.01621,34.00864]},"properties":{"source":"WU","station_id":"KGALAWRE210","name":"","earliest_date":"2025-07-07","latest_date":"2026-10-08","total_days":422,"total_observations":121208,"years_active":1.16,"days_since_update":2,"extinct":false}},{"type":"Feature","geometry":{"type":"Point","coordinates":[-83.985,34.008]},"properties":{"source":"WU","station_id":"KGALAWRE130","name":"","earliest_date":"2019-09-21","latest_date":"2026-09-23","total_days":2398,"total_observations":596001,"years_active":6.57,"days_since_update":17,"extinct":false}},{"type":"Feature","geometry":{"type":"Point","coordinates":[-84.054,34.02]},"properties":{"source":"WU","station_id":"KGASUWAN163","name":"","earliest_date":"2025-07-29","latest_date":"2026-10-07","total_days":396,"total_observations":113005,"years_active":1.08,"days_since_update":3,"extinct":false}},{"type":"Feature","geometry":{"type":"Point","coordinates":[-84.048,33.854]},"properties":{"source":"WU","station_id":"KGASNELL95","name":"","earliest_date":"2023-09-10","latest_date":"2026-07-31","total_days":1028,"total_observations":293451,"years_active":2.81,"days_since_update":71,"extinct":true}},{"type":"Feature","geometry":{"type":"Point","coordinates":[-84.059,33.835]},"properties":{"source":"WU","station_id":"KGASNELL109","name":"","earliest_date":"2024-03-25","latest_date":"2026-10-08","total_days":899,"total_observations":250091,"years_active":2.46,"days_since_update":2,"extinct":false}},{"type":"Feature","geometry":{"type":"Point","coordinates":[-84.043,33.838]},"properties":{"source":"WU","station_id":"KGASNELL122","name":"","earliest_date":"2024-12-28","latest_date":"2026-10-07","total_days":615,"total_observations":175700,"years_active":1.68,"days_since_update":3,"extinct":false}},{"type":"Feature","geometry":{"type":"Point","coordinates":[-84.12058,33.87081]},"properties":{"source":"WU","station_id":"KGALILBU23","name":"","earliest_date":"2017-02-17","latest_date":"2026-10-08","total_days":3397,"total_observations":945790,"years_active":9.3,"days_since_update":2,"extinct":false}},{"type":"Feature","geometry":{"type":"Point","coordinates":[-84.105,33.869]},"properties":{"source":"WU","station_id":"KGALILBU78","name":"","earliest_date":"2023-01-19","latest_date":"2026-10-07","total_days":1302,"total_observations":371565,"years_active":3.56,"days_since_update":3,"extinct":false}},{"type":"Feature","geometry":{"type":"Point","coordinates":[-84.105,33.868]},"properties":{"source":"WU","station_id":"KGALILBU65","name":"","earliest_date":"2026-04-12","latest_date":"2026-10-07","total_days":152,"total_observations":42341,"years_active":0.42,"days_since_update":3,"extinct":false}},{"type":"Feature","geometry":{"type":"Point","coordinates":[-84.13531,33.88574]},"properties":{"source":"WU","station_id":"KGALILBU95","name":"","earliest_date":"2025-06-18","latest_date":"2026-10-05","total_days":447,"total_observations":128250,"years_active":1.22,"days_since_update":5,"extinct":false}},{"type":"Feature","geometry":{"type":"Point","coordinates":[-84.108,33.889]},"properties":{"source":"WU","station_id":"KGALILBU64","name":"","earliest_date":"2021-12-25","latest_date":"2026-10-06","total_days":1677,"total_observations":478645,"years_active":4.59,"days_since_update":4,"extinct":false}},{"type":"Feature","geometry":{"type":"Point","coordinates":[-84.159,33.877]},"properties":{"source":"WU","station_id":"KGALILBU94","name":"","earliest_date":"2025-03-21","latest_date":"2026-10-07","total_days":528,"total_observations":148435,"years_active":1.45,"days_since_update":3,"extinct":false}},{"type":"Feature","geometry":{"type":"Point","coordinates":[-84.126,33.839]},"properties":{"source":"WU","station_id":"KGALILBU47","name":"","earliest_date":"2021-06-02","latest_date":"2026-10-07","total_days":1898,"total_observations":541923,"years_active":5.2,"days_since_update":3,"extinct":false}},{"type":"Feature","geometry":{"type":"Point","coordinates":[-84.077,33.812]},"properties":{"source":"WU","station_id":"KGALILBU42","name":"","earliest_date":"2019-11-04","latest_date":"2026-03-21","total_days":2276,"total_observations":616795,"years_active":6.23,"days_since_update":203,"extinct":true}},{"type":"Feature","geometry":{"type":"Point","coordinates":[-84.088,33.811]},"properties":{"source":"WU","station_id":"KGASTONE60","name":"","earliest_date":"2025-11-28","latest_date":"2026-10-08","total_days":300,"total_observations":85763,"years_active":0.82,"days_since_update":2,"extinct":false}},{"type":"Feature","geometry":{"type":"Point","coordinates":[-84.065,33.818]},"properties":{"source":"WU","station_id":"KGASNELL112","name":"","earliest_date":"2024-05-29","latest_date":"2026-10-08","total_days":838,"total_observations":239410,"years_active":2.29,"days_since_update":2,"extinct":false}},{"type":"Feature","geometry":{"type":"Point","coordinates":[-84.091,33.825]},"properties":{"source":"WU","station_id":"KGALILBU70","name":"","earliest_date":"2022-09-14","latest_date":"2025-12-25","total_days":1177,"total_observations":335183,"years_active":3.22,"days_since_update":289,"extinct":true}},{"type":"Feature","geometry":{"type":"Point","coordinates":[-84.033,33.818]},"properties":{"source":"WU","station_id":"KGASNELL37","name":"","earliest_date":"2025-08-12","latest_date":"2026-10-08","total_days":381,"total_observations":108181,"years_active":1.04,"days_since_update":2,"extinct":false}},{"type":"Feature","geometry":{"type":"Point","coordinates":[-84.026,33.819]},"properties":{"source":"WU","station_id":"KGASNELL123","name":"","earliest_date":"2025-01-23","latest_date":"2026-10-07","total_days":589,"total_observations":160406,"years_active":1.61,"days_since_update":3,"extinct":false}},{"type":"Feature","geometry":{"type":"Point","coordinates":[-84.027,33.829]},"properties":{"source":"WU","station_id":"KGASNELL28","name":"","earliest_date":"2021-08-25","latest_date":"2026-10-06","total_days":1830,"total_observations":524174,"years_active":5.01,"days_since_update":4,"extinct":false}},{"type":"Feature","geometry":{"type":"Point","coordinates":[-84.13926,33.8331]},"properties":{"source":"WU","station_id":"KGASTONE7","name":"","earliest_date":"2015-10-02","latest_date":"2026-10-08","total_days":3908,"total_observations":1031464,"years_active":10.7,"days_since_update":2,"extinct":false}},{"type":"Feature","geometry":{"type":"Point","coordinates":[-84.14107,33.81119]},"properties":{"source":"WU","station_id":"KGASTONE42","name":"","earliest_date":"2025-07-29","latest_date":"2026-10-08","total_days":302,"total_observations":79770,"years_active":0.83,"days_since_update":2,"extinct":false}},{"type":"Feature","geometry":{"type":"Point","coordinates":[-84.14461,33.80639]},"properties":{"source":"WU","station_id":"KGASTONE31","name":"","earliest_date":"2023-04-30","latest_date":"2026-10-06","total_days":1192,"total_observations":291973,"years_active":3.26,"days_since_update":4,"extinct":false}},{"type":"Feature","geometry":{"type":"Point","coordinates":[-84.16534,33.87107]},"properties":{"source":"WU","station_id":"KGATUCKE18","name":"","earliest_date":"2018-02-23","latest_date":"2026-04-13","total_days":2801,"total_observations":792148,"years_active":7.67,"days_since_update":180,"extinct":true}},{"type":"Feature","geometry":{"type":"Point","coordinates":[-84.62316,33.77322]},"properties":{"source":"WU","station_id":"KGALITHI4","name":"","earliest_date":"2022-03-12","latest_date":"2026-08-12","total_days":1558,"total_observations":82915,"years_active":4.27,"days_since_update":59,"extinct":true}},{"type":"Feature","geometry":{"type":"Point","coordinates":[-84.582,33.707]},"properties":{"source":"WU","station_id":"KGAATLAN1059","name":"","earliest_date":"2025-11-06","latest_date":"2026-10-08","total_days":280,"total_observations":75030,"years_active":0.77,"days_since_update":2,"extinct":false}},{"type":"Feature","geometry":{"type":"Point","coordinates":[-84.043,33.453]},"properties":{"source":"WU","station_id":"KGAMCDON141","name":"","earliest_date":"2023-12-24","latest_date":"2026-10-08","total_days":987,"total_observations":280849,"years_active":2.7,"days_since_update":2,"extinct":false}},{"type":"Feature","geometry":{"type":"Point","coordinates":[-84.064,33.442]},"properties":{"source":"WU","station_id":"KGAMCDON174","name":"","earliest_date":"2025-07-13","latest_date":"2026-10-08","total_days":417,"total_observations":119651,"years_active":1.14,"days_since_update":2,"extinct":false}},{"type":"Feature","geometry":{"type":"Point","coordinates":[-84.01878,33.45992]},"properties":{"source":"WU","station_id":"KGAMCDON160","name":"","earliest_date":"2024-09-11","latest_date":"2026-10-07","total_days":713,"total_observations":203447,"years_active":1.95,"days_since_update":3,"extinct":false}},{"type":"Feature","geometry":{"type":"Point","coordinates":[-84.009,33.463]},"properties":{"source":"WU","station_id":"KGAMCDON164","name":"","earliest_date":"2025-01-04","latest_date":"2026-10-08","total_days":606,"total_observations":173636,"years_active":1.66,"days_since_update":2,"extinct":false}},{"type":"Feature","geometry":{"type":"Point","coordinates":[-83.955,33.442]},"properties":{"source":"WU","station_id":"KGAJACKS33","name":"","earliest_date":"2025-11-12","latest_date":"2026-10-08","total_days":307,"total_observations":87752,"years_active":0.84,"days_since_update":2,"extinct":false}},{"type":"Feature","geometry":{"type":"Point","coordinates":[-84.16523,33.36287]},"properties":{"source":"WU","station_id":"KGALOCUS2","name":"","earliest_date":"2012-01-01","latest_date":"2026-10-06","total_days":5278,"total_observations":1478713,"years_active":14.45,"days_since_update":4,"extinct":false}},{"type":"Feature","geometry":{"type":"Point","coordinates":[-83.89622,33.86163]},"properties":{"source":"WU","station_id":"KGALOGAN45","name":"","earliest_date":"2022-05-18","latest_date":"2026-01-14","total_days":1291,"total_observations":353848,"years_active":3.53,"days_since_update":269,"extinct":true}},{"type":"Feature","geometry":{"type":"Point","coordinates":[-83.9303,33.84414]},"properties":{"source":"WU","station_id":"KGALOGAN20","name":"","earliest_date":"2016-01-29","latest_date":"2026-10-08","total_days":3807,"total_observations":1077938,"years_active":10.42,"days_since_update":2,"extinct":false}},{"type":"Feature","geometry":{"type":"Point","coordinates":[-84.531,33.814]},"properties":{"source":"WU","station_id":"KGAMABLE20","name":"","earliest_date":"2025-02-05","latest_date":"2026-02-01","total_days":349,"total_observations":99995,"years_active":0.96,"days_since_update":251,"extinct":true}},{"type":"Feature","geometry":{"type":"Point","coordinates":[-84.532,33.811]},"properties":{"source":"WU","station_id":"KGAMABLE28","name":"","earliest_date":"2023-10-28","latest_date":"2026-10-08","total_days":1034,"total_observations":288567,"years_active":2.83,"days_since_update":2,"extinct":false}},{"type":"Feature","geometry":{"type":"Point","coordinates":[-84.534,33.807]},"properties":{"source":"WU","station_id":"KGAMABLE30","name":"","earliest_date":"2024-07-22","latest_date":"2026-10-07","total_days":751,"total_observations":156581,"years_active":2.06,"days_since_update":3,"extinct":false}},{"type":"Feature","geometry":{"type":"Point","coordinates":[-84.537,33.829]},"properties":{"source":"WU","station_id":"KGAMABLE23","name":"","earliest_date":"2022-10-10","latest_date":"2026-10-08","total_days":1413,"total_observations":405004,"years_active":3.87,"days_since_update":2,"extinct":false}},{"type":"Feature","geometry":{"type":"Point","coordinates":[-84.542,33.83]},"properties":{"source":"WU","station_id":"KGAMABLE21","name":"","earliest_date":"2021-07-08","latest_date":"2026-10-08","total_days":1879,"total_observations":533693,"years_active":5.14,"days_since_update":2,"extinct":false}},{"type":"Feature","geometry":{"type":"Point","coordinates":[-84.518,33.843]},"properties":{"source":"WU","station_id":"KGASMYRN98","name":"","earliest_date":"2025-07-10","latest_date":"2026-10-08","total_days":416,"total_observations":119335,"years_active":1.14,"days_since_update":2,"extinct":false}},{"type":"Feature","geometry":{"type":"Point","coordinates":[-84.539,33.85]},"properties":{"source":"WU","station_id":"KGASMYRN99","name":"","earliest_date":"2025-07-14","latest_date":"2026-10-07","total_days":424,"total_observations":121610,"years_active":1.16,"days_since_update":3,"extinct":false}},{"type":"Feature","geometry":{"type":"Point","coordinates":[-84.54,33.851]},"properties":{"source":"WU","station_id":"KGASMYRN73","name":"","earliest_date":"2022-09-09","latest_date":"2026-10-08","total_days":1450,"total_observations":415759,"years_active":3.97,"days_since_update":2,"extinct":false}},{"type":"Feature","geometry":{"type":"Point","coordinates":[-84.571,33.85]},"properties":{"source":"WU","station_id":"KGASMYRN55","name":"","earliest_date":"2019-12-01","latest_date":"2026-10-08","total_days":2412,"total_observations":640848,"years_active":6.6,"days_since_update":2,"extinct":false}},{"type":"Feature","geometry":{"type":"Point","coordinates":[-84.577,33.873]},"properties":{"source":"WU","station_id":"KGAMARIE506","name":"","earliest_date":"2023-12-23","latest_date":"2026-10-07","total_days":971,"total_observations":264287,"years_active":2.66,"days_since_update":3,"extinct":false}},{"type":"Feature","geometry":{"type":"Point","coordinates":[-84.547,33.858]},"properties":{"source":"WU","station_id":"KGASMYRN95","name":"","earliest_date":"2025-04-21","latest_date":"2026-10-07","total_days":499,"total_observations":142817,"years_active":1.37,"days_since_update":3,"extinct":false}},{"type":"Feature","geometry":{"type":"Point","coordinates":[-84.55,33.863]},"properties":{"source":"WU","station_id":"KGASMYRN82","name":"","earliest_date":"2023-12-31","latest_date":"2025-09-23","total_days":631,"total_observations":180335,"years_active":1.73,"days_since_update":382,"extinct":false}},{"type":"Feature","geometry":{"type":"Point","coordinates":[-84.544,33.863]},"properties":{"source":"WU","station_id":"KGASMYRN79","name":"","earliest_date":"2025-08-23","latest_date":"2026-10-07","total_days":374,"total_observations":106098,"years_active":1.02,"days_since_update":3,"extinct":false}},{"type":"Feature","geometry":{"type":"Point","coordinates":[-84.44796,34.0157]},"properties":{"source":"WU","station_id":"KGAMARIE104","name":"","earliest_date":"2024-12-01","latest_date":"2026-10-07","total_days":530,"total_observations":151791,"years_active":1.45,"days_since_update":3,"extinct":false}},{"type":"Feature","geometry":{"type":"Point","coordinates":[-84.44,34.022]},"properties":{"source":"WU","station_id":"KGAMARIE756","name":"","earliest_date":"2025-10-27","latest_date":"2026-10-07","total_days":324,"total_observations":92354,"years_active":0.89,"days_since_update":3,"extinct":false}},{"type":"Feature","geometry":{"type":"Point","coordinates":[-84.454,33.999]},"properties":{"source":"WU","station_id":"KGAMARIE712","name":"","earliest_date":"2024-11-23","latest_date":"2026-03-06","total_days":449,"total_observations":128881,"years_active":1.23,"days_since_update":218,"extinct":true}},{"type":"Feature","geometry":{"type":"Point","coordinates":[-84.45272,33.99736]},"properties":{"source":"WU","station_id":"KGAMARIE26","name":"","earliest_date":"2022-12-15","latest_date":"2026-10-08","total_days":1244,"total_observations":348700,"years_active":3.41,"days_since_update":2,"extinct":false}},{"type":"Feature","geometry":{"type":"Point","coordinates":[-84.465,34.003]},"properties":{"source":"WU","station_id":"KGAMARIE356","name":"","earliest_date":"2020-09-14","latest_date":"2026-10-08","total_days":2102,"total_observations":598146,"years_active":5.75,"days_since_update":2,"extinct":false}},{"type":"Feature","geometry":{"type":"Point","coordinates":[-84.676,33.96]},"properties":{"source":"WU","station_id":"KGAMARIE700","name":"","earliest_date":"2024-09-06","latest_date":"2026-07-16","total_days":657,"total_observations":177099,"years_active":1.8,"days_since_update":86,"extinct":true}},{"type":"Feature","geometry":{"type":"Point","coordinates":[-84.68,33.948]},"properties":{"source":"WU","station_id":"KGAMARIE353","name":"","earliest_date":"2024-02-03","latest_date":"2026-09-20","total_days":924,"total_observations":262127,"years_active":2.53,"days_since_update":20,"extinct":false}},{"type":"Feature","geometry":{"type":"Point","coordinates":[-84.66,33.95]},"properties":{"source":"WU","station_id":"KGAMARIE236","name":"","earliest_date":"2018-12-26","latest_date":"2026-06-03","total_days":2662,"total_observations":759131,"years_active":7.29,"days_since_update":129,"extinct":true}},{"type":"Feature","geometry":{"type":"Point","coordinates":[-84.43742,33.98098]},"properties":{"source":"WU","station_id":"KGAMARIE140","name":"","earliest_date":"2016-07-07","latest_date":"2026-10-07","total_days":3625,"total_observations":333050,"years_active":9.92,"days_since_update":3,"extinct":false}},{"type":"Feature","geometry":{"type":"Point","coordinates":[-84.433,33.992]},"properties":{"source":"WU","station_id":"KGAMARIE624","name":"","earliest_date":"2023-08-20","latest_date":"2025-08-15","total_days":722,"total_observations":206472,"years_active":1.98,"days_since_update":421,"extinct":true}},{"type":"Feature","geometry":{"type":"Point","coordinates":[-84.45013,33.97308]},"properties":{"source":"WU","station_id":"KGAMARIE372","name":"","earliest_date":"2025-11-04","latest_date":"2026-10-07","total_days":305,"total_observations":84385,"years_active":0.84,"days_since_update":3,"extinct":false}},{"type":"Feature","geometry":{"type":"Point","coordinates":[-84.447,33.97]},"properties":{"source":"WU","station_id":"KGAMARIE508","name":"","earliest_date":"2022-10-10","latest_date":"2026-10-08","total_days":1311,"total_observations":375911,"years_active":3.59,"days_since_update":2,"extinct":false}},{"type":"Feature","geometry":{"type":"Point","coordinates":[-84.431,33.968]},"properties":{"source":"WU","station_id":"KGAMARIE401","name":"","earliest_date":"2021-01-31","latest_date":"2026-10-07","total_days":1970,"total_observations":557712,"years_active":5.39,"days_since_update":3,"extinct":false}},{"type":"Feature","geometry":{"type":"Point","coordinates":[-84.425,33.991]},"properties":{"source":"WU","station_id":"KGAMARIE717","name":"","earliest_date":"2024-12-26","latest_date":"2026-10-08","total_days":618,"total_observations":171608,"years_active":1.69,"days_since_update":2,"extinct":false}},{"type":"Feature","geometry":{"type":"Point","coordinates":[-84.421,33.973]},"properties":{"source":"WU","station_id":"KGAMARIE315","name":"","earliest_date":"2022-09-11","latest_date":"2026-10-08","total_days":1410,"total_observations":393514,"years_active":3.86,"days_since_update":2,"extinct":false}},{"type":"Feature","geometry":{"type":"Point","coordinates":[-84.447,33.995]},"properties":{"source":"WU","station_id":"KGAMARIE445","name":"","earliest_date":"2021-08-04","latest_date":"2026-10-08","total_days":1834,"total_observations":524912,"years_active":5.02,"days_since_update":2,"extinct":false}},{"type":"Feature","geometry":{"type":"Point","coordinates":[-84.458,33.973]},"properties":{"source":"WU","station_id":"KGAMARIE486","name":"","earliest_date":"2023-11-02","latest_date":"2026-10-07","total_days":1046,"total_observations":298461,"years_active":2.86,"days_since_update":3,"extinct":false}},{"type":"Feature","geometry":{"type":"Point","coordinates":[-84.461,33.984]},"properties":{"source":"WU","station_id":"KGAMARIE728","name":"","earliest_date":"2025-02-23","latest_date":"2026-10-08","total_days":556,"total_observations":158967,"years_active":1.52,"days_since_update":2,"extinct":false}},{"type":"Feature","geometry":{"type":"Point","coordinates":[-84.61797,33.90845]},"properties":{"source":"WU","station_id":"KGAMARIE141","name":"","earliest_date":"2017-04-04","latest_date":"2026-10-07","total_days":3385,"total_observations":960432,"years_active":9.27,"days_since_update":3,"extinct":false}},{"type":"Feature","geometry":{"type":"Point","coordinates":[-84.61327,33.91728]},"properties":{"source":"WU","station_id":"KGAMARIE248","name":"","earliest_date":"2026-03-31","latest_date":"2026-10-08","total_days":178,"total_observations":51236,"years_active":0.49,"days_since_update":2,"extinct":false}},{"type":"Feature","geometry":{"type":"Point","coordinates":[-84.61,33.917]},"properties":{"source":"WU","station_id":"KGAMARIE554","name":"","earliest_date":"2022-10-10","latest_date":"2026-10-07","total_days":1416,"total_observations":405961,"years_active":3.88,"days_since_update":3,"extinct":false}},{"type":"Feature","geometry":{"type":"Point","coordinates":[-84.61358,33.92431]},"properties":{"source":"WU","station_id":"KGAMARIE459","name":"","earliest_date":"2025-05-03","latest_date":"2026-10-08","total_days":502,"total_observations":143932,"years_active":1.37,"days_since_update":2,"extinct":false}},{"type":"Feature","geometry":{"type":"Point","coordinates":[-84.63358,33.92018]},"properties":{"source":"WU","station_id":"KGAMARIE52","name":"","earliest_date":"2024-08-04","latest_date":"2025-07-20","total_days":346,"total_observations":98379,"years_active":0.95,"days_since_update":447,"extinct":true}},{"type":"Feature","geometry":{"type":"Point","coordinates":[-84.6365,33.91791]},"properties":{"source":"WU","station_id":"KGAMARIE74","name":"","earliest_date":"2014-12-27","latest_date":"2026-10-08","total_days":4171,"total_observations":1006126,"years_active":11.42,"days_since_update":2,"extinct":false}},{"type":"Feature","geometry":{"type":"Point","coordinates":[-84.607,33.892]},"properties":{"source":"WU","station_id":"KGAMARIE659","name":"","earliest_date":"2024-01-04","latest_date":"2026-10-08","total_days":974,"total_observations":273621,"years_active":2.67,"days_since_update":2,"extinct":false}},{"type":"Feature","geometry":{"type":"Point","coordinates":[-84.617,33.929]},"properties":{"source":"WU","station_id":"KGAMARIE673","name":"","earliest_date":"2024-11-15","latest_date":"2026-10-03","total_days":651,"total_observations":183420,"years_active":1.78,"days_since_update":7,"extinct":false}},{"type":"Feature","geometry":{"type":"Point","coordinates":[-84.599,33.925]},"properties":{"source":"WU","station_id":"KGAMARIE292","name":"","earliest_date":"2025-08-26","latest_date":"2026-10-08","total_days":370,"total_observations":105101,"years_active":1.01,"days_since_update":2,"extinct":false}},{"type":"Feature","geometry":{"type":"Point","coordinates":[-84.49765,34.00801]},"properties":{"source":"WU","station_id":"KGAMARIE142","name":"","earliest_date":"2020-02-20","latest_date":"2026-10-07","total_days":2340,"total_observations":654207,"years_active":6.41,"days_since_update":3,"extinct":false}},{"type":"Feature","geometry":{"type":"Point","coordinates":[-84.501,34.011]},"properties":{"source":"WU","station_id":"KGAMARIE647","name":"","earliest_date":"2023-11-28","latest_date":"2026-10-07","total_days":1009,"total_observations":287806,"years_active":2.76,"days_since_update":3,"extinct":false}},{"type":"Feature","geometry":{"type":"Point","coordinates":[-84.508,34.015]},"properties":{"source":"WU","station_id":"KGAMARIE500","name":"","earliest_date":"2022-01-29","latest_date":"2026-10-08","total_days":1670,"total_observations":478025,"years_active":4.57,"days_since_update":2,"extinct":false}},{"type":"Feature","geometry":{"type":"Point","coordinates":[-84.48573,34.01489]},"properties":{"source":"WU","station_id":"KGAMARIE30","name":"","earliest_date":"2026-03-31","latest_date":"2026-10-07","total_days":174,"total_observations":49755,"years_active":0.48,"days_since_update":3,"extinct":false}},{"type":"Feature","geometry":{"type":"Point","coordinates":[-84.512,34.003]},"properties":{"source":"WU","station_id":"KGAMARIE305","name":"","earliest_date":"2024-03-06","latest_date":"2026-09-23","total_days":884,"total_observations":253128,"years_active":2.42,"days_since_update":17,"extinct":false}},{"type":"Feature","geometry":{"type":"Point","coordinates":[-84.48219,33.99901]},"properties":{"source":"WU","station_id":"KGAMARIE457","name":"","earliest_date":"2025-02-05","latest_date":"2026-10-07","total_days":567,"total_observations":160645,"years_active":1.55,"days_since_update":3,"extinct":false}},{"type":"Feature","geometry":{"type":"Point","coordinates":[-84.49937,33.98833]},"properties":{"source":"WU","station_id":"KGAMARIE729","name":"","earliest_date":"2025-03-01","latest_date":"2026-10-08","total_days":513,"total_observations":146072,"years_active":1.4,"days_since_update":2,"extinct":false}},{"type":"Feature","geometry":{"type":"Point","coordinates":[-84.512,33.992]},"properties":{"source":"WU","station_id":"KGAMARIE569","name":"","earliest_date":"2022-12-27","latest_date":"2025-10-29","total_days":1023,"total_observations":293259,"years_active":2.8,"days_since_update":346,"extinct":true}},{"type":"Feature","geometry":{"type":"Point","coordinates":[-84.59112,33.93385]},"properties":{"source":"WU","station_id":"KGAMARIE166","name":"","earliest_date":"2025-07-09","latest_date":"2026-10-08","total_days":425,"total_observations":121047,"years_active":1.16,"days_since_update":2,"extinct":false}},{"type":"Feature","geometry":{"type":"Point","coordinates":[-84.603,33.931]},"properties":{"source":"WU","station_id":"KGAMARIE739","name":"","earliest_date":"2025-05-11","latest_date":"2026-10-08","total_days":488,"total_observations":140118,"years_active":1.34,"days_since_update":2,"extinct":false}},{"type":"Feature","geometry":{"type":"Point","coordinates":[-84.586,33.944]},"properties":{"source":"WU","station_id":"KGAMARIE629","name":"","earliest_date":"2023-08-28","latest_date":"2025-11-29","total_days":733,"total_observations":184685,"years_active":2.01,"days_since_update":315,"extinct":true}},{"type":"Feature","geometry":{"type":"Point","coordinates":[-84.582,33.951]},"properties":{"source":"WU","station_id":"KGAMARIE465","name":"","earliest_date":"2025-08-13","latest_date":"2026-10-08","total_days":377,"total_observations":84181,"years_active":1.03,"days_since_update":2,"extinct":false}},{"type":"Feature","geometry":{"type":"Point","coordinates":[-84.567,33.945]},"properties":{"source":"WU","station_id":"KGAMARIE294","name":"","earliest_date":"2025-05-04","latest_date":"2026-10-07","total_days":483,"total_observations":137453,"years_active":1.32,"days_since_update":3,"extinct":false}},{"type":"Feature","geometry":{"type":"Point","coordinates":[-84.585,33.957]},"properties":{"source":"WU","station_id":"KGAMARIE345","name":"","earliest_date":"2024-12-17","latest_date":"2026-03-18","total_days":438,"total_observations":125217,"years_active":1.2,"days_since_update":206,"extinct":true}},{"type":"Feature","geometry":{"type":"Point","coordinates":[-84.639,33.944]},"properties":{"source":"WU","station_id":"KGAMARIE314","name":"","earliest_date":"2020-02-09","latest_date":"2026-10-07","total_days":2335,"total_observations":654293,"years_active":6.39,"days_since_update":3,"extinct":false}},{"type":"Feature","geometry":{"type":"Point","coordinates":[-84.662,33.946]},"properties":{"source":"WU","station_id":"KGAMARIE661","name":"","earliest_date":"2024-01-15","latest_date":"2026-10-08","total_days":961,"total_observations":268042,"years_active":2.63,"days_since_update":2,"extinct":false}},{"type":"Feature","geometry":{"type":"Point","coordinates":[-84.46767,33.98452]},"properties":{"source":"WU","station_id":"KGAMARIE174","name":"","earliest_date":"2020-01-04","latest_date":"2026-10-08","total_days":2392,"total_observations":668932,"years_active":6.55,"days_since_update":2,"extinct":false}},{"type":"Feature","geometry":{"type":"Point","coordinates":[-84.473,33.988]},"properties":{"source":"WU","station_id":"KGAMARIE677","name":"","earliest_date":"2024-03-22","latest_date":"2026-10-08","total_days":884,"total_observations":243757,"years_active":2.42,"days_since_update":2,"extinct":false}},{"type":"Feature","geometry":{"type":"Point","coordinates":[-84.468,33.991]},"properties":{"source":"WU","station_id":"KGAMARIE558","name":"","earliest_date":"2022-12-17","latest_date":"2026-10-07","total_days":1363,"total_observations":390988,"years_active":3.73,"days_since_update":3,"extinct":false}},{"type":"Feature","geometry":{"type":"Point","coordinates":[-84.46426,33.99391]},"properties":{"source":"WU","station_id":"KGAMARIE577","name":"","earliest_date":"2023-01-22","latest_date":"2026-10-07","total_days":1316,"total_observations":364776,"years_active":3.6,"days_since_update":3,"extinct":false}},{"type":"Feature","geometry":{"type":"Point","coordinates":[-84.47859,33.97566]},"properties":{"source":"WU","station_id":"KGAASHEB2","name":"","earliest_date":"2018-11-01","latest_date":"2023-04-18","total_days":1591,"total_observations":409185,"years_active":4.36,"days_since_update":1271,"extinct":false}},{"type":"Feature","geometry":{"type":"Point","coordinates":[-84.467,34.0]},"properties":{"source":"WU","station_id":"KGAMARIE655","name":"","earliest_date":"2023-12-29","latest_date":"2026-07-11","total_days":634,"total_observations":181693,"years_active":1.74,"days_since_update":91,"extinct":true}},{"type":"Feature","geometry":{"type":"Point","coordinates":[-84.465,34.0]},"properties":{"source":"WU","station_id":"KGAMARIE708","name":"","earliest_date":"2024-10-25","latest_date":"2026-10-08","total_days":655,"total_observations":168144,"years_active":1.79,"days_since_update":2,"extinct":false}},{"type":"Feature","geometry":{"type":"Point","coordinates":[-84.474,33.969]},"properties":{"source":"WU","station_id":"KGAMARIE724","name":"","earliest_date":"2025-01-26","latest_date":"2026-10-08","total_days":477,"total_observations":137183,"years_active":1.31,"days_since_update":2,"extinct":false}},{"type":"Feature","geometry":{"type":"Point","coordinates":[-84.44663,34.05873]},"properties":{"source":"WU","station_id":"KGAMARIE195","name":"","earliest_date":"2017-11-10","latest_date":"2026-10-07","total_days":3177,"total_observations":901141,"years_active":8.7,"days_since_update":3,"extinct":false}},{"type":"Feature","geometry":{"type":"Point","coordinates":[-84.454,34.062]},"properties":{"source":"WU","station_id":"KGAMARIE533","name":"","earliest_date":"2022-06-27","latest_date":"2026-10-04","total_days":1519,"total_observations":436075,"years_active":4.16,"days_since_update":6,"extinct":false}},{"type":"Feature","geometry":{"type":"Point","coordinates":[-84.456,34.06]},"properties":{"source":"WU","station_id":"KGAMARIE304","name":"","earliest_date":"2025-04-16","latest_date":"2026-10-08","total_days":496,"total_observations":140856,"years_active":1.36,"days_since_update":2,"extinct":false}},{"type":"Feature","geometry":{"type":"Point","coordinates":[-84.45503,34.06294]},"properties":{"source":"WU","station_id":"KGAMARIE404","name":"","earliest_date":"2021-02-09","latest_date":"2026-10-07","total_days":1901,"total_observations":541531,"years_active":5.2,"days_since_update":3,"extinct":false}},{"type":"Feature","geometry":{"type":"Point","coordinates":[-84.459,34.057]},"properties":{"source":"WU","station_id":"KGAMARIE287","name":"","earliest_date":"2025-10-14","latest_date":"2026-07-25","total_days":134,"total_observations":28136,"years_active":0.37,"days_since_update":77,"extinct":true}},{"type":"Feature","geometry":{"type":"Point","coordinates":[-84.4606,34.06089]},"properties":{"source":"WU","station_id":"KGAMARIE699","name":"","earliest_date":"2024-09-02","latest_date":"2026-10-08","total_days":739,"total_observations":204741,"years_active":2.02,"days_since_update":2,"extinct":false}},{"type":"Feature","geometry":{"type":"Point","coordinates":[-84.46112,34.056424]},"properties":{"source":"WU","station_id":"KGAMARIE750","name":"","earliest_date":"2025-07-29","latest_date":"2026-10-07","total_days":407,"total_observations":116304,"years_active":1.11,"days_since_update":3,"extinct":false}},{"type":"Feature","geometry":{"type":"Point","coordinates":[-84.435,34.066]},"properties":{"source":"WU","station_id":"KGAMARIE563","name":"","earliest_date":"2022-12-24","latest_date":"2026-09-25","total_days":1349,"total_observations":386882,"years_active":3.69,"days_since_update":15,"extinct":false}},{"type":"Feature","geometry":{"type":"Point","coordinates":[-84.438,34.07]},"properties":{"source":"WU","station_id":"KGAMARIE344","name":"","earliest_date":"2026-03-31","latest_date":"2026-10-07","total_days":168,"total_observations":47343,"years_active":0.46,"days_since_update":3,"extinct":false}},{"type":"Feature","geometry":{"type":"Point","coordinates":[-84.48602,33.95644]},"properties":{"source":"WU","station_id":"KGAMARIE201","name":"","earliest_date":"2017-12-27","latest_date":"2026-10-08","total_days":3101,"total_observations":880330,"years_active":8.49,"days_since_update":2,"extinct":false}},{"type":"Feature","geometry":{"type":"Point","coordinates":[-84.48729,33.95825]},"properties":{"source":"WU","station_id":"KGAMARIE689","name":"","earliest_date":"2024-06-30","latest_date":"2026-10-07","total_days":794,"total_observations":211597,"years_active":2.17,"days_since_update":3,"extinct":false}},{"type":"Feature","geometry":{"type":"Point","coordinates":[-84.483,33.955]},"properties":{"source":"WU","station_id":"KGAMARIE663","name":"","earliest_date":"2024-01-25","latest_date":"2026-10-07","total_days":924,"total_observations":260391,"years_active":2.53,"days_since_update":3,"extinct":false}},{"type":"Feature","geometry":{"type":"Point","coordinates":[-84.476,33.955]},"properties":{"source":"WU","station_id":"KGAMARIE636","name":"","earliest_date":"2023-10-14","latest_date":"2026-10-08","total_days":1061,"total_observations":302842,"years_active":2.9,"days_since_update":2,"extinct":false}},{"type":"Feature","geometry":{"type":"Point","coordinates":[-84.482,33.947]},"properties":{"source":"WU","station_id":"KGAMARIE574","name":"","earliest_date":"2023-01-03","latest_date":"2026-10-06","total_days":1330,"total_observations":374298,"years_active":3.64,"days_since_update":4,"extinct":false}},{"type":"Feature","geometry":{"type":"Point","coordinates":[-84.475,33.966]},"properties":{"source":"WU","station_id":"KGAMARIE387","name":"","earliest_date":"2020-12-26","latest_date":"2026-10-08","total_days":2060,"total_observations":589610,"years_active":5.64,"days_since_update":2,"extinct":false}},{"type":"Feature","geometry":{"type":"Point","coordinates":[-84.474,33.945]},"properties":{"source":"WU","station_id":"KGAMARIE524","name":"","earliest_date":"2022-05-09","latest_date":"2026-10-07","total_days":1562,"total_observations":447542,"years_active":4.28,"days_since_update":3,"extinct":false}},{"type":"Feature","geometry":{"type":"Point","coordinates":[-84.481,33.939]},"properties":{"source":"WU","station_id":"KGAMARIE390","name":"","earliest_date":"2024-06-05","latest_date":"2026-10-06","total_days":750,"total_observations":210838,"years_active":2.05,"days_since_update":4,"extinct":false}},{"type":"Feature","geometry":{"type":"Point","coordinates":[-84.51463,33.98786]},"properties":{"source":"WU","station_id":"KGAMARIE218","name":"","earliest_date":"2025-09-25","latest_date":"2026-10-08","total_days":314,"total_observations":84906,"years_active":0.86,"days_since_update":2,"extinct":false}},{"type":"Feature","geometry":{"type":"Point","coordinates":[-84.678,33.94]},"properties":{"source":"WU","station_id":"KGAPOWDE86","name":"","earliest_date":"2025-11-21","latest_date":"2026-09-27","total_days":123,"total_observations":33311,"years_active":0.34,"days_since_update":13,"extinct":false}},{"type":"Feature","geometry":{"type":"Point","coordinates":[-84.67108,33.93003]},"properties":{"source":"WU","station_id":"KGAPOWDE17","name":"","earliest_date":"2023-08-10","latest_date":"2026-10-07","total_days":1110,"total_observations":314497,"years_active":3.04,"days_since_update":3,"extinct":false}},{"type":"Feature","geometry":{"type":"Point","coordinates":[-84.59,33.91]},"properties":{"source":"WU","station_id":"KGAMARIE600","name":"","earliest_date":"2023-05-06","latest_date":"2026-08-25","total_days":1186,"total_observations":339697,"years_active":3.25,"days_since_update":46,"extinct":true}},{"type":"Feature","geometry":{"type":"Point","coordinates":[-84.48817,34.03808]},"properties":{"source":"WU","station_id":"KGAMARIE159","name":"","earliest_date":"2018-11-30","latest_date":"2026-10-07","total_days":2764,"total_observations":778621,"years_active":7.57,"days_since_update":3,"extinct":false}},{"type":"Feature","geometry":{"type":"Point","coordinates":[-84.459,34.049]},"properties":{"source":"WU","station_id":"KGAMARIE648","name":"","earliest_date":"2023-11-29","latest_date":"2026-08-18","total_days":960,"total_observations":269212,"years_active":2.63,"days_since_update":53,"extinct":false}},{"type":"Feature","geometry":{"type":"Point","coordinates":[-84.47028,34.06016]},"properties":{"source":"WU","station_id":"KGAMARIE293","name":"","earliest_date":"2025-08-04","latest_date":"2026-10-07","total_days":385,"total_observations":91573,"years_active":1.05,"days_since_update":3,"extinct":false}},{"type":"Feature","geometry":{"type":"Point","coordinates":[-84.469,34.049]},"properties":{"source":"WU","station_id":"KGAMARIE550","name":"","earliest_date":"2022-08-13","latest_date":"2026-10-07","total_days":1479,"total_observations":424060,"years_active":4.05,"days_since_update":3,"extinct":false}},{"type":"Feature","geometry":{"type":"Point","coordinates":[-84.561,33.953]},"properties":{"source":"WU","station_id":"KGAMARIE619","name":"","earliest_date":"2025-11-12","latest_date":"2026-08-13","total_days":91,"total_observations":25858,"years_active":0.25,"days_since_update":58,"extinct":true}},{"type":"Feature","geometry":{"type":"Point","coordinates":[-84.568,33.956]},"properties":{"source":"WU","station_id":"KGAMARIE684","name":"","earliest_date":"2024-05-13","latest_date":"2026-10-08","total_days":827,"total_observations":230019,"years_active":2.26,"days_since_update":2,"extinct":false}},{"type":"Feature","geometry":{"type":"Point","coordinates":[-84.563,33.966]},"properties":{"source":"WU","station_id":"KGAMARIE681","name":"","earliest_date":"2025-09-06","latest_date":"2026-10-08","total_days":357,"total_observations":97191,"years_active":0.98,"days_since_update":2,"extinct":false}},{"type":"Feature","geometry":{"type":"Point","coordinates":[-84.569,33.919]},"properties":{"source":"WU","station_id":"KGAMARIE516","name":"","earliest_date":"2022-03-30","latest_date":"2026-10-06","total_days":1603,"total_observations":458214,"years_active":4.39,"days_since_update":4,"extinct":false}},{"type":"Feature","geometry":{"type":"Point","coordinates":[-84.543,33.962]},"properties":{"source":"WU","station_id":"KGAMARIE675","name":"","earliest_date":"2024-03-19","latest_date":"2026-10-07","total_days":884,"total_observations":244790,"years_active":2.42,"days_since_update":3,"extinct":false}},{"type":"Feature","geometry":{"type":"Point","coordinates":[-84.618,33.944]},"properties":{"source":"WU","station_id":"KGAMARIE333","name":"","earliest_date":"2020-05-28","latest_date":"2026-04-03","total_days":2088,"total_observations":581128,"years_active":5.72,"days_since_update":190,"extinct":true}},{"type":"Feature","geometry":{"type":"Point","coordinates":[-84.651,33.927]},"properties":{"source":"WU","station_id":"KGAPOWDE56","name":"","earliest_date":"2025-07-17","latest_date":"2026-10-06","total_days":394,"total_observations":111682,"years_active":1.08,"days_since_update":4,"extinct":false}},{"type":"Feature","geometry":{"type":"Point","coordinates":[-84.655,33.925]},"properties":{"source":"WU","station_id":"KGAPOWDE110","name":"","earliest_date":"2025-05-03","latest_date":"2026-10-06","total_days":489,"total_observations":133233,"years_active":1.34,"days_since_update":4,"extinct":false}},{"type":"Feature","geometry":{"type":"Point","coordinates":[-84.40354,33.97842]},"properties":{"source":"WU","station_id":"KGAMARIE34","name":"","earliest_date":"2021-01-30","latest_date":"2026-10-07","total_days":2008,"total_observations":506708,"years_active":5.5,"days_since_update":3,"extinct":false}},{"type":"Feature","geometry":{"type":"Point","coordinates":[-84.401,33.974]},"properties":{"source":"WU","station_id":"KGAMARIE611","name":"","earliest_date":"2023-06-19","latest_date":"2026-10-08","total_days":1152,"total_observations":321881,"years_active":3.15,"days_since_update":2,"extinct":false}},{"type":"Feature","geometry":{"type":"Point","coordinates":[-84.425,33.956]},"properties":{"source":"WU","station_id":"KGAMARIE735","name":"","earliest_date":"2025-04-07","latest_date":"2026-10-07","total_days":514,"total_observations":144720,"years_active":1.41,"days_since_update":3,"extinct":false}},{"type":"Feature","geometry":{"type":"Point","coordinates":[-84.408,33.958]},"properties":{"source":"WU","station_id":"KGAMARIE749","name":"","earliest_date":"2025-07-20","latest_date":"2026-05-23","total_days":293,"total_observations":78772,"years_active":0.8,"days_since_update":140,"extinct":true}},{"type":"Feature","geometry":{"type":"Point","coordinates":[-84.419,33.954]},"properties":{"source":"WU","station_id":"KGAMARIE361","name":"","earliest_date":"2020-09-19","latest_date":"2026-10-07","total_days":2152,"total_observations":615835,"years_active":5.89,"days_since_update":3,"extinct":false}},{"type":"Feature","geometry":{"type":"Point","coordinates":[-84.494,34.039]},"properties":{"source":"WU","station_id":"KGAMARIE713","name":"","earliest_date":"2024-12-08","latest_date":"2026-10-08","total_days":634,"total_observations":181420,"years_active":1.74,"days_since_update":2,"extinct":false}},{"type":"Feature","geometry":{"type":"Point","coordinates":[-84.50028,34.04454]},"properties":{"source":"WU","station_id":"KGAMARIE634","name":"","earliest_date":"2023-10-02","latest_date":"2026-10-08","total_days":1070,"total_observations":299323,"years_active":2.93,"days_since_update":2,"extinct":false}},{"type":"Feature","geometry":{"type":"Point","coordinates":[-84.506,34.043]},"properties":{"source":"WU","station_id":"KGAMARIE722","name":"","earliest_date":"2025-01-21","latest_date":"2026-10-06","total_days":579,"total_observations":152111,"years_active":1.59,"days_since_update":4,"extinct":false}},{"type":"Feature","geometry":{"type":"Point","coordinates":[-84.504,34.067]},"properties":{"source":"WU","station_id":"KGAMARIE339","name":"","earliest_date":"2020-07-18","latest_date":"2026-10-08","total_days":2217,"total_observations":632761,"years_active":6.07,"days_since_update":2,"extinct":false}},{"type":"Feature","geometry":{"type":"Point","coordinates":[-84.513,34.074]},"properties":{"source":"WU","station_id":"KGAMARIE690","name":"","earliest_date":"2024-06-30","latest_date":"2026-08-16","total_days":764,"total_observations":215507,"years_active":2.09,"days_since_update":55,"extinct":true}},{"type":"Feature","geometry":{"type":"Point","coordinates":[-84.516,34.071]},"properties":{"source":"WU","station_id":"KGAMARIE702","name":"","earliest_date":"2024-09-26","latest_date":"2026-10-06","total_days":702,"total_observations":194703,"years_active":1.92,"days_since_update":4,"extinct":false}},{"type":"Feature","geometry":{"type":"Point","coordinates":[-84.51905,34.0668]},"properties":{"source":"WU","station_id":"KGAMARIE472","name":"","earliest_date":"2021-12-17","latest_date":"2026-10-08","total_days":1696,"total_observations":484252,"years_active":4.64,"days_since_update":2,"extinct":false}},{"type":"Feature","geometry":{"type":"Point","coordinates":[-84.499,34.079]},"properties":{"source":"WU","station_id":"KGAWOODS232","name":"","earliest_date":"2023-07-15","latest_date":"2026-10-08","total_days":1127,"total_observations":320004,"years_active":3.09,"days_since_update":2,"extinct":false}},{"type":"Feature","geometry":{"type":"Point","coordinates":[-84.501,34.08]},"properties":{"source":"WU","station_id":"KGAWOODS273","name":"","earliest_date":"2025-09-08","latest_date":"2026-10-08","total_days":314,"total_observations":89688,"years_active":0.86,"days_since_update":2,"extinct":false}},{"type":"Feature","geometry":{"type":"Point","coordinates":[-84.404,33.991]},"properties":{"source":"WU","station_id":"KGAMARIE682","name":"","earliest_date":"2024-05-07","latest_date":"2026-10-08","total_days":845,"total_observations":233909,"years_active":2.31,"days_since_update":2,"extinct":false}},{"type":"Feature","geometry":{"type":"Point","coordinates":[-84.404,33.991]},"properties":{"source":"WU","station_id":"KGAMARIE455","name":"","earliest_date":"2021-09-20","latest_date":"2026-10-08","total_days":1726,"total_observations":487543,"years_active":4.73,"days_since_update":2,"extinct":false}},{"type":"Feature","geometry":{"type":"Point","coordinates":[-84.4,34.007]},"properties":{"source":"WU","station_id":"KGAMARIE346","name":"","earliest_date":"2021-09-07","latest_date":"2026-06-10","total_days":1692,"total_observations":434445,"years_active":4.63,"days_since_update":122,"extinct":true}},{"type":"Feature","geometry":{"type":"Point","coordinates":[-84.39967,34.01223]},"properties":{"source":"WU","station_id":"KGAROSWE118","name":"","earliest_date":"2020-08-02","latest_date":"2026-10-08","total_days":2190,"total_observations":558751,"years_active":6.0,"days_since_update":2,"extinct":false}},{"type":"Feature","geometry":{"type":"Point","coordinates":[-84.404,34.019]},"properties":{"source":"WU","station_id":"KGAROSWE91","name":"","earliest_date":"2021-07-28","latest_date":"2025-07-21","total_days":1444,"total_observations":413087,"years_active":3.95,"days_since_update":446,"extinct":true}},{"type":"Feature","geometry":{"type":"Point","coordinates":[-84.41737,34.01495]},"properties":{"source":"WU","station_id":"KGAMARIE482","name":"","earliest_date":"2022-10-10","latest_date":"2026-10-07","total_days":1398,"total_observations":397446,"years_active":3.83,"days_since_update":3,"extinct":false}},{"type":"Feature","geometry":{"type":"Point","coordinates":[-84.421,34.014]},"properties":{"source":"WU","station_id":"KGAMARIE698","name":"","earliest_date":"2025-06-14","latest_date":"2026-10-08","total_days":434,"total_observations":123713,"years_active":1.19,"days_since_update":2,"extinct":false}},{"type":"Feature","geometry":{"type":"Point","coordinates":[-84.467,34.002]},"properties":{"source":"WU","station_id":"KGAMARIE567","name":"","earliest_date":"2025-09-17","latest_date":"2026-10-08","total_days":349,"total_observations":91885,"years_active":0.96,"days_since_update":2,"extinct":false}},{"type":"Feature","geometry":{"type":"Point","coordinates":[-84.451,33.961]},"properties":{"source":"WU","station_id":"KGAMARIE386","name":"","earliest_date":"2020-12-26","latest_date":"2026-10-06","total_days":2029,"total_observations":573610,"years_active":5.56,"days_since_update":4,"extinct":false}},{"type":"Feature","geometry":{"type":"Point","coordinates":[-84.462,33.962]},"properties":{"source":"WU","station_id":"KGAMARIE628","name":"","earliest_date":"2023-08-28","latest_date":"2026-10-08","total_days":1098,"total_observations":299657,"years_active":3.01,"days_since_update":2,"extinct":false}},{"type":"Feature","geometry":{"type":"Point","coordinates":[-84.452,33.958]},"properties":{"source":"WU","station_id":"KGAMARIE302","name":"","earliest_date":"2026-03-31","latest_date":"2026-10-08","total_days":174,"total_observations":49969,"years_active":0.48,"days_since_update":2,"extinct":false}},{"type":"Feature","geometry":{"type":"Point","coordinates":[-84.457,33.952]},"properties":{"source":"WU","station_id":"KGAMARIE547","name":"","earliest_date":"2025-05-27","latest_date":"2026-10-08","total_days":456,"total_observations":129283,"years_active":1.25,"days_since_update":2,"extinct":false}},{"type":"Feature","geometry":{"type":"Point","coordinates":[-84.46018,33.95087]},"properties":{"source":"WU","station_id":"KGAMARIE225","name":"","earliest_date":"2025-01-11","latest_date":"2026-10-07","total_days":606,"total_observations":161714,"years_active":1.66,"days_since_update":3,"extinct":false}},{"type":"Feature","geometry":{"type":"Point","coordinates":[-84.449,33.948]},"properties":{"source":"WU","station_id":"KGAMARIE487","name":"","earliest_date":"2024-08-29","latest_date":"2026-05-06","total_days":545,"total_observations":152769,"years_active":1.49,"days_since_update":157,"extinct":true}},{"type":"Feature","geometry":{"type":"Point","coordinates":[-84.46,33.95]},"properties":{"source":"WU","station_id":"KGAMARIE745","name":"","earliest_date":"2025-05-19","latest_date":"2026-10-07","total_days":472,"total_observations":135328,"years_active":1.29,"days_since_update":3,"extinct":false}},{"type":"Feature","geometry":{"type":"Point","coordinates":[-84.43,34.031]},"properties":{"source":"WU","station_id":"KGAROSWE231","name":"","earliest_date":"2025-08-11","latest_date":"2026-10-08","total_days":389,"total_observations":108315,"years_active":1.07,"days_since_update":2,"extinct":false}},{"type":"Feature","geometry":{"type":"Point","coordinates":[-84.427,34.027]},"properties":{"source":"WU","station_id":"KGAMARIE711","name":"","earliest_date":"2024-11-18","latest_date":"2026-10-08","total_days":630,"total_observations":177810,"years_active":1.72,"days_since_update":2,"extinct":false}},{"type":"Feature","geometry":{"type":"Point","coordinates":[-84.425,34.009]},"properties":{"source":"WU","station_id":"KGAMARIE748","name":"","earliest_date":"2025-07-12","latest_date":"2026-10-07","total_days":415,"total_observations":119098,"years_active":1.14,"days_since_update":3,"extinct":false}},{"type":"Feature","geometry":{"type":"Point","coordinates":[-84.466,33.939]},"properties":{"source":"WU","station_id":"KGAMARIE528","name":"","earliest_date":"2022-06-15","latest_date":"2026-10-08","total_days":1548,"total_observations":418174,"years_active":4.24,"days_since_update":2,"extinct":false}},{"type":"Feature","geometry":{"type":"Point","coordinates":[-84.468,33.931]},"properties":{"source":"WU","station_id":"KGAMARIE541","name":"","earliest_date":"2022-07-14","latest_date":"2026-10-06","total_days":1459,"total_observations":406962,"years_active":3.99,"days_since_update":4,"extinct":false}},{"type":"Feature","geometry":{"type":"Point","coordinates":[-84.46608,33.93314]},"properties":{"source":"WU","station_id":"KGAMARIE671","name":"","earliest_date":"2024-03-04","latest_date":"2026-10-08","total_days":779,"total_observations":182647,"years_active":2.13,"days_since_update":2,"extinct":false}},{"type":"Feature","geometry":{"type":"Point","coordinates":[-84.462,33.947]},"properties":{"source":"WU","station_id":"KGAMARIE714","name":"","earliest_date":"2025-09-17","latest_date":"2026-10-03","total_days":303,"total_observations":78182,"years_active":0.83,"days_since_update":7,"extinct":false}},{"type":"Feature","geometry":{"type":"Point","coordinates":[-84.421,33.952]},"properties":{"source":"WU","station_id":"KGAMARIE477","name":"","earliest_date":"2021-12-29","latest_date":"2026-10-08","total_days":1706,"total_observations":489734,"years_active":4.67,"days_since_update":2,"extinct":false}},{"type":"Feature","geometry":{"type":"Point","coordinates":[-84.421,33.952]},"properties":{"source":"WU","station_id":"KGAMARIE479","name":"","earliest_date":"2021-12-29","latest_date":"2026-10-08","total_days":1694,"total_observations":453234,"years_active":4.64,"days_since_update":2,"extinct":false}},{"type":"Feature","geometry":{"type":"Point","coordinates":[-84.445,34.042]},"properties":{"source":"WU","station_id":"KGAMARIE431","name":"","earliest_date":"2021-07-01","latest_date":"2026-10-08","total_days":1870,"total_observations":175358,"years_active":5.12,"days_since_update":2,"extinct":false}},{"type":"Feature","geometry":{"type":"Point","coordinates":[-84.439,34.047]},"properties":{"source":"WU","station_id":"KGAMARIE552","name":"","earliest_date":"2022-09-01","latest_date":"2026-10-07","total_days":1458,"total_observations":403319,"years_active":3.99,"days_since_update":3,"extinct":false}},{"type":"Feature","geometry":{"type":"Point","coordinates":[-84.434,34.051]},"properties":{"source":"WU","station_id":"KGAMARIE627","name":"","earliest_date":"2024-07-31","latest_date":"2026-01-06","total_days":513,"total_observations":146441,"years_active":1.4,"days_since_update":277,"extinct":false}},{"type":"Feature","geometry":{"type":"Point","coordinates":[-84.417,33.941]},"properties":{"source":"WU","station_id":"KGAMARIE436","name":"","earliest_date":"2021-07-23","latest_date":"2026-10-08","total_days":1859,"total_observations":532875,"years_active":5.09,"days_since_update":2,"extinct":false}},{"type":"Feature","geometry":{"type":"Point","coordinates":[-84.42167,33.95139]},"properties":{"source":"WU","station_id":"KGAMARIE20","name":"","earliest_date":"2022-09-30","latest_date":"2026-10-08","total_days":1401,"total_observations":398000,"years_active":3.84,"days_since_update":2,"extinct":false}},{"type":"Feature","geometry":{"type":"Point","coordinates":[-84.425,33.927]},"properties":{"source":"WU","station_id":"KGASANDY8","name":"","earliest_date":"2023-06-28","latest_date":"2026-10-07","total_days":890,"total_observations":82330,"years_active":2.44,"days_since_update":3,"extinct":false}},{"type":"Feature","geometry":{"type":"Point","coordinates":[-84.46,33.922]},"properties":{"source":"WU","station_id":"KGAMARIE665","name":"","earliest_date":"2024-02-17","latest_date":"2026-10-08","total_days":929,"total_observations":265786,"years_active":2.54,"days_since_update":2,"extinct":false}},{"type":"Feature","geometry":{"type":"Point","coordinates":[-84.45997,33.9221]},"properties":{"source":"WU","station_id":"KGAMILLR3","name":"","earliest_date":"2023-07-13","latest_date":"2026-10-08","total_days":1147,"total_observations":326403,"years_active":3.14,"days_since_update":2,"extinct":false}},{"type":"Feature","geometry":{"type":"Point","coordinates":[-84.51,33.894]},"properties":{"source":"WU","station_id":"KGASMYRN102","name":"","earliest_date":"2025-10-27","latest_date":"2026-10-07","total_days":326,"total_observations":92803,"years_active":0.89,"days_since_update":3,"extinct":false}},{"type":"Feature","geometry":{"type":"Point","coordinates":[-84.414,34.024]},"properties":{"source":"WU","station_id":"KGAROSWE188","name":"","earliest_date":"2025-10-18","latest_date":"2026-02-12","total_days":89,"total_observations":19004,"years_active":0.24,"days_since_update":240,"extinct":true}},{"type":"Feature","geometry":{"type":"Point","coordinates":[-84.446,33.964]},"properties":{"source":"WU","station_id":"KGAMARIE502","name":"","earliest_date":"2026-03-31","latest_date":"2026-08-22","total_days":138,"total_observations":35388,"years_active":0.38,"days_since_update":49,"extinct":true}},{"type":"Feature","geometry":{"type":"Point","coordinates":[-84.457,33.947]},"properties":{"source":"WU","station_id":"KGAMARIE489","name":"","earliest_date":"2022-01-13","latest_date":"2026-10-08","total_days":1691,"total_observations":483849,"years_active":4.63,"days_since_update":2,"extinct":false}},{"type":"Feature","geometry":{"type":"Point","coordinates":[-84.453,33.939]},"properties":{"source":"WU","station_id":"KGAMARIE754","name":"","earliest_date":"2025-10-06","latest_date":"2026-10-08","total_days":336,"total_observations":96000,"years_active":0.92,"days_since_update":2,"extinct":false}},{"type":"Feature","geometry":{"type":"Point","coordinates":[-84.576,33.886]},"properties":{"source":"WU","station_id":"KGAMARIE707","name":"","earliest_date":"2024-10-18","latest_date":"2026-09-08","total_days":427,"total_observations":122192,"years_active":1.17,"days_since_update":32,"extinct":false}},{"type":"Feature","geometry":{"type":"Point","coordinates":[-84.5982,33.88043]},"properties":{"source":"WU","station_id":"KGAMARIE687","name":"","earliest_date":"2024-06-15","latest_date":"2026-10-05","total_days":686,"total_observations":195698,"years_active":1.88,"days_since_update":5,"extinct":false}},{"type":"Feature","geometry":{"type":"Point","coordinates":[-84.55029,33.87969]},"properties":{"source":"WU","station_id":"KGASMYRN34","name":"","earliest_date":"2025-07-23","latest_date":"2026-10-07","total_days":285,"total_observations":66817,"years_active":0.78,"days_since_update":3,"extinct":false}},{"type":"Feature","geometry":{"type":"Point","coordinates":[-84.561,33.906]},"properties":{"source":"WU","station_id":"KGAMARIE633","name":"","earliest_date":"2024-05-23","latest_date":"2026-06-14","total_days":687,"total_observations":196339,"years_active":1.88,"days_since_update":118,"extinct":true}},{"type":"Feature","geometry":{"type":"Point","coordinates":[-84.545,33.92]},"properties":{"source":"WU","station_id":"KGAMARIE752","name":"","earliest_date":"2025-08-24","latest_date":"2026-10-08","total_days":380,"total_observations":108983,"years_active":1.04,"days_since_update":2,"extinct":false}},{"type":"Feature","geometry":{"type":"Point","coordinates":[-84.431,34.061]},"properties":{"source":"WU","station_id":"KGAMARIE566","name":"","earliest_date":"2024-06-20","latest_date":"2026-10-06","total_days":776,"total_observations":214184,"years_active":2.12,"days_since_update":4,"extinct":false}},{"type":"Feature","geometry":{"type":"Point","coordinates":[-84.4274,34.05965]},"properties":{"source":"WU","station_id":"KGAROSWE57","name":"","earliest_date":"2017-08-16","latest_date":"2026-10-07","total_days":3264,"total_observations":926871,"years_active":8.94,"days_since_update":3,"extinct":false}},{"type":"Feature","geometry":{"type":"Point","coordinates":[-84.417,34.073]},"properties":{"source":"WU","station_id":"KGAROSWE175","name":"","earliest_date":"2023-01-02","latest_date":"2026-04-01","total_days":1147,"total_observations":328911,"years_active":3.14,"days_since_update":192,"extinct":true}},{"type":"Feature","geometry":{"type":"Point","coordinates":[-84.544,33.965]},"properties":{"source":"WU","station_id":"KGAMARIE617","name":"","earliest_date":"2023-07-26","latest_date":"2026-10-08","total_days":1119,"total_observations":318594,"years_active":3.06,"days_since_update":2,"extinct":false}},{"type":"Feature","geometry":{"type":"Point","coordinates":[-84.418,34.051]},"properties":{"source":"WU","station_id":"KGAROSWE160","name":"","earliest_date":"2024-11-24","latest_date":"2026-10-07","total_days":575,"total_observations":159770,"years_active":1.57,"days_since_update":3,"extinct":false}},{"type":"Feature","geometry":{"type":"Point","coordinates":[-84.529,33.902]},"properties":{"source":"WU","station_id":"KGASMYRN88","name":"","earliest_date":"2025-05-14","latest_date":"2026-10-08","total_days":440,"total_observations":124406,"years_active":1.2,"days_since_update":2,"extinct":false}},{"type":"Feature","geometry":{"type":"Point","coordinates":[-84.52516,33.90938]},"properties":{"source":"WU","station_id":"KGASMYRN29","name":"","earliest_date":"2017-07-06","latest_date":"2026-05-06","total_days":2988,"total_observations":498598,"years_active":8.18,"days_since_update":157,"extinct":true}},{"type":"Feature","geometry":{"type":"Point","coordinates":[-84.522,33.889]},"properties":{"source":"WU","station_id":"KGASMYRN58","name":"","earliest_date":"2020-01-03","latest_date":"2026-07-29","total_days":2345,"total_observations":659859,"years_active":6.42,"days_since_update":73,"extinct":true}},{"type":"Feature","geometry":{"type":"Point","coordinates":[-84.66049,33.90504]},"properties":{"source":"WU","station_id":"KGAPOWDE16","name":"","earliest_date":"2021-01-01","latest_date":"2026-10-08","total_days":2040,"total_observations":568585,"years_active":5.59,"days_since_update":2,"extinct":false}},{"type":"Feature","geometry":{"type":"Point","coordinates":[-84.187,33.477]},"properties":{"source":"WU","station_id":"KGAMCDON101","name":"","earliest_date":"2024-01-16","latest_date":"2026-10-07","total_days":955,"total_observations":272388,"years_active":2.61,"days_since_update":3,"extinct":false}},{"type":"Feature","geometry":{"type":"Point","coordinates":[-84.197,33.488]},"properties":{"source":"WU","station_id":"KGAMCDON146","name":"","earliest_date":"2024-03-14","latest_date":"2026-10-08","total_days":903,"total_observations":246146,"years_active":2.47,"days_since_update":2,"extinct":false}},{"type":"Feature","geometry":{"type":"Point","coordinates":[-84.15028,33.4866]},"properties":{"source":"WU","station_id":"KGAMCDON17","name":"","earliest_date":"2024-07-30","latest_date":"2025-07-21","total_days":357,"total_observations":93840,"years_active":0.98,"days_since_update":446,"extinct":true}},{"type":"Feature","geometry":{"type":"Point","coordinates":[-84.11,33.494]},"properties":{"source":"WU","station_id":"KGAMCDON69","name":"","earliest_date":"2020-01-06","latest_date":"2025-07-30","total_days":1998,"total_observations":510411,"years_active":5.47,"days_since_update":437,"extinct":true}},{"type":"Feature","geometry":{"type":"Point","coordinates":[-84.134,33.532]},"properties":{"source":"WU","station_id":"KGAMCDON139","name":"","earliest_date":"2023-10-14","latest_date":"2025-12-03","total_days":737,"total_observations":194297,"years_active":2.02,"days_since_update":311,"extinct":true}},{"type":"Feature","geometry":{"type":"Point","coordinates":[-84.10107,33.46052]},"properties":{"source":"WU","station_id":"KGAMCDON31","name":"","earliest_date":"2017-12-09","latest_date":"2026-10-08","total_days":3106,"total_observations":849483,"years_active":8.5,"days_since_update":2,"extinct":false}},{"type":"Feature","geometry":{"type":"Point","coordinates":[-83.996,33.471]},"properties":{"source":"WU","station_id":"KGAMCDON112","name":"","earliest_date":"2022-09-09","latest_date":"2026-10-08","total_days":1471,"total_observations":142284,"years_active":4.03,"days_since_update":2,"extinct":false}},{"type":"Feature","geometry":{"type":"Point","coordinates":[-84.03245,33.46924]},"properties":{"source":"WU","station_id":"KGAMCDON52","name":"","earliest_date":"2018-10-31","latest_date":"2026-10-08","total_days":2829,"total_observations":800760,"years_active":7.75,"days_since_update":2,"extinct":false}},{"type":"Feature","geometry":{"type":"Point","coordinates":[-83.95207,33.4784]},"properties":{"source":"WU","station_id":"KGAMCDON48","name":"","earliest_date":"2018-04-20","latest_date":"2026-10-08","total_days":3011,"total_observations":860017,"years_active":8.24,"days_since_update":2,"extinct":false}},{"type":"Feature","geometry":{"type":"Point","coordinates":[-84.05,33.464]},"properties":{"source":"WU","station_id":"KGAMCDON83","name":"","earliest_date":"2020-06-29","latest_date":"2026-09-04","total_days":2076,"total_observations":583652,"years_active":5.68,"days_since_update":36,"extinct":true}},{"type":"Feature","geometry":{"type":"Point","coordinates":[-84.099,33.442]},"properties":{"source":"WU","station_id":"KGAMCDON97","name":"","earliest_date":"2024-01-22","latest_date":"2026-10-07","total_days":960,"total_observations":275527,"years_active":2.63,"days_since_update":3,"extinct":false}},{"type":"Feature","geometry":{"type":"Point","coordinates":[-84.12542,33.55285]},"properties":{"source":"WU","station_id":"KGAMCDON135","name":"","earliest_date":"2023-04-07","latest_date":"2026-10-07","total_days":1243,"total_observations":348536,"years_active":3.4,"days_since_update":3,"extinct":false}},{"type":"Feature","geometry":{"type":"Point","coordinates":[-84.109,33.547]},"properties":{"source":"WU","station_id":"KGAMCDON84","name":"","earliest_date":"2020-07-26","latest_date":"2026-10-08","total_days":2200,"total_observations":627124,"years_active":6.02,"days_since_update":2,"extinct":false}},{"type":"Feature","geometry":{"type":"Point","coordinates":[-84.16753,33.57359]},"properties":{"source":"WU","station_id":"KGASTOCK14","name":"","earliest_date":"2017-12-25","latest_date":"2026-10-03","total_days":3026,"total_observations":859977,"years_active":8.28,"days_since_update":7,"extinct":false}},{"type":"Feature","geometry":{"type":"Point","coordinates":[-84.178,33.567]},"properties":{"source":"WU","station_id":"KGASTOCK51","name":"","earliest_date":"2023-10-23","latest_date":"2026-10-08","total_days":1050,"total_observations":293790,"years_active":2.87,"days_since_update":2,"extinct":false}},{"type":"Feature","geometry":{"type":"Point","coordinates":[-84.19,33.897]},"properties":{"source":"WU","station_id":"KGANORCR68","name":"","earliest_date":"2023-06-03","latest_date":"2026-03-08","total_days":988,"total_observations":283668,"years_active":2.7,"days_since_update":216,"extinct":true}},{"type":"Feature","geometry":{"type":"Point","coordinates":[-84.19859,33.86635]},"properties":{"source":"WU","station_id":"KGATUCKE21","name":"","earliest_date":"2018-09-17","latest_date":"2026-10-07","total_days":2883,"total_observations":270815,"years_active":7.89,"days_since_update":3,"extinct":false}},{"type":"Feature","geometry":{"type":"Point","coordinates":[-84.194,33.863]},"properties":{"source":"WU","station_id":"KGATUCKE47","name":"","earliest_date":"2024-07-13","latest_date":"2026-10-08","total_days":786,"total_observations":218793,"years_active":2.15,"days_since_update":2,"extinct":false}},{"type":"Feature","geometry":{"type":"Point","coordinates":[-84.213,33.949]},"properties":{"source":"WU","station_id":"KGANORCR73","name":"","earliest_date":"2025-06-25","latest_date":"2026-10-08","total_days":428,"total_observations":121897,"years_active":1.17,"days_since_update":2,"extinct":false}},{"type":"Feature","geometry":{"type":"Point","coordinates":[-84.218,33.95]},"properties":{"source":"WU","station_id":"KGANORCR61","name":"","earliest_date":"2023-03-12","latest_date":"2025-07-24","total_days":866,"total_observations":235844,"years_active":2.37,"days_since_update":443,"extinct":true}},{"type":"Feature","geometry":{"type":"Point","coordinates":[-84.244,33.968]},"properties":{"source":"WU","station_id":"KGAPEACH107","name":"","earliest_date":"2023-01-21","latest_date":"2026-06-02","total_days":1198,"total_observations":335833,"years_active":3.28,"days_since_update":130,"extinct":true}},{"type":"Feature","geometry":{"type":"Point","coordinates":[-84.246,33.969]},"properties":{"source":"WU","station_id":"KGAPEACH163","name":"","earliest_date":"2025-10-14","latest_date":"2026-10-07","total_days":337,"total_observations":96511,"years_active":0.92,"days_since_update":3,"extinct":false}},{"type":"Feature","geometry":{"type":"Point","coordinates":[-84.581,33.42]},"properties":{"source":"WU","station_id":"KGAPEACH106","name":"","earliest_date":"2023-01-05","latest_date":"2026-10-06","total_days":1324,"total_observations":380250,"years_active":3.62,"days_since_update":4,"extinct":false}},{"type":"Feature","geometry":{"type":"Point","coordinates":[-84.58,33.415]},"properties":{"source":"WU","station_id":"KGAPEACH124","name":"","earliest_date":"2023-08-17","latest_date":"2026-10-07","total_days":1106,"total_observations":306672,"years_active":3.03,"days_since_update":3,"extinct":false}},{"type":"Feature","geometry":{"type":"Point","coordinates":[-84.593,33.42]},"properties":{"source":"WU","station_id":"KGAPEACH122","name":"","earliest_date":"2023-07-22","latest_date":"2026-10-07","total_days":1140,"total_observations":323670,"years_active":3.12,"days_since_update":3,"extinct":false}},{"type":"Feature","geometry":{"type":"Point","coordinates":[-84.595,33.412]},"properties":{"source":"WU","station_id":"KGAPEACH49","name":"","earliest_date":"2024-02-09","latest_date":"2026-10-07","total_days":902,"total_observations":259019,"years_active":2.47,"days_since_update":3,"extinct":false}},{"type":"Feature","geometry":{"type":"Point","coordinates":[-84.561,33.425]},"properties":{"source":"WU","station_id":"KGAPEACH103","name":"","earliest_date":"2022-12-19","latest_date":"2026-10-08","total_days":1359,"total_observations":390083,"years_active":3.72,"days_since_update":2,"extinct":false}},{"type":"Feature","geometry":{"type":"Point","coordinates":[-84.602,33.427]},"properties":{"source":"WU","station_id":"KGAPEACH116","name":"","earliest_date":"2023-03-11","latest_date":"2026-09-24","total_days":1107,"total_observations":312182,"years_active":3.03,"days_since_update":16,"extinct":false}},{"type":"Feature","geometry":{"type":"Point","coordinates":[-84.6,33.436]},"properties":{"source":"WU","station_id":"KGAPEACH155","name":"","earliest_date":"2024-12-28","latest_date":"2026-10-07","total_days":547,"total_observations":130051,"years_active":1.5,"days_since_update":3,"extinct":false}},{"type":"Feature","geometry":{"type":"Point","coordinates":[-84.605,33.408]},"properties":{"source":"WU","station_id":"KGAPEACH169","name":"","earliest_date":"2025-08-07","latest_date":"2026-10-08","total_days":286,"total_observations":78856,"years_active":0.78,"days_since_update":2,"extinct":false}},{"type":"Feature","geometry":{"type":"Point","coordinates":[-84.56965,33.39851]},"properties":{"source":"WU","station_id":"KGAPEACH37","name":"","earliest_date":"2024-10-04","latest_date":"2026-10-08","total_days":676,"total_observations":193994,"years_active":1.85,"days_since_update":2,"extinct":false}},{"type":"Feature","geometry":{"type":"Point","coordinates":[-84.555,33.409]},"properties":{"source":"WU","station_id":"KGAPEACH110","name":"","earliest_date":"2025-06-25","latest_date":"2026-10-07","total_days":329,"total_observations":92752,"years_active":0.9,"days_since_update":3,"extinct":false}},{"type":"Feature","geometry":{"type":"Point","coordinates":[-84.232,33.988]},"properties":{"source":"WU","station_id":"KGAPEACH147","name":"","earliest_date":"2024-06-19","latest_date":"2026-10-08","total_days":803,"total_observations":230132,"years_active":2.2,"days_since_update":2,"extinct":false}},{"type":"Feature","geometry":{"type":"Point","coordinates":[-84.226,33.996]},"properties":{"source":"WU","station_id":"KGAPEACH168","name":"","earliest_date":"2025-07-23","latest_date":"2026-10-08","total_days":409,"total_observations":108727,"years_active":1.12,"days_since_update":2,"extinct":false}},{"type":"Feature","geometry":{"type":"Point","coordinates":[-84.60832,33.40279]},"properties":{"source":"WU","station_id":"KGAPEACH14","name":"","earliest_date":"2019-09-18","latest_date":"2026-10-07","total_days":2353,"total_observations":671015,"years_active":6.44,"days_since_update":3,"extinct":false}},{"type":"Feature","geometry":{"type":"Point","coordinates":[-84.241,33.993]},"properties":{"source":"WU","station_id":"KGAPEACH162","name":"","earliest_date":"2026-03-31","latest_date":"2026-06-13","total_days":65,"total_observations":16922,"years_active":0.18,"days_since_update":119,"extinct":true}},{"type":"Feature","geometry":{"type":"Point","coordinates":[-84.602,33.392]},"properties":{"source":"WU","station_id":"KGAPEACH59","name":"","earliest_date":"2020-05-15","latest_date":"2026-10-06","total_days":2276,"total_observations":650875,"years_active":6.23,"days_since_update":4,"extinct":false}},{"type":"Feature","geometry":{"type":"Point","coordinates":[-84.622,33.462]},"properties":{"source":"WU","station_id":"KGATYRON14","name":"","earliest_date":"2023-07-01","latest_date":"2026-10-08","total_days":1119,"total_observations":319612,"years_active":3.06,"days_since_update":2,"extinct":false}},{"type":"Feature","geometry":{"type":"Point","coordinates":[-84.66162,33.90369]},"properties":{"source":"WU","station_id":"KGAPOWDE21","name":"","earliest_date":"2019-01-05","latest_date":"2026-10-07","total_days":2737,"total_observations":781538,"years_active":7.49,"days_since_update":3,"extinct":false}},{"type":"Feature","geometry":{"type":"Point","coordinates":[-84.68,33.909]},"properties":{"source":"WU","station_id":"KGAPOWDE89","name":"","earliest_date":"2023-12-04","latest_date":"2026-10-07","total_days":885,"total_observations":240808,"years_active":2.42,"days_since_update":3,"extinct":false}},{"type":"Feature","geometry":{"type":"Point","coordinates":[-84.212,33.585]},"properties":{"source":"WU","station_id":"KGASTOCK53","name":"","earliest_date":"2024-05-08","latest_date":"2026-10-08","total_days":853,"total_observations":230722,"years_active":2.34,"days_since_update":2,"extinct":false}},{"type":"Feature","geometry":{"type":"Point","coordinates":[-84.36,34.074]},"properties":{"source":"WU","station_id":"KGAROSWE225","name":"","earliest_date":"2025-07-13","latest_date":"2026-10-08","total_days":418,"total_observations":115268,"years_active":1.14,"days_since_update":2,"extinct":false}},{"type":"Feature","geometry":{"type":"Point","coordinates":[-84.342,34.06]},"properties":{"source":"WU","station_id":"KGAROSWE114","name":"","earliest_date":"2025-07-01","latest_date":"2026-10-07","total_days":422,"total_observations":119325,"years_active":1.16,"days_since_update":3,"extinct":false}},{"type":"Feature","geometry":{"type":"Point","coordinates":[-84.38467,34.04206]},"properties":{"source":"WU","station_id":"KGAROSWE105","name":"","earliest_date":"2024-11-20","latest_date":"2026-10-08","total_days":655,"total_observations":187161,"years_active":1.79,"days_since_update":2,"extinct":false}},{"type":"Feature","geometry":{"type":"Point","coordinates":[-84.38484,34.0492]},"properties":{"source":"WU","station_id":"KGAROSWE230","name":"","earliest_date":"2025-07-26","latest_date":"2026-10-07","total_days":397,"total_observations":104526,"years_active":1.09,"days_since_update":3,"extinct":false}},{"type":"Feature","geometry":{"type":"Point","coordinates":[-84.376,34.033]},"properties":{"source":"WU","station_id":"KGAROSWE194","name":"","earliest_date":"2024-01-05","latest_date":"2026-02-01","total_days":693,"total_observations":190056,"years_active":1.9,"days_since_update":251,"extinct":true}},{"type":"Feature","geometry":{"type":"Point","coordinates":[-84.373,34.054]},"properties":{"source":"WU","station_id":"KGAROSWE109","name":"","earliest_date":"2025-06-07","latest_date":"2026-10-07","total_days":420,"total_observations":117485,"years_active":1.15,"days_since_update":3,"extinct":false}},{"type":"Feature","geometry":{"type":"Point","coordinates":[-84.405,34.046]},"properties":{"source":"WU","station_id":"KGAROSWE204","name":"","earliest_date":"2024-04-13","latest_date":"2026-07-11","total_days":701,"total_observations":191183,"years_active":1.92,"days_since_update":91,"extinct":false}},{"type":"Feature","geometry":{"type":"Point","coordinates":[-84.40575,34.04278]},"properties":{"source":"WU","station_id":"KGAROSWE152","name":"","earliest_date":"2021-12-21","latest_date":"2026-10-05","total_days":1716,"total_observations":491333,"years_active":4.7,"days_since_update":5,"extinct":false}},{"type":"Feature","geometry":{"type":"Point","coordinates":[-84.377,34.026]},"properties":{"source":"WU","station_id":"KGAROSWE172","name":"","earliest_date":"2022-12-18","latest_date":"2026-10-07","total_days":1351,"total_observations":381195,"years_active":3.7,"days_since_update":3,"extinct":false}},{"type":"Feature","geometry":{"type":"Point","coordinates":[-84.381,34.024]},"properties":{"source":"WU","station_id":"KGAROSWE157","name":"","earliest_date":"2022-01-20","latest_date":"2026-10-07","total_days":1677,"total_observations":479628,"years_active":4.59,"days_since_update":3,"extinct":false}},{"type":"Feature","geometry":{"type":"Point","coordinates":[-84.374,34.026]},"properties":{"source":"WU","station_id":"KGAROSWE90","name":"","earliest_date":"2022-11-17","latest_date":"2026-10-08","total_days":1371,"total_observations":342017,"years_active":3.75,"days_since_update":2,"extinct":false}},{"type":"Feature","geometry":{"type":"Point","coordinates":[-84.33015,34.03791]},"properties":{"source":"WU","station_id":"KGAROSWE110","name":"","earliest_date":"2022-11-15","latest_date":"2026-08-21","total_days":1353,"total_observations":162870,"years_active":3.7,"days_since_update":50,"extinct":true}},{"type":"Feature","geometry":{"type":"Point","coordinates":[-84.33479,34.03058]},"properties":{"source":"WU","station_id":"KGAROSWE51","name":"","earliest_date":"2017-02-27","latest_date":"2026-10-07","total_days":3425,"total_observations":920582,"years_active":9.38,"days_since_update":3,"extinct":false}},{"type":"Feature","geometry":{"type":"Point","coordinates":[-84.338,34.027]},"properties":{"source":"WU","station_id":"KGAROSWE138","name":"","earliest_date":"2022-01-17","latest_date":"2026-10-08","total_days":1677,"total_observations":480154,"years_active":4.59,"days_since_update":2,"extinct":false}},{"type":"Feature","geometry":{"type":"Point","coordinates":[-84.349,34.047]},"properties":{"source":"WU","station_id":"KGAROSWE166","name":"","earliest_date":"2022-08-31","latest_date":"2026-08-30","total_days":1420,"total_observations":394754,"years_active":3.89,"days_since_update":41,"extinct":true}},{"type":"Feature","geometry":{"type":"Point","coordinates":[-84.356,34.036]},"properties":{"source":"WU","station_id":"KGAROSWE150","name":"","earliest_date":"2023-04-01","latest_date":"2026-10-05","total_days":1244,"total_observations":355710,"years_active":3.41,"days_since_update":5,"extinct":false}},{"type":"Feature","geometry":{"type":"Point","coordinates":[-84.367,34.053]},"properties":{"source":"WU","station_id":"KGAROSWE205","name":"","earliest_date":"2024-03-31","latest_date":"2026-08-21","total_days":851,"total_observations":243286,"years_active":2.33,"days_since_update":50,"extinct":true}},{"type":"Feature","geometry":{"type":"Point","coordinates":[-84.364,34.024]},"properties":{"source":"WU","station_id":"KGAROSWE226","name":"","earliest_date":"2025-07-14","latest_date":"2026-10-08","total_days":418,"total_observations":120008,"years_active":1.14,"days_since_update":2,"extinct":false}},{"type":"Feature","geometry":{"type":"Point","coordinates":[-84.369,34.023]},"properties":{"source":"WU","station_id":"KGAROSWE87","name":"","earliest_date":"2024-11-12","latest_date":"2026-10-08","total_days":627,"total_observations":176759,"years_active":1.72,"days_since_update":2,"extinct":false}},{"type":"Feature","geometry":{"type":"Point","coordinates":[-84.36977,34.02493]},"properties":{"source":"WU","station_id":"KGAROSWE42","name":"","earliest_date":"2019-06-29","latest_date":"2026-10-06","total_days":2580,"total_observations":696396,"years_active":7.06,"days_since_update":4,"extinct":false}},{"type":"Feature","geometry":{"type":"Point","coordinates":[-84.37,34.019]},"properties":{"source":"WU","station_id":"KGAROSWE200","name":"","earliest_date":"2024-02-08","latest_date":"2026-10-07","total_days":932,"total_observations":257986,"years_active":2.55,"days_since_update":3,"extinct":false}},{"type":"Feature","geometry":{"type":"Point","coordinates":[-84.41,34.104]},"properties":{"source":"WU","station_id":"KGAROSWE140","name":"","earliest_date":"2024-01-14","latest_date":"2026-10-07","total_days":967,"total_observations":277137,"years_active":2.65,"days_since_update":3,"extinct":false}},{"type":"Feature","geometry":{"type":"Point","coordinates":[-84.416,34.104]},"properties":{"source":"WU","station_id":"KGAROSWE190","name":"","earliest_date":"2025-10-22","latest_date":"2026-10-08","total_days":308,"total_observations":86809,"years_active":0.84,"days_since_update":2,"extinct":false}},{"type":"Feature","geometry":{"type":"Point","coordinates":[-84.4,34.116]},"properties":{"source":"WU","station_id":"KGAWOODS271","name":"","earliest_date":"2024-08-01","latest_date":"2026-10-08","total_days":745,"total_observations":202049,"years_active":2.04,"days_since_update":2,"extinct":false}},{"type":"Feature","geometry":{"type":"Point","coordinates":[-84.431,34.101]},"properties":{"source":"WU","station_id":"KGAWOODS300","name":"","earliest_date":"2025-04-16","latest_date":"2026-10-07","total_days":496,"total_observations":139252,"years_active":1.36,"days_since_update":3,"extinct":false}},{"type":"Feature","geometry":{"type":"Point","coordinates":[-84.429,34.093]},"properties":{"source":"WU","station_id":"KGAWOODS153","name":"","earliest_date":"2021-02-23","latest_date":"2026-10-07","total_days":1993,"total_observations":557533,"years_active":5.46,"days_since_update":3,"extinct":false}},{"type":"Feature","geometry":{"type":"Point","coordinates":[-84.434,34.099]},"properties":{"source":"WU","station_id":"KGAWOODS226","name":"","earliest_date":"2023-01-15","latest_date":"2026-10-05","total_days":1311,"total_observations":368628,"years_active":3.59,"days_since_update":5,"extinct":false}},{"type":"Feature","geometry":{"type":"Point","coordinates":[-84.40613,34.08299]},"properties":{"source":"WU","station_id":"KGAROSWE146","name":"","earliest_date":"2021-07-24","latest_date":"2026-10-07","total_days":1730,"total_observations":485737,"years_active":4.74,"days_since_update":3,"extinct":false}},{"type":"Feature","geometry":{"type":"Point","coordinates":[-84.422,34.084]},"properties":{"source":"WU","station_id":"KGAWOODS116","name":"","earliest_date":"2026-03-31","latest_date":"2026-10-07","total_days":86,"total_observations":21294,"years_active":0.24,"days_since_update":3,"extinct":false}},{"type":"Feature","geometry":{"type":"Point","coordinates":[-84.42208,34.12456]},"properties":{"source":"WU","station_id":"KGAWOODS83","name":"","earliest_date":"2019-06-09","latest_date":"2026-10-07","total_days":2566,"total_observations":716471,"years_active":7.03,"days_since_update":3,"extinct":false}},{"type":"Feature","geometry":{"type":"Point","coordinates":[-84.432,34.088]},"properties":{"source":"WU","station_id":"KGAWOODS278","name":"","earliest_date":"2024-11-22","latest_date":"2026-10-08","total_days":655,"total_observations":188241,"years_active":1.79,"days_since_update":2,"extinct":false}},{"type":"Feature","geometry":{"type":"Point","coordinates":[-84.417,34.076]},"properties":{"source":"WU","station_id":"KGAROSWE213","name":"","earliest_date":"2024-08-10","latest_date":"2026-10-07","total_days":717,"total_observations":200513,"years_active":1.96,"days_since_update":3,"extinct":false}},{"type":"Feature","geometry":{"type":"Point","coordinates":[-84.4,34.066]},"properties":{"source":"WU","station_id":"KGAROSWE169","name":"","earliest_date":"2024-02-28","latest_date":"2026-10-08","total_days":917,"total_observations":252530,"years_active":2.51,"days_since_update":2,"extinct":false}},{"type":"Feature","geometry":{"type":"Point","coordinates":[-84.414,34.064]},"properties":{"source":"WU","station_id":"KGAROSWE147","name":"","earliest_date":"2022-12-10","latest_date":"2026-10-08","total_days":1288,"total_observations":365632,"years_active":3.53,"days_since_update":2,"extinct":false}},{"type":"Feature","geometry":{"type":"Point","coordinates":[-84.397,34.061]},"properties":{"source":"WU","station_id":"KGAROSWE168","name":"","earliest_date":"2022-09-29","latest_date":"2026-10-06","total_days":1432,"total_observations":410330,"years_active":3.92,"days_since_update":4,"extinct":false}},{"type":"Feature","geometry":{"type":"Point","coordinates":[-84.396,34.061]},"properties":{"source":"WU","station_id":"KGAROSWE139","name":"","earliest_date":"2021-06-20","latest_date":"2026-10-08","total_days":1891,"total_observations":541685,"years_active":5.18,"days_since_update":2,"extinct":false}},{"type":"Feature","geometry":{"type":"Point","coordinates":[-84.37344,34.06191]},"properties":{"source":"WU","station_id":"KGAROSWE178","name":"","earliest_date":"2025-11-25","latest_date":"2026-10-08","total_days":260,"total_observations":64081,"years_active":0.71,"days_since_update":2,"extinct":false}},{"type":"Feature","geometry":{"type":"Point","coordinates":[-84.37351,34.06195]},"properties":{"source":"WU","station_id":"KGAROSWE180","name":"","earliest_date":"2026-03-31","latest_date":"2026-10-08","total_days":174,"total_observations":45282,"years_active":0.48,"days_since_update":2,"extinct":false}},{"type":"Feature","geometry":{"type":"Point","coordinates":[-84.365,34.074]},"properties":{"source":"WU","station_id":"KGAROSWE210","name":"","earliest_date":"2025-11-26","latest_date":"2026-10-08","total_days":146,"total_observations":38346,"years_active":0.4,"days_since_update":2,"extinct":false}},{"type":"Feature","geometry":{"type":"Point","coordinates":[-84.317,33.99]},"properties":{"source":"WU","station_id":"KGAROSWE222","name":"","earliest_date":"2024-12-28","latest_date":"2026-10-08","total_days":608,"total_observations":168742,"years_active":1.66,"days_since_update":2,"extinct":false}},{"type":"Feature","geometry":{"type":"Point","coordinates":[-84.42599,34.0581]},"properties":{"source":"WU","station_id":"KGAROSWE33","name":"","earliest_date":"2026-03-31","latest_date":"2026-10-07","total_days":175,"total_observations":49317,"years_active":0.48,"days_since_update":3,"extinct":false}},{"type":"Feature","geometry":{"type":"Point","coordinates":[-84.378,33.949]},"properties":{"source":"WU","station_id":"KGASANDY29","name":"","earliest_date":"2023-07-08","latest_date":"2026-10-07","total_days":1014,"total_observations":258606,"years_active":2.78,"days_since_update":3,"extinct":false}},{"type":"Feature","geometry":{"type":"Point","coordinates":[-84.389,33.946]},"properties":{"source":"WU","station_id":"KGAATLAN719","name":"","earliest_date":"2021-08-21","latest_date":"2024-12-14","total_days":702,"total_observations":78928,"years_active":1.92,"days_since_update":665,"extinct":false}},{"type":"Feature","geometry":{"type":"Point","coordinates":[-84.374,33.931]},"properties":{"source":"WU","station_id":"KGASANDY49","name":"","earliest_date":"2024-07-02","latest_date":"2026-10-07","total_days":791,"total_observations":226802,"years_active":2.17,"days_since_update":3,"extinct":false}},{"type":"Feature","geometry":{"type":"Point","coordinates":[-84.53089,33.8562]},"properties":{"source":"WU","station_id":"KGASMYRN101","name":"","earliest_date":"2025-08-24","latest_date":"2026-10-07","total_days":371,"total_observations":106020,"years_active":1.02,"days_since_update":3,"extinct":false}},{"type":"Feature","geometry":{"type":"Point","coordinates":[-84.53843,33.8595]},"properties":{"source":"WU","station_id":"KGASMYRN80","name":"","earliest_date":"2024-11-10","latest_date":"2025-12-02","total_days":368,"total_observations":99043,"years_active":1.01,"days_since_update":312,"extinct":true}},{"type":"Feature","geometry":{"type":"Point","coordinates":[-84.535,33.868]},"properties":{"source":"WU","station_id":"KGASMYRN84","name":"","earliest_date":"2026-03-31","latest_date":"2026-10-08","total_days":179,"total_observations":51542,"years_active":0.49,"days_since_update":2,"extinct":false}},{"type":"Feature","geometry":{"type":"Point","coordinates":[-84.535,33.868]},"properties":{"source":"WU","station_id":"KGASMYRN68","name":"","earliest_date":"2021-11-20","latest_date":"2026-10-08","total_days":1747,"total_observations":500686,"years_active":4.78,"days_since_update":2,"extinct":false}},{"type":"Feature","geometry":{"type":"Point","coordinates":[-84.51289,33.88593]},"properties":{"source":"WU","station_id":"KGASMYRN5","name":"","earliest_date":"2013-12-25","latest_date":"2026-10-07","total_days":4569,"total_observations":425922,"years_active":12.51,"days_since_update":3,"extinct":false}},{"type":"Feature","geometry":{"type":"Point","coordinates":[-84.521,33.883]},"properties":{"source":"WU","station_id":"KGASMYRN85","name":"","earliest_date":"2024-06-30","latest_date":"2026-07-26","total_days":730,"total_observations":200309,"years_active":2.0,"days_since_update":76,"extinct":true}},{"type":"Feature","geometry":{"type":"Point","coordinates":[-84.50307,33.86917]},"properties":{"source":"WU","station_id":"KGASMYRN2","name":"","earliest_date":"2020-10-09","latest_date":"2026-10-07","total_days":2126,"total_observations":608940,"years_active":5.82,"days_since_update":3,"extinct":false}},{"type":"Feature","geometry":{"type":"Point","coordinates":[-84.03748,33.87623]},"properties":{"source":"WU","station_id":"KGASNELL51","name":"","earliest_date":"2023-03-05","latest_date":"2026-10-08","total_days":1135,"total_observations":319117,"years_active":3.11,"days_since_update":2,"extinct":false}},{"type":"Feature","geometry":{"type":"Point","coordinates":[-84.205,33.594]},"properties":{"source":"WU","station_id":"KGASTOCK54","name":"","earliest_date":"2024-05-20","latest_date":"2026-10-08","total_days":838,"total_observations":240132,"years_active":2.29,"days_since_update":2,"extinct":false}},{"type":"Feature","geometry":{"type":"Point","coordinates":[-84.135,33.791]},"properties":{"source":"WU","station_id":"KGASTONE35","name":"","earliest_date":"2025-06-03","latest_date":"2026-10-08","total_days":448,"total_observations":127129,"years_active":1.23,"days_since_update":2,"extinct":false}},{"type":"Feature","geometry":{"type":"Point","coordinates":[-84.183,33.778]},"properties":{"source":"WU","station_id":"KGASTONE56","name":"","earliest_date":"2024-09-17","latest_date":"2026-10-05","total_days":679,"total_observations":186582,"years_active":1.86,"days_since_update":5,"extinct":false}},{"type":"Feature","geometry":{"type":"Point","coordinates":[-84.185,33.753]},"properties":{"source":"WU","station_id":"KGASTONE48","name":"","earliest_date":"2024-05-27","latest_date":"2026-07-23","total_days":773,"total_observations":219936,"years_active":2.12,"days_since_update":79,"extinct":true}},{"type":"Feature","geometry":{"type":"Point","coordinates":[-84.187,33.723]},"properties":{"source":"WU","station_id":"KGADECAT159","name":"","earliest_date":"2025-07-20","latest_date":"2026-05-18","total_days":169,"total_observations":45063,"years_active":0.46,"days_since_update":145,"extinct":false}},{"type":"Feature","geometry":{"type":"Point","coordinates":[-84.1861,33.85031]},"properties":{"source":"WU","station_id":"KGASTONE55","name":"","earliest_date":"2024-02-18","latest_date":"2026-10-07","total_days":818,"total_observations":232927,"years_active":2.24,"days_since_update":3,"extinct":false}},{"type":"Feature","geometry":{"type":"Point","coordinates":[-84.18134,33.8511]},"properties":{"source":"WU","station_id":"KGATUCKE6","name":"","earliest_date":"2021-07-12","latest_date":"2026-10-08","total_days":1864,"total_observations":474356,"years_active":5.1,"days_since_update":2,"extinct":false}},{"type":"Feature","geometry":{"type":"Point","coordinates":[-84.067,34.104]},"properties":{"source":"WU","station_id":"KGASUGAR49","name":"","earliest_date":"2024-09-12","latest_date":"2026-10-07","total_days":705,"total_observations":195336,"years_active":1.93,"days_since_update":3,"extinct":false}},{"type":"Feature","geometry":{"type":"Point","coordinates":[-84.084,34.099]},"properties":{"source":"WU","station_id":"KGASUWAN154","name":"","earliest_date":"2024-10-01","latest_date":"2026-10-08","total_days":695,"total_observations":198641,"years_active":1.9,"days_since_update":2,"extinct":false}},{"type":"Feature","geometry":{"type":"Point","coordinates":[-84.0911,34.09209]},"properties":{"source":"WU","station_id":"KGASUWAN86","name":"","earliest_date":"2023-10-15","latest_date":"2026-08-01","total_days":988,"total_observations":283364,"years_active":2.7,"days_since_update":70,"extinct":true}},{"type":"Feature","geometry":{"type":"Point","coordinates":[-84.088,34.091]},"properties":{"source":"WU","station_id":"KGASUWAN157","name":"","earliest_date":"2025-02-23","latest_date":"2026-07-06","total_days":473,"total_observations":130297,"years_active":1.3,"days_since_update":96,"extinct":true}},{"type":"Feature","geometry":{"type":"Point","coordinates":[-84.08135,34.06245]},"properties":{"source":"WU","station_id":"KGASUWAN10","name":"","earliest_date":"2020-04-29","latest_date":"2026-10-08","total_days":2271,"total_observations":646427,"years_active":6.22,"days_since_update":2,"extinct":false}},{"type":"Feature","geometry":{"type":"Point","coordinates":[-84.081,34.073]},"properties":{"source":"WU","station_id":"KGASUWAN140","name":"","earliest_date":"2024-01-15","latest_date":"2026-10-08","total_days":836,"total_observations":238588,"years_active":2.29,"days_since_update":2,"extinct":false}},{"type":"Feature","geometry":{"type":"Point","coordinates":[-84.07542,34.07505]},"properties":{"source":"WU","station_id":"KGASUWAN162","name":"","earliest_date":"2025-07-15","latest_date":"2026-10-07","total_days":417,"total_observations":119477,"years_active":1.14,"days_since_update":3,"extinct":false}},{"type":"Feature","geometry":{"type":"Point","coordinates":[-84.064,34.055]},"properties":{"source":"WU","station_id":"KGASUWAN108","name":"","earliest_date":"2021-06-28","latest_date":"2026-10-06","total_days":1873,"total_observations":533872,"years_active":5.13,"days_since_update":4,"extinct":false}},{"type":"Feature","geometry":{"type":"Point","coordinates":[-84.057,34.063]},"properties":{"source":"WU","station_id":"KGASUWAN138","name":"","earliest_date":"2023-11-10","latest_date":"2026-10-08","total_days":995,"total_observations":285146,"years_active":2.72,"days_since_update":2,"extinct":false}},{"type":"Feature","geometry":{"type":"Point","coordinates":[-84.096,34.084]},"properties":{"source":"WU","station_id":"KGASUWAN94","name":"","earliest_date":"2020-07-27","latest_date":"2026-10-08","total_days":2189,"total_observations":615794,"years_active":5.99,"days_since_update":2,"extinct":false}},{"type":"Feature","geometry":{"type":"Point","coordinates":[-84.128,34.092]},"properties":{"source":"WU","station_id":"KGASUWAN118","name":"","earliest_date":"2022-10-11","latest_date":"2026-10-08","total_days":1434,"total_observations":411724,"years_active":3.93,"days_since_update":2,"extinct":false}},{"type":"Feature","geometry":{"type":"Point","coordinates":[-84.09291,34.08826]},"properties":{"source":"WU","station_id":"KGASUWAN56","name":"","earliest_date":"2018-01-13","latest_date":"2026-10-07","total_days":3088,"total_observations":882066,"years_active":8.45,"days_since_update":3,"extinct":false}},{"type":"Feature","geometry":{"type":"Point","coordinates":[-84.046,34.046]},"properties":{"source":"WU","station_id":"KGASUWAN149","name":"","earliest_date":"2024-06-12","latest_date":"2026-10-08","total_days":807,"total_observations":223705,"years_active":2.21,"days_since_update":2,"extinct":false}},{"type":"Feature","geometry":{"type":"Point","coordinates":[-84.04063,34.04462]},"properties":{"source":"WU","station_id":"KGASUWAN69","name":"","earliest_date":"2022-01-25","latest_date":"2026-10-08","total_days":1671,"total_observations":476208,"years_active":4.57,"days_since_update":2,"extinct":false}},{"type":"Feature","geometry":{"type":"Point","coordinates":[-84.08,34.013]},"properties":{"source":"WU","station_id":"KGASUWAN83","name":"","earliest_date":"2024-12-20","latest_date":"2026-10-07","total_days":619,"total_observations":172668,"years_active":1.69,"days_since_update":3,"extinct":false}},{"type":"Feature","geometry":{"type":"Point","coordinates":[-84.895,33.706]},"properties":{"source":"WU","station_id":"KGAVILLA85","name":"","earliest_date":"2024-07-03","latest_date":"2026-10-08","total_days":791,"total_observations":224411,"years_active":2.17,"days_since_update":2,"extinct":false}},{"type":"Feature","geometry":{"type":"Point","coordinates":[-84.873,33.689]},"properties":{"source":"WU","station_id":"KGAVILLA45","name":"","earliest_date":"2020-09-19","latest_date":"2025-12-21","total_days":1881,"total_observations":526826,"years_active":5.15,"days_since_update":293,"extinct":false}},{"type":"Feature","geometry":{"type":"Point","coordinates":[-84.604,34.312]},"properties":{"source":"WU","station_id":"KGAWALES51","name":"","earliest_date":"2025-04-02","latest_date":"2026-10-06","total_days":518,"total_observations":147289,"years_active":1.42,"days_since_update":4,"extinct":false}},{"type":"Feature","geometry":{"type":"Point","coordinates":[-84.465,34.082]},"properties":{"source":"WU","station_id":"KGAWOODS105","name":"","earliest_date":"2025-04-18","latest_date":"2026-10-06","total_days":500,"total_observations":135732,"years_active":1.37,"days_since_update":4,"extinct":false}},{"type":"Feature","geometry":{"type":"Point","coordinates":[-84.46646,34.09351]},"properties":{"source":"WU","station_id":"KGAWOODS172","name":"","earliest_date":"2021-07-27","latest_date":"2026-10-06","total_days":1850,"total_observations":528619,"years_active":5.07,"days_since_update":4,"extinct":false}},{"type":"Feature","geometry":{"type":"Point","coordinates":[-84.46032,34.10624]},"properties":{"source":"WU","station_id":"KGAWOODS11","name":"","earliest_date":"2022-02-24","latest_date":"2026-10-07","total_days":1630,"total_observations":153816,"years_active":4.46,"days_since_update":3,"extinct":false}},{"type":"Feature","geometry":{"type":"Point","coordinates":[-84.378,34.134]},"properties":{"source":"WU","station_id":"KGAWOODS157","name":"","earliest_date":"2021-03-20","latest_date":"2025-10-22","total_days":1642,"total_observations":468685,"years_active":4.5,"days_since_update":353,"extinct":false}},{"type":"Feature","geometry":{"type":"Point","coordinates":[-84.386,34.124]},"properties":{"source":"WU","station_id":"KGAWOODS138","name":"","earliest_date":"2020-10-26","latest_date":"2026-10-07","total_days":2115,"total_observations":568793,"years_active":5.79,"days_since_update":3,"extinct":false}},{"type":"Feature","geometry":{"type":"Point","coordinates":[-84.389,34.126]},"properties":{"source":"WU","station_id":"KGAWOODS307","name":"","earliest_date":"2025-08-20","latest_date":"2026-10-06","total_days":387,"total_observations":93736,"years_active":1.06,"days_since_update":4,"extinct":false}},{"type":"Feature","geometry":{"type":"Point","coordinates":[-84.385,34.122]},"properties":{"source":"WU","station_id":"KGAWOODS185","name":"","earliest_date":"2021-11-26","latest_date":"2026-10-07","total_days":1724,"total_observations":493575,"years_active":4.72,"days_since_update":3,"extinct":false}},{"type":"Feature","geometry":{"type":"Point","coordinates":[-84.564,34.121]},"properties":{"source":"WU","station_id":"KGAWOODS164","name":"","earliest_date":"2023-11-04","latest_date":"2026-10-07","total_days":1032,"total_observations":296632,"years_active":2.83,"days_since_update":3,"extinct":false}},{"type":"Feature","geometry":{"type":"Point","coordinates":[-84.555,34.125]},"properties":{"source":"WU","station_id":"KGAWOODS261","name":"","earliest_date":"2024-05-31","latest_date":"2026-08-04","total_days":774,"total_observations":221893,"years_active":2.12,"days_since_update":67,"extinct":true}},{"type":"Feature","geometry":{"type":"Point","coordinates":[-84.574,34.1268]},"properties":{"source":"WU","station_id":"KGAWOODS80","name":"","earliest_date":"2019-03-01","latest_date":"2026-10-08","total_days":2693,"total_observations":766940,"years_active":7.37,"days_since_update":2,"extinct":false}},{"type":"Feature","geometry":{"type":"Point","coordinates":[-84.558,34.106]},"properties":{"source":"WU","station_id":"KGAWOODS266","name":"","earliest_date":"2024-07-17","latest_date":"2026-10-06","total_days":770,"total_observations":219887,"years_active":2.11,"days_since_update":4,"extinct":false}},{"type":"Feature","geometry":{"type":"Point","coordinates":[-84.543,34.115]},"properties":{"source":"WU","station_id":"KGAWOODS248","name":"","earliest_date":"2023-11-26","latest_date":"2026-10-08","total_days":1014,"total_observations":289504,"years_active":2.78,"days_since_update":2,"extinct":false}},{"type":"Feature","geometry":{"type":"Point","coordinates":[-84.46991,34.12438]},"properties":{"source":"WU","station_id":"KGAWOODS169","name":"","earliest_date":"2021-05-28","latest_date":"2026-10-08","total_days":1879,"total_observations":537033,"years_active":5.14,"days_since_update":2,"extinct":false}},{"type":"Feature","geometry":{"type":"Point","coordinates":[-84.488,34.121]},"properties":{"source":"WU","station_id":"KGAWOODS223","name":"","earliest_date":"2026-03-31","latest_date":"2026-10-08","total_days":174,"total_observations":50058,"years_active":0.48,"days_since_update":2,"extinct":false}},{"type":"Feature","geometry":{"type":"Point","coordinates":[-84.489,34.122]},"properties":{"source":"WU","station_id":"KGAWOODS130","name":"","earliest_date":"2026-05-07","latest_date":"2026-05-07","total_days":1,"total_observations":31,"years_active":0.0,"days_since_update":156,"extinct":false}},{"type":"Feature","geometry":{"type":"Point","coordinates":[-84.46217,34.10782]},"properties":{"source":"WU","station_id":"KGAWOODS296","name":"","earliest_date":"2025-11-20","latest_date":"2026-06-08","total_days":198,"total_observations":56465,"years_active":0.54,"days_since_update":124,"extinct":true}},{"type":"Feature","geometry":{"type":"Point","coordinates":[-84.496,34.11]},"properties":{"source":"WU","station_id":"KGAWOODS276","name":"","earliest_date":"2024-10-09","latest_date":"2026-10-08","total_days":694,"total_observations":184565,"years_active":1.9,"days_since_update":2,"extinct":false}},{"type":"Feature","geometry":{"type":"Point","coordinates":[-84.436,34.118]},"properties":{"source":"WU","station_id":"KGAWOODS302","name":"","earliest_date":"2025-06-08","latest_date":"2026-10-08","total_days":446,"total_observations":128067,"years_active":1.22,"days_since_update":2,"extinct":false}},{"type":"Feature","geometry":{"type":"Point","coordinates":[-84.496,34.101]},"properties":{"source":"WU","station_id":"KGAWOODS126","name":"","earliest_date":"2021-03-27","latest_date":"2024-09-27","total_days":1225,"total_observations":348636,"years_active":3.35,"days_since_update":743,"extinct":false}},{"type":"Feature","geometry":{"type":"Point","coordinates":[-84.416,34.129]},"properties":{"source":"WU","station_id":"KGAWOODS154","name":"","earliest_date":"2021-03-03","latest_date":"2026-10-07","total_days":1993,"total_observations":569429,"years_active":5.46,"days_since_update":3,"extinct":false}},{"type":"Feature","geometry":{"type":"Point","coordinates":[-84.41922,34.13335]},"properties":{"source":"WU","station_id":"KGAWOODS152","name":"","earliest_date":"2021-02-22","latest_date":"2026-10-08","total_days":1904,"total_observations":541146,"years_active":5.21,"days_since_update":2,"extinct":false}},{"type":"Feature","geometry":{"type":"Point","coordinates":[-84.537,34.11]},"properties":{"source":"WU","station_id":"KGAWOODS193","name":"","earliest_date":"2024-08-09","latest_date":"2026-10-07","total_days":762,"total_observations":218538,"years_active":2.09,"days_since_update":3,"extinct":false}},{"type":"Feature","geometry":{"type":"Point","coordinates":[-84.54135,34.09736]},"properties":{"source":"WU","station_id":"KGAWOODS71","name":"","earliest_date":"2018-11-19","latest_date":"2026-09-16","total_days":2431,"total_observations":682366,"years_active":6.66,"days_since_update":24,"extinct":false}},{"type":"Feature","geometry":{"type":"Point","coordinates":[-84.534,34.094]},"properties":{"source":"WU","station_id":"KGAWOODS183","name":"","earliest_date":"2024-07-04","latest_date":"2026-10-07","total_days":706,"total_observations":202074,"years_active":1.93,"days_since_update":3,"extinct":false}},{"type":"Feature","geometry":{"type":"Point","coordinates":[-84.54,34.093]},"properties":{"source":"WU","station_id":"KGAWOODS195","name":"","earliest_date":"2025-10-16","latest_date":"2026-10-06","total_days":240,"total_observations":68812,"years_active":0.66,"days_since_update":4,"extinct":false}},{"type":"Feature","geometry":{"type":"Point","coordinates":[-84.554,34.1]},"properties":{"source":"WU","station_id":"KGAWOODS205","name":"","earliest_date":"2023-04-23","latest_date":"2026-10-07","total_days":1163,"total_observations":321319,"years_active":3.18,"days_since_update":3,"extinct":false}},{"type":"Feature","geometry":{"type":"Point","coordinates":[-84.55557,34.10185]},"properties":{"source":"WU","station_id":"KGAWOODS234","name":"","earliest_date":"2023-07-22","latest_date":"2026-10-08","total_days":1145,"total_observations":325739,"years_active":3.13,"days_since_update":2,"extinct":false}},{"type":"Feature","geometry":{"type":"Point","coordinates":[-84.524,34.092]},"properties":{"source":"WU","station_id":"KGAWOODS231","name":"","earliest_date":"2023-06-19","latest_date":"2026-10-07","total_days":1160,"total_observations":323252,"years_active":3.18,"days_since_update":3,"extinct":false}},{"type":"Feature","geometry":{"type":"Point","coordinates":[-84.564,34.094]},"properties":{"source":"WU","station_id":"KGAWOODS299","name":"","earliest_date":"2025-04-10","latest_date":"2026-10-07","total_days":512,"total_observations":144920,"years_active":1.4,"days_since_update":3,"extinct":false}},{"type":"Feature","geometry":{"type":"Point","coordinates":[-84.59389,34.15437]},"properties":{"source":"WU","station_id":"KGAWOODS207","name":"","earliest_date":"2024-09-28","latest_date":"2026-06-10","total_days":600,"total_observations":168950,"years_active":1.64,"days_since_update":122,"extinct":true}},{"type":"Feature","geometry":{"type":"Point","coordinates":[-84.583,34.15]},"properties":{"source":"WU","station_id":"KGAWOODS218","name":"","earliest_date":"2025-05-28","latest_date":"2026-10-07","total_days":467,"total_observations":124042,"years_active":1.28,"days_since_update":3,"extinct":false}},{"type":"Feature","geometry":{"type":"Point","coordinates":[-84.596,34.142]},"properties":{"source":"WU","station_id":"KGAWOODS309","name":"","earliest_date":"2025-10-06","latest_date":"2026-10-07","total_days":328,"total_observations":93391,"years_active":0.9,"days_since_update":3,"extinct":false}},{"type":"Feature","geometry":{"type":"Point","coordinates":[-84.611,34.145]},"properties":{"source":"WU","station_id":"KGAWOODS301","name":"","earliest_date":"2025-05-04","latest_date":"2026-10-07","total_days":490,"total_observations":64428,"years_active":1.34,"days_since_update":3,"extinct":false}},{"type":"Feature","geometry":{"type":"Point","coordinates":[-84.62,34.153]},"properties":{"source":"WU","station_id":"KGAWOODS245","name":"","earliest_date":"2023-10-21","latest_date":"2026-10-08","total_days":861,"total_observations":220492,"years_active":2.36,"days_since_update":2,"extinct":false}},{"type":"Feature","geometry":{"type":"Point","coordinates":[-84.579,34.136]},"properties":{"source":"WU","station_id":"KGAWOODS294","name":"","earliest_date":"2025-01-08","latest_date":"2026-10-07","total_days":598,"total_observations":165333,"years_active":1.64,"days_since_update":3,"extinct":false}},{"type":"Feature","geometry":{"type":"Point","coordinates":[-84.50534,34.09727]},"properties":{"source":"WU","station_id":"KGAWOODS222","name":"","earliest_date":"2023-01-08","latest_date":"2026-10-08","total_days":1332,"total_observations":381383,"years_active":3.65,"days_since_update":2,"extinct":false}},{"type":"Feature","geometry":{"type":"Point","coordinates":[-84.505,34.096]},"properties":{"source":"WU","station_id":"KGAWOODS166","name":"","earliest_date":"2021-05-20","latest_date":"2026-10-08","total_days":1808,"total_observations":512958,"years_active":4.95,"days_since_update":2,"extinct":false}},{"type":"Feature","geometry":{"type":"Point","coordinates":[-84.4959162,34.3640203]},"properties":{"source":"AWN","station_id":"66d2121f64f7341edbc41159","name":"Quantum Rd","earliest_date":"2024-11-20","latest_date":"2026-10-10","total_days":690,"total_observations":175000,"years_active":1.89,"days_since_update":0,"extinct":false}},{"type":"Feature","geometry":{"type":"Point","coordinates":[-84.3697,34.3502]},"properties":{"source":"AWN","station_id":"67ca33106475c7a869db7c81","name":"My Weather Station","earliest_date":"2025-03-06","latest_date":"2026-10-10","total_days":584,"total_observations":145133,"years_active":1.6,"days_since_update":0,"extinct":false}},{"type":"Feature","geometry":{"type":"Point","coordinates":[-84.53820706,34.34358596]},"properties":{"source":"AWN","station_id":"62cc502941dc9d000154ab93","name":"My Weather S","earliest_date":"2022-04-04","latest_date":"2026-10-10","total_days":1636,"total_observations":443796,"years_active":4.48,"days_since_update":0,"extinct":false}},{"type":"Feature","geometry":{"type":"Point","coordinates":[-84.3779515,34.3372664]},"properties":{"source":"AWN","station_id":"63d979efd08f780001d6989c","name":"ConwayBG II","earliest_date":"2023-01-31","latest_date":"2026-10-10","total_days":1349,"total_observations":363531,"years_active":3.69,"days_since_update":0,"extinct":false}},{"type":"Feature","geometry":{"type":"Point","coordinates":[-84.2812676,34.3363529]},"properties":{"source":"AWN","station_id":"6053a2703bfdb9000188e30a","name":"FC Weather Station","earliest_date":"2021-03-18","latest_date":"2026-10-10","total_days":1985,"total_observations":544665,"years_active":5.43,"days_since_update":0,"extinct":false}},{"type":"Feature","geometry":{"type":"Point","coordinates":[-84.2211,34.3339]},"properties":{"source":"AWN","station_id":"676d64f40408c96470bf1f83","name":"Randys Weather Station","earliest_date":"2024-12-26","latest_date":"2026-10-10","total_days":653,"total_observations":163639,"years_active":1.79,"days_since_update":0,"extinct":false}},{"type":"Feature","geometry":{"type":"Point","coordinates":[-84.5958,34.3318]},"properties":{"source":"AWN","station_id":"68b0973cf911c8cae68b630a","name":"Delaney Pine Dr.","earliest_date":"2025-08-28","latest_date":"2026-10-10","total_days":409,"total_observations":93692,"years_active":1.12,"days_since_update":0,"extinct":false}},{"type":"Feature","geometry":{"type":"Point","coordinates":[-84.0832,34.3277]},"properties":{"source":"AWN","station_id":"683c6c1ab9643894e383f106","name":"TAJOHNSON","earliest_date":"2025-06-01","latest_date":"2026-10-10","total_days":497,"total_observations":119327,"years_active":1.36,"days_since_update":0,"extinct":false}},{"type":"Feature","geometry":{"type":"Point","coordinates":[-84.3573534,34.3246614]},"properties":{"source":"AWN","station_id":"64ca6a859038b3fb033f4c74","name":"ConwayBG I","earliest_date":"2020-03-07","latest_date":"2026-10-10","total_days":2390,"total_observations":662474,"years_active":6.54,"days_since_update":0,"extinct":false}},{"type":"Feature","geometry":{"type":"Point","coordinates":[-84.027461,34.320199]},"properties":{"source":"AWN","station_id":"6503a77c762f8d7a8222de42","name":"Webb Weather","earliest_date":"2025-07-21","latest_date":"2026-10-10","total_days":447,"total_observations":105077,"years_active":1.22,"days_since_update":0,"extinct":false}},{"type":"Feature","geometry":{"type":"Point","coordinates":[-83.95666,34.317667]},"properties":{"source":"AWN","station_id":"63b1e07ae2ce990001d8e6bb","name":"5480TMR","earliest_date":"2025-08-25","latest_date":"2026-10-10","total_days":371,"total_observations":85406,"years_active":1.02,"days_since_update":0,"extinct":false}},{"type":"Feature","geometry":{"type":"Point","coordinates":[-84.48875494,34.31436321]},"properties":{"source":"AWN","station_id":"62c32e2e37935f00018aa55b","name":"Home Weather","earliest_date":"2022-07-04","latest_date":"2026-06-18","total_days":1433,"total_observations":399163,"years_active":3.92,"days_since_update":114,"extinct":true}},{"type":"Feature","geometry":{"type":"Point","coordinates":[-84.42389,34.31056]},"properties":{"source":"AWN","station_id":"5d559f7e838e6483b722e5bf","name":"KCNI","earliest_date":"2022-08-08","latest_date":"2026-10-10","total_days":1497,"total_observations":97277,"years_active":4.1,"days_since_update":0,"extinct":false}},{"type":"Feature","geometry":{"type":"Point","coordinates":[-84.0441,34.3092]},"properties":{"source":"AWN","station_id":"684e1473de7749a537d28bec","name":"Andrews","earliest_date":"2025-06-15","latest_date":"2026-10-10","total_days":483,"total_observations":115615,"years_active":1.32,"days_since_update":0,"extinct":false}},{"type":"Feature","geometry":{"type":"Point","coordinates":[-84.1991805,34.3073998]},"properties":{"source":"AWN","station_id":"658f5139ae76f8feafd6443c","name":"Brewton Branch Farm","earliest_date":"2025-07-01","latest_date":"2026-08-03","total_days":397,"total_observations":96636,"years_active":1.09,"days_since_update":68,"extinct":true}},{"type":"Feature","geometry":{"type":"Point","coordinates":[-84.61539,34.306718]},"properties":{"source":"AWN","station_id":"658e08067ebbeda887782628","name":"My Weather Station","earliest_date":"2023-12-28","latest_date":"2026-07-03","total_days":899,"total_observations":243496,"years_active":2.46,"days_since_update":99,"extinct":true}},{"type":"Feature","geometry":{"type":"Point","coordinates":[-84.2528887,34.30601637]},"properties":{"source":"AWN","station_id":"5fa736b31a93d3000187e2a0","name":"Home weather","earliest_date":"2020-11-08","latest_date":"2026-10-10","total_days":2156,"total_observations":596684,"years_active":5.9,"days_since_update":0,"extinct":false}},{"type":"Feature","geometry":{"type":"Point","coordinates":[-84.171317,34.305585]},"properties":{"source":"AWN","station_id":"61dce31e5bdbe500018925e1","name":"My Weather Station","earliest_date":"2025-10-14","latest_date":"2026-10-10","total_days":361,"total_observations":79401,"years_active":0.99,"days_since_update":0,"extinct":false}},{"type":"Feature","geometry":{"type":"Point","coordinates":[-83.9705609,34.3026629]},"properties":{"source":"AWN","station_id":"650e216e9002746c1a9d4890","name":"Pops Weather Station ","earliest_date":"2023-09-22","latest_date":"2026-10-10","total_days":1101,"total_observations":291035,"years_active":3.01,"days_since_update":0,"extinct":false}},{"type":"Feature","geometry":{"type":"Point","coordinates":[-83.9755423,34.2995573]},"properties":{"source":"AWN","station_id":"65f1f762ea78d4aa853ff402","name":"Dude's Weather Station","earliest_date":"2024-03-13","latest_date":"2026-10-10","total_days":933,"total_observations":242637,"years_active":2.55,"days_since_update":0,"extinct":false}},{"type":"Feature","geometry":{"type":"Point","coordinates":[-84.220481,34.2971069]},"properties":{"source":"AWN","station_id":"61ce65f3ce082a00010472b2","name":"Crackyn's Cave","earliest_date":"2025-03-27","latest_date":"2026-10-10","total_days":563,"total_observations":137565,"years_active":1.54,"days_since_update":0,"extinct":false}},{"type":"Feature","geometry":{"type":"Point","coordinates":[-84.0997,34.2966]},"properties":{"source":"AWN","station_id":"67aad9e5298b732768163adf","name":"Coal Mountain, Ga","earliest_date":"2025-02-11","latest_date":"2026-10-10","total_days":603,"total_observations":149776,"years_active":1.65,"days_since_update":0,"extinct":false}},{"type":"Feature","geometry":{"type":"Point","coordinates":[-84.5985,34.2962]},"properties":{"source":"AWN","station_id":"67fef3509db6df6c9240bfe9","name":"Lake House","earliest_date":"2025-04-16","latest_date":"2026-10-10","total_days":543,"total_observations":132415,"years_active":1.49,"days_since_update":0,"extinct":false}},{"type":"Feature","geometry":{"type":"Point","coordinates":[-83.9996296,34.294265]},"properties":{"source":"AWN","station_id":"61c8f4a1abc29e00017ff67e","name":"HighSouthAdventures.com","earliest_date":"2021-12-26","latest_date":"2026-10-10","total_days":1750,"total_observations":478406,"years_active":4.79,"days_since_update":0,"extinct":false}},{"type":"Feature","geometry":{"type":"Point","coordinates":[-84.5612348,34.2940086]},"properties":{"source":"AWN","station_id":"6586e90d585bb99e8441e3a0","name":"Hunter Weather Station","earliest_date":"2025-08-01","latest_date":"2026-10-10","total_days":431,"total_observations":100557,"years_active":1.18,"days_since_update":0,"extinct":false}},{"type":"Feature","geometry":{"type":"Point","coordinates":[-84.243039,34.2939503]},"properties":{"source":"AWN","station_id":"666f35d0eea624a1c65449da","name":"Hugh's WX","earliest_date":"2024-06-16","latest_date":"2026-10-10","total_days":847,"total_observations":218044,"years_active":2.32,"days_since_update":0,"extinct":false}},{"type":"Feature","geometry":{"type":"Point","coordinates":[-84.1939,34.2937]},"properties":{"source":"AWN","station_id":"674b266d5ba61fdefcf4593c","name":"Home","earliest_date":"2024-11-30","latest_date":"2026-10-10","total_days":680,"total_observations":172245,"years_active":1.86,"days_since_update":0,"extinct":false}},{"type":"Feature","geometry":{"type":"Point","coordinates":[-84.1509207,34.2935808]},"properties":{"source":"AWN","station_id":"601b2bf98da6250001b7f2e4","name":"Jesslin Oaks","earliest_date":"2025-01-06","latest_date":"2026-10-10","total_days":643,"total_observations":161032,"years_active":1.76,"days_since_update":0,"extinct":false}},{"type":"Feature","geometry":{"type":"Point","coordinates":[-84.1977865,34.2918443]},"properties":{"source":"AWN","station_id":"66f6210b75d452ad08d36db6","name":"Johnson Weather Station","earliest_date":"2025-12-03","latest_date":"2026-10-10","total_days":312,"total_observations":66105,"years_active":0.85,"days_since_update":0,"extinct":false}},{"type":"Feature","geometry":{"type":"Point","coordinates":[-84.026813,34.287674]},"properties":{"source":"AWN","station_id":"658c8fe7f80e8fb4adb11ca8","name":"Home5650","earliest_date":"2025-08-22","latest_date":"2026-10-10","total_days":414,"total_observations":94865,"years_active":1.13,"days_since_update":0,"extinct":false}},{"type":"Feature","geometry":{"type":"Point","coordinates":[-84.22824,34.285763]},"properties":{"source":"AWN","station_id":"64a4245d24562da70d2aec47","name":"Possum Kingdom ","earliest_date":"2025-07-16","latest_date":"2026-10-10","total_days":452,"total_observations":106294,"years_active":1.24,"days_since_update":0,"extinct":false}},{"type":"Feature","geometry":{"type":"Point","coordinates":[-84.1528967,34.284857]},"properties":{"source":"AWN","station_id":"6591cd951f8798283424c4c9","name":"My Weather Station","earliest_date":"2024-01-08","latest_date":"2026-10-10","total_days":1004,"total_observations":261759,"years_active":2.75,"days_since_update":0,"extinct":false}},{"type":"Feature","geometry":{"type":"Point","coordinates":[-84.341,34.2824]},"properties":{"source":"AWN","station_id":"680a64c79b67a11c9e5d0e6a","name":"Macedonia","earliest_date":"2025-04-24","latest_date":"2026-10-10","total_days":534,"total_observations":128964,"years_active":1.46,"days_since_update":0,"extinct":false}},{"type":"Feature","geometry":{"type":"Point","coordinates":[-84.4906262,34.2811653]},"properties":{"source":"AWN","station_id":"5fe6254636eec300017b833c","name":"Great Sky","earliest_date":"2020-12-25","latest_date":"2026-10-10","total_days":2109,"total_observations":582757,"years_active":5.77,"days_since_update":0,"extinct":false}},{"type":"Feature","geometry":{"type":"Point","coordinates":[-84.503661,34.2798949]},"properties":{"source":"AWN","station_id":"65919beb9073ace0a8c409d6","name":"Big D","earliest_date":"2025-10-17","latest_date":"2026-10-10","total_days":359,"total_observations":79548,"years_active":0.98,"days_since_update":0,"extinct":false}},{"type":"Feature","geometry":{"type":"Point","coordinates":[-84.0022,34.278]},"properties":{"source":"AWN","station_id":"67bc8785309051dbc397f820","name":"New Ranch Weather","earliest_date":"2025-02-24","latest_date":"2026-10-10","total_days":590,"total_observations":146321,"years_active":1.62,"days_since_update":0,"extinct":false}},{"type":"Feature","geometry":{"type":"Point","coordinates":[-84.467,34.2768]},"properties":{"source":"AWN","station_id":"676d9d5a3d72bd95c2c8d669","name":"BLAKE WS","earliest_date":"2024-12-26","latest_date":"2026-10-10","total_days":654,"total_observations":164773,"years_active":1.79,"days_since_update":0,"extinct":false}},{"type":"Feature","geometry":{"type":"Point","coordinates":[-84.22970898,34.27600448]},"properties":{"source":"AWN","station_id":"60255226088a3800014f49ea","name":"JDO Weather","earliest_date":"2022-01-27","latest_date":"2026-10-10","total_days":1715,"total_observations":467232,"years_active":4.7,"days_since_update":0,"extinct":false}},{"type":"Feature","geometry":{"type":"Point","coordinates":[-84.1771836,34.2739226]},"properties":{"source":"AWN","station_id":"6434b158617f890001a50603","name":"Cannon Creek Farm","earliest_date":"2023-04-11","latest_date":"2026-10-10","total_days":1276,"total_observations":341801,"years_active":3.49,"days_since_update":0,"extinct":false}},{"type":"Feature","geometry":{"type":"Point","coordinates":[-84.5445584,34.2718754]},"properties":{"source":"AWN","station_id":"65b13738eabf445638301375","name":"Home - K4EA","earliest_date":"2024-03-22","latest_date":"2026-10-10","total_days":917,"total_observations":236270,"years_active":2.51,"days_since_update":0,"extinct":false}},{"type":"Feature","geometry":{"type":"Point","coordinates":[-84.52095123,34.27166581]},"properties":{"source":"AWN","station_id":"6681b6b13d218173f5a5a295","name":"Horizon1","earliest_date":"2024-06-30","latest_date":"2026-10-10","total_days":833,"total_observations":215002,"years_active":2.28,"days_since_update":0,"extinct":false}},{"type":"Feature","geometry":{"type":"Point","coordinates":[-84.138352,34.271201]},"properties":{"source":"AWN","station_id":"5a4313b1e12b38000ea2ade3","name":"Bearden's Weather Station","earliest_date":"2020-07-05","latest_date":"2026-05-18","total_days":2140,"total_observations":605347,"years_active":5.86,"days_since_update":145,"extinct":true}},{"type":"Feature","geometry":{"type":"Point","coordinates":[-83.98195487,34.26960038]},"properties":{"source":"AWN","station_id":"64c92284bc5c1e679ed71079","name":"Hannahs Crossing Dr","earliest_date":"2023-08-01","latest_date":"2026-10-10","total_days":1146,"total_observations":303876,"years_active":3.14,"days_since_update":0,"extinct":false}},{"type":"Feature","geometry":{"type":"Point","coordinates":[-84.17950383,34.26830269]},"properties":{"source":"AWN","station_id":"5efe3ff1e043f300015a26a2","name":"Pleasant Manor Estates","earliest_date":"2020-07-02","latest_date":"2026-10-10","total_days":2278,"total_observations":631560,"years_active":6.24,"days_since_update":0,"extinct":false}},{"type":"Feature","geometry":{"type":"Point","coordinates":[-83.9756973,34.2679032]},"properties":{"source":"AWN","station_id":"66004b0d17c653ccba955953","name":"Waylon\u201a\u00c4\u00f4s weather station","earliest_date":"2024-03-24","latest_date":"2026-10-10","total_days":928,"total_observations":241638,"years_active":2.54,"days_since_update":0,"extinct":false}},{"type":"Feature","geometry":{"type":"Point","coordinates":[-84.1396748,34.2670555]},"properties":{"source":"AWN","station_id":"669bfa021adb5dec4ad9f703","name":"Jacket1","earliest_date":"2024-07-20","latest_date":"2026-10-10","total_days":808,"total_observations":208467,"years_active":2.21,"days_since_update":0,"extinct":false}},{"type":"Feature","geometry":{"type":"Point","coordinates":[-84.1161,34.2666]},"properties":{"source":"AWN","station_id":"6929cec1ac5bc44688989865","name":"House","earliest_date":"2025-11-28","latest_date":"2026-10-10","total_days":317,"total_observations":67226,"years_active":0.87,"days_since_update":0,"extinct":false}},{"type":"Feature","geometry":{"type":"Point","coordinates":[-84.5290055,34.26531]},"properties":{"source":"AWN","station_id":"6162f474705d530001134767","name":"My Weather Station","earliest_date":"2021-10-10","latest_date":"2026-08-14","total_days":1703,"total_observations":468988,"years_active":4.66,"days_since_update":57,"extinct":true}},{"type":"Feature","geometry":{"type":"Point","coordinates":[-84.5217,34.2636]},"properties":{"source":"AWN","station_id":"66aab193ab6e81c9d8ca57f9","name":"My eWeather Station","earliest_date":"2024-07-31","latest_date":"2026-10-10","total_days":751,"total_observations":189574,"years_active":2.06,"days_since_update":0,"extinct":false}},{"type":"Feature","geometry":{"type":"Point","coordinates":[-84.5189,34.2628]},"properties":{"source":"AWN","station_id":"6018580c40db040001839035","name":"Harmony Gardens","earliest_date":"2025-08-05","latest_date":"2026-10-10","total_days":432,"total_observations":100595,"years_active":1.18,"days_since_update":0,"extinct":false}},{"type":"Feature","geometry":{"type":"Point","coordinates":[-84.529889,34.26261355]},"properties":{"source":"AWN","station_id":"6679a71b426bb8c647955d15","name":"Appalachian Woods ","earliest_date":"2024-06-24","latest_date":"2026-10-10","total_days":839,"total_observations":216644,"years_active":2.3,"days_since_update":0,"extinct":false}},{"type":"Feature","geometry":{"type":"Point","coordinates":[-84.25606232,34.26040652]},"properties":{"source":"AWN","station_id":"649f408d5f90ffeee3a1e876","name":"Tank Weather Station ","earliest_date":"2019-12-31","latest_date":"2026-10-10","total_days":2460,"total_observations":679951,"years_active":6.74,"days_since_update":0,"extinct":false}},{"type":"Feature","geometry":{"type":"Point","coordinates":[-84.23918346,34.2594992]},"properties":{"source":"AWN","station_id":"645ff80058d755b5606142b5","name":"Heardsville Weather","earliest_date":"2024-09-17","latest_date":"2026-10-10","total_days":743,"total_observations":166524,"years_active":2.03,"days_since_update":0,"extinct":false}},{"type":"Feature","geometry":{"type":"Point","coordinates":[-84.1871,34.2561]},"properties":{"source":"AWN","station_id":"6813e3e37f1c77b001e8cfa2","name":"Jwkim","earliest_date":"2025-05-01","latest_date":"2026-10-10","total_days":528,"total_observations":128174,"years_active":1.45,"days_since_update":0,"extinct":false}},{"type":"Feature","geometry":{"type":"Point","coordinates":[-84.2512296,34.2497778]},"properties":{"source":"AWN","station_id":"61e342090189e400011cc173","name":"Norman's Station","earliest_date":"2022-01-15","latest_date":"2026-10-10","total_days":1652,"total_observations":458576,"years_active":4.52,"days_since_update":0,"extinct":false}},{"type":"Feature","geometry":{"type":"Point","coordinates":[-84.2543241,34.2494246]},"properties":{"source":"AWN","station_id":"66ca6618b06223fe4aa062cc","name":"Backyard","earliest_date":"2024-08-24","latest_date":"2026-10-10","total_days":778,"total_observations":199514,"years_active":2.13,"days_since_update":0,"extinct":false}},{"type":"Feature","geometry":{"type":"Point","coordinates":[-84.3213,34.2472]},"properties":{"source":"AWN","station_id":"685b486c490ad6c67ef07546","name":"WS-2902D","earliest_date":"2025-06-25","latest_date":"2026-10-10","total_days":473,"total_observations":112342,"years_active":1.3,"days_since_update":0,"extinct":false}},{"type":"Feature","geometry":{"type":"Point","coordinates":[-84.0314,34.2465]},"properties":{"source":"AWN","station_id":"6563b8c5848542d6566f0060","name":"My Weather Station","earliest_date":"2025-02-02","latest_date":"2026-10-10","total_days":615,"total_observations":152412,"years_active":1.68,"days_since_update":0,"extinct":false}},{"type":"Feature","geometry":{"type":"Point","coordinates":[-84.15222281,34.24545976]},"properties":{"source":"AWN","station_id":"5d8ea8c089aa1650aa702bff","name":"Nichols Creek","earliest_date":"2019-09-28","latest_date":"2026-10-10","total_days":2561,"total_observations":698730,"years_active":7.01,"days_since_update":0,"extinct":false}},{"type":"Feature","geometry":{"type":"Point","coordinates":[-83.9673569,34.2450998]},"properties":{"source":"AWN","station_id":"63719f99e35cb100014cc16f","name":"9044PTC","earliest_date":"2024-06-23","latest_date":"2026-10-10","total_days":840,"total_observations":216667,"years_active":2.3,"days_since_update":0,"extinct":false}},{"type":"Feature","geometry":{"type":"Point","coordinates":[-84.1751,34.2446]},"properties":{"source":"AWN","station_id":"691b0d16a52ffb3be4470051","name":"The Oasis","earliest_date":"2025-11-17","latest_date":"2026-10-10","total_days":328,"total_observations":70774,"years_active":0.9,"days_since_update":0,"extinct":false}},{"type":"Feature","geometry":{"type":"Point","coordinates":[-84.024157,34.2418873]},"properties":{"source":"AWN","station_id":"64050a3218e7ef00013bb6ce","name":"SixMileCoveNEv Rdx","earliest_date":"2023-03-05","latest_date":"2026-10-10","total_days":1315,"total_observations":351039,"years_active":3.6,"days_since_update":0,"extinct":false}},{"type":"Feature","geometry":{"type":"Point","coordinates":[-83.9858,34.241]},"properties":{"source":"AWN","station_id":"676c3f513c3abe7f36e2423f","name":"Tod ","earliest_date":"2024-12-25","latest_date":"2026-10-10","total_days":649,"total_observations":163251,"years_active":1.78,"days_since_update":0,"extinct":false}},{"type":"Feature","geometry":{"type":"Point","coordinates":[-84.3624,34.2405]},"properties":{"source":"AWN","station_id":"676c690cfeb43ff134de90b6","name":"Home","earliest_date":"2024-12-25","latest_date":"2026-10-10","total_days":655,"total_observations":164720,"years_active":1.79,"days_since_update":0,"extinct":false}},{"type":"Feature","geometry":{"type":"Point","coordinates":[-84.4908,34.2368]},"properties":{"source":"AWN","station_id":"67b328ef3017614bbf99ab71","name":"Dan\u201a\u00c4\u00f4s Weather Station","earliest_date":"2025-02-18","latest_date":"2026-10-10","total_days":600,"total_observations":149232,"years_active":1.64,"days_since_update":0,"extinct":false}},{"type":"Feature","geometry":{"type":"Point","coordinates":[-84.4907621,34.2367621]},"properties":{"source":"AWN","station_id":"61072e31c468c600016ba176","name":"GA House","earliest_date":"2025-02-26","latest_date":"2026-10-10","total_days":592,"total_observations":146371,"years_active":1.62,"days_since_update":0,"extinct":false}},{"type":"Feature","geometry":{"type":"Point","coordinates":[-84.4907621,34.2367621]},"properties":{"source":"AWN","station_id":"61d1ce0a92258300016a5c89","name":"Daugherty","earliest_date":"2022-01-02","latest_date":"2026-10-10","total_days":1730,"total_observations":468915,"years_active":4.74,"days_since_update":0,"extinct":false}},{"type":"Feature","geometry":{"type":"Point","coordinates":[-84.4907621,34.2367621]},"properties":{"source":"AWN","station_id":"5efa757b12e9150001a7f22c","name":"My Weather Station","earliest_date":"2023-08-30","latest_date":"2026-08-16","total_days":1081,"total_observations":290645,"years_active":2.96,"days_since_update":55,"extinct":true}},{"type":"Feature","geometry":{"type":"Point","coordinates":[-84.4254933,34.2354959]},"properties":{"source":"AWN","station_id":"627c40a6e6664700014d19ca","name":"Backyard Weather Station","earliest_date":"2022-05-11","latest_date":"2026-10-10","total_days":1604,"total_observations":436167,"years_active":4.39,"days_since_update":0,"extinct":false}},{"type":"Feature","geometry":{"type":"Point","coordinates":[-83.9935,34.2347]},"properties":{"source":"AWN","station_id":"677b4a927357ad63e34b5706","name":"Bethel Park","earliest_date":"2025-01-06","latest_date":"2026-10-10","total_days":643,"total_observations":161779,"years_active":1.76,"days_since_update":0,"extinct":false}},{"type":"Feature","geometry":{"type":"Point","coordinates":[-84.2992379,34.2345034]},"properties":{"source":"AWN","station_id":"65b6c6a404e9919a868bcbab","name":"Rosebud Farm","earliest_date":"2024-01-28","latest_date":"2026-10-10","total_days":986,"total_observations":258657,"years_active":2.7,"days_since_update":0,"extinct":false}},{"type":"Feature","geometry":{"type":"Point","coordinates":[-84.2095663,34.2325445]},"properties":{"source":"AWN","station_id":"61ccae9891a3ac00014eebee","name":"Keystone","earliest_date":"2024-05-10","latest_date":"2026-10-10","total_days":857,"total_observations":222919,"years_active":2.35,"days_since_update":0,"extinct":false}},{"type":"Feature","geometry":{"type":"Point","coordinates":[-84.0359866,34.2292322]},"properties":{"source":"AWN","station_id":"5eb81230f67ba00001d7ee2f","name":"Lakehouse","earliest_date":"2025-10-28","latest_date":"2026-10-10","total_days":270,"total_observations":39612,"years_active":0.74,"days_since_update":0,"extinct":false}},{"type":"Feature","geometry":{"type":"Point","coordinates":[-84.2991763,34.2285062]},"properties":{"source":"AWN","station_id":"61cf604aca67ae0001271848","name":"MeincerNew","earliest_date":"2021-12-31","latest_date":"2026-10-10","total_days":1745,"total_observations":477509,"years_active":4.78,"days_since_update":0,"extinct":false}},{"type":"Feature","geometry":{"type":"Point","coordinates":[-84.2422651,34.2258291]},"properties":{"source":"AWN","station_id":"665a5a9235452e76ed4a017b","name":"Home","earliest_date":"2024-05-31","latest_date":"2026-06-05","total_days":725,"total_observations":198304,"years_active":1.98,"days_since_update":127,"extinct":true}},{"type":"Feature","geometry":{"type":"Point","coordinates":[-84.3031186,34.2253932]},"properties":{"source":"AWN","station_id":"63a8c56858b1c100015aea92","name":"Red Gate 208","earliest_date":"2025-03-16","latest_date":"2026-10-10","total_days":494,"total_observations":110442,"years_active":1.35,"days_since_update":0,"extinct":false}},{"type":"Feature","geometry":{"type":"Point","coordinates":[-84.597208,34.224839]},"properties":{"source":"AWN","station_id":"64cbd75a56f341a0b6d45025","name":"Sutallee","earliest_date":"2023-08-03","latest_date":"2026-10-10","total_days":1165,"total_observations":310323,"years_active":3.19,"days_since_update":0,"extinct":false}},{"type":"Feature","geometry":{"type":"Point","coordinates":[-84.164,34.2239]},"properties":{"source":"AWN","station_id":"677c4273750521a61ab071db","name":"Greenwood Acres","earliest_date":"2025-01-06","latest_date":"2026-10-10","total_days":643,"total_observations":160172,"years_active":1.76,"days_since_update":0,"extinct":false}},{"type":"Feature","geometry":{"type":"Point","coordinates":[-84.0458795,34.2178474]},"properties":{"source":"AWN","station_id":"658b0dfde381011edfeee497","name":"My Weather Station\u201a\u00c4\u00f4s ","earliest_date":"2023-12-26","latest_date":"2026-08-30","total_days":979,"total_observations":259036,"years_active":2.68,"days_since_update":41,"extinct":true}},{"type":"Feature","geometry":{"type":"Point","coordinates":[-84.0469531,34.2152164]},"properties":{"source":"AWN","station_id":"651877e206bcff5eb26d0a5b","name":"Hires Weather Station","earliest_date":"2023-09-30","latest_date":"2026-10-10","total_days":1106,"total_observations":290829,"years_active":3.03,"days_since_update":0,"extinct":false}},{"type":"Feature","geometry":{"type":"Point","coordinates":[-84.3277338,34.214949]},"properties":{"source":"AWN","station_id":"609c31f8192bbb000185b855","name":"Atlanta Phantom WS","earliest_date":"2021-05-12","latest_date":"2026-10-10","total_days":1975,"total_observations":543420,"years_active":5.41,"days_since_update":0,"extinct":false}},{"type":"Feature","geometry":{"type":"Point","coordinates":[-84.5414306,34.2147293]},"properties":{"source":"AWN","station_id":"664cfb96f59529aeb1165860","name":"Gold Xing","earliest_date":"2024-05-21","latest_date":"2026-10-10","total_days":797,"total_observations":213547,"years_active":2.18,"days_since_update":0,"extinct":false}},{"type":"Feature","geometry":{"type":"Point","coordinates":[-84.3448,34.2143]},"properties":{"source":"AWN","station_id":"672cc42d620c9c9eb55dcf9c","name":"JHL's Weather Station","earliest_date":"2024-11-07","latest_date":"2026-10-10","total_days":703,"total_observations":177786,"years_active":1.92,"days_since_update":0,"extinct":false}},{"type":"Feature","geometry":{"type":"Point","coordinates":[-84.2513,34.2143]},"properties":{"source":"AWN","station_id":"64067fbb8fcd8e000161a691","name":"Smoke\u201a\u00c4\u00f4s weather station ","earliest_date":"2023-03-07","latest_date":"2026-06-22","total_days":1204,"total_observations":334919,"years_active":3.3,"days_since_update":110,"extinct":true}},{"type":"Feature","geometry":{"type":"Point","coordinates":[-84.33879252,34.21348579]},"properties":{"source":"AWN","station_id":"6599876a7bd69556664695a5","name":"SPL","earliest_date":"2024-01-06","latest_date":"2026-10-10","total_days":1001,"total_observations":264172,"years_active":2.74,"days_since_update":0,"extinct":false}},{"type":"Feature","geometry":{"type":"Point","coordinates":[-84.2525197,34.2125624]},"properties":{"source":"AWN","station_id":"60073b6645f6530001a130a6","name":"Hamptons Grant","earliest_date":"2021-01-19","latest_date":"2026-10-10","total_days":2069,"total_observations":569896,"years_active":5.66,"days_since_update":0,"extinct":false}},{"type":"Feature","geometry":{"type":"Point","coordinates":[-84.05242238,34.21239069]},"properties":{"source":"AWN","station_id":"66538e35623a60a6bed9a464","name":"JimerSUN Weatherstation","earliest_date":"2024-05-26","latest_date":"2026-10-10","total_days":866,"total_observations":224395,"years_active":2.37,"days_since_update":0,"extinct":false}},{"type":"Feature","geometry":{"type":"Point","coordinates":[-84.0907,34.2122]},"properties":{"source":"AWN","station_id":"67719bde7623b4f00124ed1a","name":"TomNGA","earliest_date":"2024-12-29","latest_date":"2026-10-10","total_days":651,"total_observations":163820,"years_active":1.78,"days_since_update":0,"extinct":false}},{"type":"Feature","geometry":{"type":"Point","coordinates":[-84.4284677,34.2116693]},"properties":{"source":"AWN","station_id":"61b4de014fcf0c000132ec42","name":"CroupHouse","earliest_date":"2025-04-26","latest_date":"2026-10-10","total_days":533,"total_observations":129833,"years_active":1.46,"days_since_update":0,"extinct":false}},{"type":"Feature","geometry":{"type":"Point","coordinates":[-84.1846,34.2099]},"properties":{"source":"AWN","station_id":"688a61d4227008c5b1d23fc2","name":"Luke\u201a\u00c4\u00f4s Weather Station ","earliest_date":"2025-07-22","latest_date":"2026-10-10","total_days":431,"total_observations":100047,"years_active":1.18,"days_since_update":0,"extinct":false}},{"type":"Feature","geometry":{"type":"Point","coordinates":[-84.0488,34.2091]},"properties":{"source":"AWN","station_id":"61ad679aec98200001b3c52f","name":"Chestnut Hill Home","earliest_date":"2025-08-30","latest_date":"2026-10-10","total_days":407,"total_observations":93398,"years_active":1.11,"days_since_update":0,"extinct":false}},{"type":"Feature","geometry":{"type":"Point","coordinates":[-84.1751648,34.2041173]},"properties":{"source":"AWN","station_id":"6675cc20c73cbf3b364819ca","name":"vpl659-a5k","earliest_date":"2024-06-21","latest_date":"2026-10-10","total_days":842,"total_observations":217928,"years_active":2.31,"days_since_update":0,"extinct":false}},{"type":"Feature","geometry":{"type":"Point","coordinates":[-84.0668,34.2035]},"properties":{"source":"AWN","station_id":"6844eaa003664539c87a70fd","name":"Hickory_Lakeside","earliest_date":"2025-06-08","latest_date":"2026-10-10","total_days":490,"total_observations":117489,"years_active":1.34,"days_since_update":0,"extinct":false}},{"type":"Feature","geometry":{"type":"Point","coordinates":[-84.5299,34.2029]},"properties":{"source":"AWN","station_id":"681a6896cdc2200706d6679b","name":"My Weather Station","earliest_date":"2025-05-06","latest_date":"2026-10-10","total_days":523,"total_observations":126676,"years_active":1.43,"days_since_update":0,"extinct":false}},{"type":"Feature","geometry":{"type":"Point","coordinates":[-84.0907246,34.2000834]},"properties":{"source":"AWN","station_id":"62129736407a8e00014f1000","name":"Tardog ","earliest_date":"2022-02-20","latest_date":"2026-10-10","total_days":1693,"total_observations":464019,"years_active":4.64,"days_since_update":0,"extinct":false}},{"type":"Feature","geometry":{"type":"Point","coordinates":[-84.05207516,34.19965443]},"properties":{"source":"AWN","station_id":"60f33c7253712d0001c0f5ca","name":"Dogwood Trail Weather","earliest_date":"2022-12-05","latest_date":"2026-10-10","total_days":1405,"total_observations":378292,"years_active":3.85,"days_since_update":0,"extinct":false}},{"type":"Feature","geometry":{"type":"Point","coordinates":[-84.3498505,34.198856]},"properties":{"source":"AWN","station_id":"622a961d36b206000128261f","name":"Fox Ridge Farm","earliest_date":"2022-03-11","latest_date":"2026-10-10","total_days":1648,"total_observations":446308,"years_active":4.51,"days_since_update":0,"extinct":false}},{"type":"Feature","geometry":{"type":"Point","coordinates":[-84.4295,34.196]},"properties":{"source":"AWN","station_id":"670d36688c7e62f87bd0abc3","name":"Yaros_Canton","earliest_date":"2024-10-14","latest_date":"2026-10-10","total_days":727,"total_observations":183785,"years_active":1.99,"days_since_update":0,"extinct":false}},{"type":"Feature","geometry":{"type":"Point","coordinates":[-84.27588818,34.19127447]},"properties":{"source":"AWN","station_id":"65bae8afa805d254f8db6e55","name":"Wilkie Weather","earliest_date":"2024-02-01","latest_date":"2026-10-10","total_days":983,"total_observations":257972,"years_active":2.69,"days_since_update":0,"extinct":false}},{"type":"Feature","geometry":{"type":"Point","coordinates":[-84.5197817,34.1910714]},"properties":{"source":"AWN","station_id":"5f00a2cb692b1f0001685a04","name":"House Weather Station","earliest_date":"2020-07-04","latest_date":"2026-10-10","total_days":2274,"total_observations":629875,"years_active":6.23,"days_since_update":0,"extinct":false}},{"type":"Feature","geometry":{"type":"Point","coordinates":[-84.2523247,34.1908584]},"properties":{"source":"AWN","station_id":"5b2d44d52600db00045a41ec","name":"My weather station","earliest_date":"2020-05-26","latest_date":"2026-10-10","total_days":2326,"total_observations":639026,"years_active":6.37,"days_since_update":0,"extinct":false}},{"type":"Feature","geometry":{"type":"Point","coordinates":[-84.5464327,34.1905114]},"properties":{"source":"AWN","station_id":"66999604c1930051c87df1df","name":"My Weather Station","earliest_date":"2024-07-18","latest_date":"2026-10-10","total_days":806,"total_observations":206066,"years_active":2.21,"days_since_update":0,"extinct":false}},{"type":"Feature","geometry":{"type":"Point","coordinates":[-84.2657246,34.189635]},"properties":{"source":"AWN","station_id":"5f29ed6b0adf48000197ab8b","name":"Manor North WX","earliest_date":"2020-05-06","latest_date":"2026-06-09","total_days":2177,"total_observations":611654,"years_active":5.96,"days_since_update":123,"extinct":true}},{"type":"Feature","geometry":{"type":"Point","coordinates":[-84.4562767,34.1866853]},"properties":{"source":"AWN","station_id":"64fa66f119ab587a95291936","name":"brownhome ","earliest_date":"2023-09-08","latest_date":"2026-10-10","total_days":1127,"total_observations":299169,"years_active":3.09,"days_since_update":0,"extinct":false}},{"type":"Feature","geometry":{"type":"Point","coordinates":[-84.0958795,34.1858984]},"properties":{"source":"AWN","station_id":"61913074b4c2f30001a8811e","name":"Casa del Lago 2","earliest_date":"2021-11-14","latest_date":"2026-10-10","total_days":1780,"total_observations":486941,"years_active":4.87,"days_since_update":0,"extinct":false}},{"type":"Feature","geometry":{"type":"Point","coordinates":[-84.5542405,34.1850358]},"properties":{"source":"AWN","station_id":"64e0cc9956f2103498eb15e0","name":"Bridgemill","earliest_date":"2023-08-19","latest_date":"2026-10-10","total_days":1097,"total_observations":288139,"years_active":3.0,"days_since_update":0,"extinct":false}},{"type":"Feature","geometry":{"type":"Point","coordinates":[-84.42516435,34.18345208]},"properties":{"source":"AWN","station_id":"62aa2fc6ee74910001868a6f","name":"The Chicken Shack","earliest_date":"2024-09-24","latest_date":"2026-10-10","total_days":747,"total_observations":190235,"years_active":2.05,"days_since_update":0,"extinct":false}},{"type":"Feature","geometry":{"type":"Point","coordinates":[-84.0963975,34.1828023]},"properties":{"source":"AWN","station_id":"63337d4180734800012a1b19","name":"Top of Forest Drive","earliest_date":"2022-09-27","latest_date":"2026-10-10","total_days":1475,"total_observations":399853,"years_active":4.04,"days_since_update":0,"extinct":false}},{"type":"Feature","geometry":{"type":"Point","coordinates":[-84.5215714,34.1818845]},"properties":{"source":"AWN","station_id":"64f64019343313b9ca3b87c1","name":"Home Weather","earliest_date":"2023-06-17","latest_date":"2026-10-10","total_days":1187,"total_observations":317345,"years_active":3.25,"days_since_update":0,"extinct":false}},{"type":"Feature","geometry":{"type":"Point","coordinates":[-84.564,34.1787]},"properties":{"source":"AWN","station_id":"688673af4535ac1c11d98c93","name":"The Big E","earliest_date":"2025-07-27","latest_date":"2026-10-10","total_days":441,"total_observations":103050,"years_active":1.21,"days_since_update":0,"extinct":false}},{"type":"Feature","geometry":{"type":"Point","coordinates":[-84.431898,34.178006]},"properties":{"source":"AWN","station_id":"64eb875e9d4100aece8b4af6","name":"Pineda Weather Station","earliest_date":"2025-08-13","latest_date":"2026-10-10","total_days":419,"total_observations":96300,"years_active":1.15,"days_since_update":0,"extinct":false}},{"type":"Feature","geometry":{"type":"Point","coordinates":[-84.4285498,34.1750365]},"properties":{"source":"AWN","station_id":"5eac9f725f070c0033108c42","name":"JT\u201a\u00c4\u00f4s Chickenshack","earliest_date":"2021-03-10","latest_date":"2026-05-25","total_days":1855,"total_observations":1387109,"years_active":5.08,"days_since_update":138,"extinct":true}},{"type":"Feature","geometry":{"type":"Point","coordinates":[-84.4654627,34.1749095]},"properties":{"source":"AWN","station_id":"66611f3469e30797f0d0c64f","name":"Drake","earliest_date":"2024-06-06","latest_date":"2026-10-09","total_days":852,"total_observations":220168,"years_active":2.33,"days_since_update":1,"extinct":false}},{"type":"Feature","geometry":{"type":"Point","coordinates":[-84.2485,34.1744]},"properties":{"source":"AWN","station_id":"69237e3fb7190a480806f5b8","name":"Bob\u201a\u00c4\u00f4s Weather","earliest_date":"2025-11-23","latest_date":"2026-10-09","total_days":244,"total_observations":54322,"years_active":0.67,"days_since_update":1,"extinct":false}},{"type":"Feature","geometry":{"type":"Point","coordinates":[-84.211854,34.173321]},"properties":{"source":"AWN","station_id":"61dccd51575181000107736a","name":"Easterby Weather Station","earliest_date":"2022-09-20","latest_date":"2026-10-10","total_days":1447,"total_observations":391508,"years_active":3.96,"days_since_update":0,"extinct":false}},{"type":"Feature","geometry":{"type":"Point","coordinates":[-84.5770183,34.1726881]},"properties":{"source":"AWN","station_id":"65ab0b0a8692eae69fa8b1e2","name":"JG Weatherman","earliest_date":"2025-01-27","latest_date":"2026-10-10","total_days":622,"total_observations":155363,"years_active":1.7,"days_since_update":0,"extinct":false}},{"type":"Feature","geometry":{"type":"Point","coordinates":[-84.3150243,34.1684298]},"properties":{"source":"AWN","station_id":"5f1dca751188a5000107e9de","name":"TW16081","earliest_date":"2022-06-07","latest_date":"2026-10-10","total_days":1580,"total_observations":428945,"years_active":4.33,"days_since_update":0,"extinct":false}},{"type":"Feature","geometry":{"type":"Point","coordinates":[-84.3461121,34.165381]},"properties":{"source":"AWN","station_id":"5f53b856f4460c0001ce4322","name":"Mark\u201a\u00c4\u00f4s Milton House","earliest_date":"2020-09-05","latest_date":"2026-07-28","total_days":2142,"total_observations":598752,"years_active":5.86,"days_since_update":74,"extinct":true}},{"type":"Feature","geometry":{"type":"Point","coordinates":[-84.5491,34.1643]},"properties":{"source":"AWN","station_id":"6774a73637d1b9309aaacf61","name":"The Pass of Caradhras","earliest_date":"2025-01-01","latest_date":"2026-10-10","total_days":576,"total_observations":151838,"years_active":1.58,"days_since_update":0,"extinct":false}},{"type":"Feature","geometry":{"type":"Point","coordinates":[-84.4764689,34.1641821]},"properties":{"source":"AWN","station_id":"601843f2f81d5b00010a477f","name":"Franklins","earliest_date":"2021-02-01","latest_date":"2026-10-10","total_days":2077,"total_observations":573573,"years_active":5.69,"days_since_update":0,"extinct":false}},{"type":"Feature","geometry":{"type":"Point","coordinates":[-84.2541784,34.1631963]},"properties":{"source":"AWN","station_id":"64d157b489103ebcb526856e","name":"Dr. ","earliest_date":"2023-08-07","latest_date":"2026-10-10","total_days":1150,"total_observations":305151,"years_active":3.15,"days_since_update":0,"extinct":false}},{"type":"Feature","geometry":{"type":"Point","coordinates":[-84.0800686,34.1629268]},"properties":{"source":"AWN","station_id":"61ea03c05cca6200016b7fae","name":"K4TSM Cope","earliest_date":"2024-04-06","latest_date":"2026-10-10","total_days":918,"total_observations":239660,"years_active":2.51,"days_since_update":0,"extinct":false}},{"type":"Feature","geometry":{"type":"Point","coordinates":[-84.6037,34.1596]},"properties":{"source":"AWN","station_id":"6764b0d9e2b0e6e3d3ef8c47","name":"Tenney home","earliest_date":"2024-12-19","latest_date":"2026-10-10","total_days":661,"total_observations":166296,"years_active":1.81,"days_since_update":0,"extinct":false}},{"type":"Feature","geometry":{"type":"Point","coordinates":[-84.3425236,34.1595001]},"properties":{"source":"AWN","station_id":"5dbb656e0ad26c018d981e26","name":"Forest Circle","earliest_date":"2025-04-02","latest_date":"2026-10-10","total_days":544,"total_observations":222615,"years_active":1.49,"days_since_update":0,"extinct":false}},{"type":"Feature","geometry":{"type":"Point","coordinates":[-84.6004207,34.1569939]},"properties":{"source":"AWN","station_id":"65871364ab70c429bc6f6911","name":"Traugh's WS","earliest_date":"2023-12-23","latest_date":"2026-10-10","total_days":1022,"total_observations":269259,"years_active":2.8,"days_since_update":0,"extinct":false}},{"type":"Feature","geometry":{"type":"Point","coordinates":[-84.2057491,34.1556602]},"properties":{"source":"AWN","station_id":"620058e438058a0001acd9b9","name":"Traditions - Atlanta Hwy (Hwy 9)","earliest_date":"2022-02-06","latest_date":"2026-10-10","total_days":1661,"total_observations":437946,"years_active":4.55,"days_since_update":0,"extinct":false}},{"type":"Feature","geometry":{"type":"Point","coordinates":[-84.3383263,34.1537383]},"properties":{"source":"AWN","station_id":"5ed2516977c3c600010e2b02","name":"John and Tami Milton House","earliest_date":"2025-07-01","latest_date":"2026-10-10","total_days":467,"total_observations":110306,"years_active":1.28,"days_since_update":0,"extinct":false}},{"type":"Feature","geometry":{"type":"Point","coordinates":[-84.2594284,34.1495976]},"properties":{"source":"AWN","station_id":"65725254d41281c71cd7bf9c","name":"My Weather Station","earliest_date":"2023-12-07","latest_date":"2026-10-10","total_days":1039,"total_observations":274659,"years_active":2.84,"days_since_update":0,"extinct":false}},{"type":"Feature","geometry":{"type":"Point","coordinates":[-84.37307447,34.14691234]},"properties":{"source":"AWN","station_id":"5bea15aff97832777a059331","name":"Rowe Road","earliest_date":"2024-01-14","latest_date":"2026-10-10","total_days":992,"total_observations":260711,"years_active":2.72,"days_since_update":0,"extinct":false}},{"type":"Feature","geometry":{"type":"Point","coordinates":[-84.2225203,34.1462693]},"properties":{"source":"AWN","station_id":"61d0e9fd06a6530001881c9c","name":"Larry's Station","earliest_date":"2023-10-19","latest_date":"2026-10-10","total_days":1066,"total_observations":271019,"years_active":2.92,"days_since_update":0,"extinct":false}},{"type":"Feature","geometry":{"type":"Point","coordinates":[-84.1638,34.1453]},"properties":{"source":"AWN","station_id":"68a9f8b7b6f7e7d1f72afdc5","name":"Majors Road","earliest_date":"2025-08-23","latest_date":"2026-10-10","total_days":414,"total_observations":95192,"years_active":1.13,"days_since_update":0,"extinct":false}},{"type":"Feature","geometry":{"type":"Point","coordinates":[-84.4033,34.1417]},"properties":{"source":"AWN","station_id":"690fa13c19e326de04463b30","name":"Home-MtRoad","earliest_date":"2025-11-08","latest_date":"2026-10-10","total_days":336,"total_observations":72791,"years_active":0.92,"days_since_update":0,"extinct":false}},{"type":"Feature","geometry":{"type":"Point","coordinates":[-84.5698405,34.1407071]},"properties":{"source":"AWN","station_id":"5fe79587ad6d820001750674","name":"Fort Funwerx WS1","earliest_date":"2020-12-26","latest_date":"2026-10-10","total_days":2107,"total_observations":580701,"years_active":5.77,"days_since_update":0,"extinct":false}},{"type":"Feature","geometry":{"type":"Point","coordinates":[-84.1004,34.1407]},"properties":{"source":"AWN","station_id":"679cf4f195600e638f8132fe","name":"Weather Station Alpha","earliest_date":"2025-01-31","latest_date":"2026-10-10","total_days":618,"total_observations":154048,"years_active":1.69,"days_since_update":0,"extinct":false}},{"type":"Feature","geometry":{"type":"Point","coordinates":[-84.2847606,34.1400802]},"properties":{"source":"AWN","station_id":"6579ded6072419161aec316d","name":"Liam\u201a\u00c4\u00f4s Weather Station","earliest_date":"2023-12-13","latest_date":"2026-10-10","total_days":1019,"total_observations":265994,"years_active":2.79,"days_since_update":0,"extinct":false}},{"type":"Feature","geometry":{"type":"Point","coordinates":[-84.5024479,34.1394238]},"properties":{"source":"AWN","station_id":"5e73e740372b1d6675fbaf08","name":"Leff Weather Station","earliest_date":"2022-12-09","latest_date":"2026-10-10","total_days":1397,"total_observations":376071,"years_active":3.82,"days_since_update":0,"extinct":false}},{"type":"Feature","geometry":{"type":"Point","coordinates":[-84.4469,34.1355]},"properties":{"source":"AWN","station_id":"677973182b6268daf0597f05","name":"Hendon road","earliest_date":"2025-01-04","latest_date":"2026-10-10","total_days":645,"total_observations":162010,"years_active":1.77,"days_since_update":0,"extinct":false}},{"type":"Feature","geometry":{"type":"Point","coordinates":[-84.4939242,34.1353112]},"properties":{"source":"AWN","station_id":"65a81b8d68cc1b455797403e","name":"Woodstock Station","earliest_date":"2024-01-17","latest_date":"2026-10-10","total_days":997,"total_observations":261508,"years_active":2.73,"days_since_update":0,"extinct":false}},{"type":"Feature","geometry":{"type":"Point","coordinates":[-84.1096,34.1341]},"properties":{"source":"AWN","station_id":"68cc815e5e84be2ce693eb2d","name":"My Weather Station","earliest_date":"2025-09-18","latest_date":"2026-10-10","total_days":388,"total_observations":87810,"years_active":1.06,"days_since_update":0,"extinct":false}},{"type":"Feature","geometry":{"type":"Point","coordinates":[-84.0157,34.1332]},"properties":{"source":"AWN","station_id":"685863ff1e2d08f106105eee","name":"Providence Crossing","earliest_date":"2025-06-22","latest_date":"2026-10-10","total_days":471,"total_observations":111621,"years_active":1.29,"days_since_update":0,"extinct":false}},{"type":"Feature","geometry":{"type":"Point","coordinates":[-84.2033991,34.1327063]},"properties":{"source":"AWN","station_id":"6647eb3e318fcfd914d16684","name":"Sunny Days","earliest_date":"2025-05-04","latest_date":"2026-10-10","total_days":522,"total_observations":125948,"years_active":1.43,"days_since_update":0,"extinct":false}},{"type":"Feature","geometry":{"type":"Point","coordinates":[-84.4187,34.1325]},"properties":{"source":"AWN","station_id":"603474eb0d6a270001443a2c","name":"Hug5k","earliest_date":"2021-02-23","latest_date":"2026-10-10","total_days":2055,"total_observations":567637,"years_active":5.63,"days_since_update":0,"extinct":false}},{"type":"Feature","geometry":{"type":"Point","coordinates":[-84.5296,34.1322]},"properties":{"source":"AWN","station_id":"684ec6877a4cc2d3f09c57c4","name":"Woodstock Backyard","earliest_date":"2025-06-15","latest_date":"2026-10-10","total_days":482,"total_observations":114572,"years_active":1.32,"days_since_update":0,"extinct":false}},{"type":"Feature","geometry":{"type":"Point","coordinates":[-84.0702,34.1314]},"properties":{"source":"AWN","station_id":"6904ee053669015276e3ea06","name":"Sugar Hill Community Garden","earliest_date":"2025-11-26","latest_date":"2026-10-10","total_days":319,"total_observations":68116,"years_active":0.87,"days_since_update":0,"extinct":false}},{"type":"Feature","geometry":{"type":"Point","coordinates":[-84.3947,34.1289]},"properties":{"source":"AWN","station_id":"676db8d0ce73b7b279e706be","name":"Quail Woods","earliest_date":"2024-12-26","latest_date":"2026-10-10","total_days":654,"total_observations":164778,"years_active":1.79,"days_since_update":0,"extinct":false}},{"type":"Feature","geometry":{"type":"Point","coordinates":[-84.4708732,34.1284214]},"properties":{"source":"AWN","station_id":"65a5844dfe5faf43d8f7eed1","name":"DEC weather station ","earliest_date":"2022-12-28","latest_date":"2026-10-10","total_days":1370,"total_observations":367988,"years_active":3.75,"days_since_update":0,"extinct":false}},{"type":"Feature","geometry":{"type":"Point","coordinates":[-84.1539812,34.128396]},"properties":{"source":"AWN","station_id":"641ed8c26a228a0001ee6b67","name":"Margate","earliest_date":"2023-10-30","latest_date":"2026-10-10","total_days":1077,"total_observations":284891,"years_active":2.95,"days_since_update":0,"extinct":false}},{"type":"Feature","geometry":{"type":"Point","coordinates":[-84.0612,34.127]},"properties":{"source":"AWN","station_id":"677abbda6506036d0a7cab0d","name":"rappellingchow","earliest_date":"2025-01-05","latest_date":"2026-10-10","total_days":644,"total_observations":161014,"years_active":1.76,"days_since_update":0,"extinct":false}},{"type":"Feature","geometry":{"type":"Point","coordinates":[-84.47066524,34.12576305]},"properties":{"source":"AWN","station_id":"64c6d13c0368b2f0409d203c","name":"DLM Weather Station","earliest_date":"2023-07-31","latest_date":"2026-10-10","total_days":1168,"total_observations":307466,"years_active":3.2,"days_since_update":0,"extinct":false}},{"type":"Feature","geometry":{"type":"Point","coordinates":[-84.3042,34.1251]},"properties":{"source":"AWN","station_id":"676cba4944054b2740226c7e","name":"Deer Pass Lodge","earliest_date":"2024-12-26","latest_date":"2026-10-10","total_days":654,"total_observations":164931,"years_active":1.79,"days_since_update":0,"extinct":false}},{"type":"Feature","geometry":{"type":"Point","coordinates":[-84.385231,34.1225694]},"properties":{"source":"AWN","station_id":"61a1531cc0e1de000107d2cc","name":"Riverlake","earliest_date":"2021-11-26","latest_date":"2026-10-10","total_days":1774,"total_observations":486507,"years_active":4.86,"days_since_update":0,"extinct":false}},{"type":"Feature","geometry":{"type":"Point","coordinates":[-83.9569,34.1223]},"properties":{"source":"AWN","station_id":"68864be9c784301d9348a8dd","name":"3319lily","earliest_date":"2025-07-27","latest_date":"2026-08-19","total_days":389,"total_observations":92216,"years_active":1.07,"days_since_update":52,"extinct":true}},{"type":"Feature","geometry":{"type":"Point","coordinates":[-84.297512,34.121822]},"properties":{"source":"AWN","station_id":"5a052cf3acb092000c75dccf","name":"Weather Station","earliest_date":"2018-06-21","latest_date":"2026-10-10","total_days":3033,"total_observations":751199,"years_active":8.3,"days_since_update":0,"extinct":false}},{"type":"Feature","geometry":{"type":"Point","coordinates":[-84.5635535,34.1213053]},"properties":{"source":"AWN","station_id":"6080a0814c7b370001c956e9","name":"Hooky Weather","earliest_date":"2023-11-04","latest_date":"2026-10-10","total_days":1072,"total_observations":289498,"years_active":2.93,"days_since_update":0,"extinct":false}},{"type":"Feature","geometry":{"type":"Point","coordinates":[-83.9347,34.12]},"properties":{"source":"AWN","station_id":"6772ba2599550faf1169ca21","name":"Breezella","earliest_date":"2024-12-30","latest_date":"2026-10-10","total_days":650,"total_observations":163649,"years_active":1.78,"days_since_update":0,"extinct":false}},{"type":"Feature","geometry":{"type":"Point","coordinates":[-84.2658836,34.1194026]},"properties":{"source":"AWN","station_id":"65ac015bbe08dac2b94e6b07","name":"Jackson Farm","earliest_date":"2024-01-20","latest_date":"2026-10-10","total_days":995,"total_observations":260170,"years_active":2.72,"days_since_update":0,"extinct":false}},{"type":"Feature","geometry":{"type":"Point","coordinates":[-84.1769587,34.1190739]},"properties":{"source":"AWN","station_id":"64bbf369d4bb82827bd98fa6","name":"Weather ","earliest_date":"2023-07-22","latest_date":"2026-10-10","total_days":1177,"total_observations":314327,"years_active":3.22,"days_since_update":0,"extinct":false}},{"type":"Feature","geometry":{"type":"Point","coordinates":[-84.1446885,34.1185875]},"properties":{"source":"AWN","station_id":"6593268e02deaa11bb9c6789","name":"MrBrisket Weather Station","earliest_date":"2025-01-22","latest_date":"2026-10-10","total_days":627,"total_observations":156381,"years_active":1.72,"days_since_update":0,"extinct":false}},{"type":"Feature","geometry":{"type":"Point","coordinates":[-84.0913641,34.117163]},"properties":{"source":"AWN","station_id":"63adbd72f9161a0001a1a15f","name":"Rogers Home","earliest_date":"2022-12-29","latest_date":"2026-10-04","total_days":1371,"total_observations":368756,"years_active":3.75,"days_since_update":6,"extinct":false}},{"type":"Feature","geometry":{"type":"Point","coordinates":[-84.3213,34.1162]},"properties":{"source":"AWN","station_id":"682552a5a566d77482477822","name":"HavenReserve","earliest_date":"2025-05-15","latest_date":"2026-10-10","total_days":513,"total_observations":123806,"years_active":1.4,"days_since_update":0,"extinct":false}},{"type":"Feature","geometry":{"type":"Point","coordinates":[-84.6317238,34.11606112]},"properties":{"source":"AWN","station_id":"6543ff5259431f96c00a65bb","name":"Slap","earliest_date":"2023-11-02","latest_date":"2026-10-10","total_days":1071,"total_observations":140653,"years_active":2.93,"days_since_update":0,"extinct":false}},{"type":"Feature","geometry":{"type":"Point","coordinates":[-84.5425489,34.1152966]},"properties":{"source":"AWN","station_id":"6574691fba338aed1f3cbf48","name":"My Weather Station","earliest_date":"2023-12-09","latest_date":"2026-10-10","total_days":1033,"total_observations":271734,"years_active":2.83,"days_since_update":0,"extinct":false}},{"type":"Feature","geometry":{"type":"Point","coordinates":[-84.5091306,34.1138598]},"properties":{"source":"AWN","station_id":"63a89436c0021a0001d42c23","name":"My Weather Station","earliest_date":"2022-12-25","latest_date":"2026-10-10","total_days":1383,"total_observations":372133,"years_active":3.79,"days_since_update":0,"extinct":false}},{"type":"Feature","geometry":{"type":"Point","coordinates":[-84.6002,34.1131]},"properties":{"source":"AWN","station_id":"68e42156861b60c4203c6409","name":"My Weather Station","earliest_date":"2025-10-06","latest_date":"2026-10-10","total_days":370,"total_observations":82540,"years_active":1.01,"days_since_update":0,"extinct":false}},{"type":"Feature","geometry":{"type":"Point","coordinates":[-84.0865573,34.1114945]},"properties":{"source":"AWN","station_id":"6620492338c00ce6afb6cc21","name":"Dorothy","earliest_date":"2024-04-17","latest_date":"2026-10-10","total_days":906,"total_observations":235142,"years_active":2.48,"days_since_update":0,"extinct":false}},{"type":"Feature","geometry":{"type":"Point","coordinates":[-84.0904868,34.11148]},"properties":{"source":"AWN","station_id":"60343dd3f7bf9700011b6395","name":"Wild Timber Weather","earliest_date":"2023-12-31","latest_date":"2026-10-10","total_days":1014,"total_observations":266926,"years_active":2.78,"days_since_update":0,"extinct":false}},{"type":"Feature","geometry":{"type":"Point","coordinates":[-83.9901813,34.1086487]},"properties":{"source":"AWN","station_id":"6611ce59853442fe2c424dcd","name":"Heritage","earliest_date":"2024-04-06","latest_date":"2026-10-10","total_days":918,"total_observations":238630,"years_active":2.51,"days_since_update":0,"extinct":false}},{"type":"Feature","geometry":{"type":"Point","coordinates":[-84.6555,34.1072]},"properties":{"source":"AWN","station_id":"676c5a21c9546e6dbc41120a","name":"My Weather Station","earliest_date":"2024-12-25","latest_date":"2026-10-10","total_days":655,"total_observations":164700,"years_active":1.79,"days_since_update":0,"extinct":false}},{"type":"Feature","geometry":{"type":"Point","coordinates":[-83.9423416,34.1066259]},"properties":{"source":"AWN","station_id":"63acfe228098140001af6466","name":"Two Willows Weather","earliest_date":"2022-12-29","latest_date":"2026-06-20","total_days":1268,"total_observations":353514,"years_active":3.47,"days_since_update":112,"extinct":true}},{"type":"Feature","geometry":{"type":"Point","coordinates":[-84.1297837,34.1064896]},"properties":{"source":"AWN","station_id":"601da6af88fbf90001c2d6e2","name":"Keystone Suwanee","earliest_date":"2022-10-30","latest_date":"2026-08-26","total_days":1391,"total_observations":377995,"years_active":3.81,"days_since_update":45,"extinct":true}},{"type":"Feature","geometry":{"type":"Point","coordinates":[-84.5608315,34.1061641]},"properties":{"source":"AWN","station_id":"63d5566f301a43000157557e","name":"Steve's weather station","earliest_date":"2021-04-26","latest_date":"2026-10-10","total_days":1961,"total_observations":537536,"years_active":5.37,"days_since_update":0,"extinct":false}},{"type":"Feature","geometry":{"type":"Point","coordinates":[-84.6562205,34.1047022]},"properties":{"source":"AWN","station_id":"60ce40099675ba00012c2b81","name":"Krehbiel Weather Station","earliest_date":"2022-10-25","latest_date":"2026-10-10","total_days":1445,"total_observations":391046,"years_active":3.96,"days_since_update":0,"extinct":false}},{"type":"Feature","geometry":{"type":"Point","coordinates":[-84.067304,34.1045477]},"properties":{"source":"AWN","station_id":"66e3861e75ef29b03c43c8b8","name":"LexingtonManor","earliest_date":"2024-09-13","latest_date":"2026-10-10","total_days":758,"total_observations":193114,"years_active":2.08,"days_since_update":0,"extinct":false}},{"type":"Feature","geometry":{"type":"Point","coordinates":[-84.1435548,34.1018294]},"properties":{"source":"AWN","station_id":"62dc4eca21913200014c3bee","name":"Laurel Springs Weather Station","earliest_date":"2024-02-27","latest_date":"2026-10-10","total_days":957,"total_observations":250637,"years_active":2.62,"days_since_update":0,"extinct":false}},{"type":"Feature","geometry":{"type":"Point","coordinates":[-84.5193754,34.1014873]},"properties":{"source":"AWN","station_id":"62c49533d6ea0a000123aadf","name":"Rockingham Weather Station","earliest_date":"2023-10-05","latest_date":"2026-10-10","total_days":1097,"total_observations":289964,"years_active":3.0,"days_since_update":0,"extinct":false}},{"type":"Feature","geometry":{"type":"Point","coordinates":[-84.43048464,34.10073368]},"properties":{"source":"AWN","station_id":"658b608bdc07a482779bf4f0","name":"TLBGarden Weather Station","earliest_date":"2023-12-26","latest_date":"2026-10-10","total_days":1009,"total_observations":265722,"years_active":2.76,"days_since_update":0,"extinct":false}},{"type":"Feature","geometry":{"type":"Point","coordinates":[-84.4722055,34.099548]},"properties":{"source":"AWN","station_id":"63de8239235dd3000128b702","name":"Puney02","earliest_date":"2023-02-04","latest_date":"2026-10-10","total_days":1326,"total_observations":355906,"years_active":3.63,"days_since_update":0,"extinct":false}},{"type":"Feature","geometry":{"type":"Point","coordinates":[-84.2273626,34.0978415]},"properties":{"source":"AWN","station_id":"66d0504c335048beca62f19c","name":"Syensqo_wx","earliest_date":"2025-11-07","latest_date":"2026-08-26","total_days":247,"total_observations":56694,"years_active":0.68,"days_since_update":45,"extinct":true}},{"type":"Feature","geometry":{"type":"Point","coordinates":[-83.867327,34.0973976]},"properties":{"source":"AWN","station_id":"60637a5dbbde9c000146954e","name":"DollHouseWeather","earliest_date":"2024-02-24","latest_date":"2026-10-10","total_days":935,"total_observations":238002,"years_active":2.56,"days_since_update":0,"extinct":false}},{"type":"Feature","geometry":{"type":"Point","coordinates":[-84.218,34.0969]},"properties":{"source":"AWN","station_id":"68ed6d3e1867a0a5af8a51ef","name":"Beacon Weather","earliest_date":"2025-10-13","latest_date":"2026-10-10","total_days":363,"total_observations":80733,"years_active":0.99,"days_since_update":0,"extinct":false}},{"type":"Feature","geometry":{"type":"Point","coordinates":[-84.0555,34.0951]},"properties":{"source":"AWN","station_id":"6863ef3a7a9dad4426e375da","name":"4906WS","earliest_date":"2025-07-01","latest_date":"2026-10-10","total_days":467,"total_observations":110847,"years_active":1.28,"days_since_update":0,"extinct":false}},{"type":"Feature","geometry":{"type":"Point","coordinates":[-84.5645,34.0937]},"properties":{"source":"AWN","station_id":"67f7189eac45452ec8109606","name":"Badgett Homestead","earliest_date":"2025-04-10","latest_date":"2026-10-10","total_days":549,"total_observations":134654,"years_active":1.5,"days_since_update":0,"extinct":false}},{"type":"Feature","geometry":{"type":"Point","coordinates":[-84.3485708,34.0934989]},"properties":{"source":"AWN","station_id":"65347ffaa5a098e22646e08d","name":"Heritage at Crabapple AW2000","earliest_date":"2023-10-22","latest_date":"2026-10-10","total_days":1085,"total_observations":287214,"years_active":2.97,"days_since_update":0,"extinct":false}},{"type":"Feature","geometry":{"type":"Point","coordinates":[-84.6404324,34.0926602]},"properties":{"source":"AWN","station_id":"64b6e00370253332edbf4fb6","name":"L2W Home","earliest_date":"2023-07-18","latest_date":"2026-10-10","total_days":1181,"total_observations":315389,"years_active":3.23,"days_since_update":0,"extinct":false}},{"type":"Feature","geometry":{"type":"Point","coordinates":[-84.46716971,34.09235809]},"properties":{"source":"AWN","station_id":"6444162f2dc80ff2fe4b543b","name":"Weatherstone","earliest_date":"2023-11-26","latest_date":"2026-10-10","total_days":981,"total_observations":236246,"years_active":2.69,"days_since_update":0,"extinct":false}},{"type":"Feature","geometry":{"type":"Point","coordinates":[-84.10405,34.0908412]},"properties":{"source":"AWN","station_id":"644d73fa728057195600063c","name":"Brendlynn Statio","earliest_date":"2025-10-20","latest_date":"2026-10-09","total_days":268,"total_observations":55703,"years_active":0.73,"days_since_update":1,"extinct":false}},{"type":"Feature","geometry":{"type":"Point","coordinates":[-84.338611,34.09]},"properties":{"source":"AWN","station_id":"62a7f12c88bfd60001bf5fbf","name":"My Weather Station","earliest_date":"2022-06-14","latest_date":"2026-10-10","total_days":1573,"total_observations":424721,"years_active":4.31,"days_since_update":0,"extinct":false}},{"type":"Feature","geometry":{"type":"Point","coordinates":[-84.0891,34.09]},"properties":{"source":"AWN","station_id":"67bb4bfebed76b00db317ce2","name":"Deer Valley Station","earliest_date":"2025-02-23","latest_date":"2026-07-06","total_days":499,"total_observations":130316,"years_active":1.37,"days_since_update":96,"extinct":true}},{"type":"Feature","geometry":{"type":"Point","coordinates":[-84.16952501,34.0876369]},"properties":{"source":"AWN","station_id":"669857a48c00eb4ba7b2c267","name":"MJNERIJR_Weather Station","earliest_date":"2024-07-17","latest_date":"2026-10-10","total_days":809,"total_observations":207052,"years_active":2.21,"days_since_update":0,"extinct":false}},{"type":"Feature","geometry":{"type":"Point","coordinates":[-84.1029774,34.0854157]},"properties":{"source":"AWN","station_id":"5f1dfa4770738f00018a1f46","name":"Edinburgh Weather","earliest_date":"2020-07-26","latest_date":"2026-10-10","total_days":2248,"total_observations":619930,"years_active":6.15,"days_since_update":0,"extinct":false}},{"type":"Feature","geometry":{"type":"Point","coordinates":[-83.9541255,34.0852095]},"properties":{"source":"AWN","station_id":"60bd14976884d000011d2c69","name":"Buford Weather","earliest_date":"2023-08-30","latest_date":"2026-10-10","total_days":1124,"total_observations":297940,"years_active":3.08,"days_since_update":0,"extinct":false}},{"type":"Feature","geometry":{"type":"Point","coordinates":[-83.9471,34.084]},"properties":{"source":"AWN","station_id":"68110bd1f3aa3fd63ca0c951","name":"Biltmore","earliest_date":"2025-04-29","latest_date":"2026-10-10","total_days":530,"total_observations":128566,"years_active":1.45,"days_since_update":0,"extinct":false}},{"type":"Feature","geometry":{"type":"Point","coordinates":[-84.3461326,34.0838047]},"properties":{"source":"AWN","station_id":"620ac2c297ee440001c140db","name":"My Weather Station","earliest_date":"2024-09-22","latest_date":"2026-10-10","total_days":749,"total_observations":190331,"years_active":2.05,"days_since_update":0,"extinct":false}},{"type":"Feature","geometry":{"type":"Point","coordinates":[-84.4763664,34.0835845]},"properties":{"source":"AWN","station_id":"5e8e252835dd4564a5e22a06","name":"OLAF","earliest_date":"2025-09-13","latest_date":"2026-10-10","total_days":346,"total_observations":75956,"years_active":0.95,"days_since_update":0,"extinct":false}},{"type":"Feature","geometry":{"type":"Point","coordinates":[-84.0220917,34.0790626]},"properties":{"source":"AWN","station_id":"637d2d4ecbdf7300010745d6","name":"Backyard","earliest_date":"2022-11-22","latest_date":"2026-10-10","total_days":1419,"total_observations":382731,"years_active":3.89,"days_since_update":0,"extinct":false}},{"type":"Feature","geometry":{"type":"Point","coordinates":[-84.5914618,34.0781803]},"properties":{"source":"AWN","station_id":"5e2102985020fc565ea9f9cd","name":"My Weather Station","earliest_date":"2025-08-30","latest_date":"2026-10-10","total_days":372,"total_observations":88219,"years_active":1.02,"days_since_update":0,"extinct":false}},{"type":"Feature","geometry":{"type":"Point","coordinates":[-84.3633,34.0779]},"properties":{"source":"AWN","station_id":"676ed77436d52709997fbea5","name":"Roswell Weather Station","earliest_date":"2024-12-27","latest_date":"2026-10-10","total_days":653,"total_observations":164370,"years_active":1.79,"days_since_update":0,"extinct":false}},{"type":"Feature","geometry":{"type":"Point","coordinates":[-84.0434073,34.0763984]},"properties":{"source":"AWN","station_id":"600cc7f3e3be540001c13cea","name":"Bob's Weather Station","earliest_date":"2025-10-17","latest_date":"2026-10-10","total_days":359,"total_observations":78907,"years_active":0.98,"days_since_update":0,"extinct":false}},{"type":"Feature","geometry":{"type":"Point","coordinates":[-84.2667475,34.0759261]},"properties":{"source":"AWN","station_id":"6429a357e804a800014feda6","name":"JQW","earliest_date":"2024-05-30","latest_date":"2026-10-10","total_days":859,"total_observations":221789,"years_active":2.35,"days_since_update":0,"extinct":false}},{"type":"Feature","geometry":{"type":"Point","coordinates":[-84.2940899,34.0753762]},"properties":{"source":"AWN","station_id":"644ec506c1e33f8250351528","name":"DuaneWeather","earliest_date":"2023-04-30","latest_date":"2026-10-10","total_days":1260,"total_observations":338251,"years_active":3.45,"days_since_update":0,"extinct":false}},{"type":"Feature","geometry":{"type":"Point","coordinates":[-84.076,34.0752]},"properties":{"source":"AWN","station_id":"6873fb3340d81b99894be418","name":"In The Forest II","earliest_date":"2025-07-13","latest_date":"2026-10-10","total_days":455,"total_observations":107139,"years_active":1.25,"days_since_update":0,"extinct":false}},{"type":"Feature","geometry":{"type":"Point","coordinates":[-84.4971904,34.0745475]},"properties":{"source":"AWN","station_id":"66e659bda9254463f5bd06e7","name":"MJ\u201a\u00c4\u00f4s Weather Station ","earliest_date":"2024-09-15","latest_date":"2026-10-10","total_days":733,"total_observations":334915,"years_active":2.01,"days_since_update":0,"extinct":false}},{"type":"Feature","geometry":{"type":"Point","coordinates":[-84.5832,34.0733]},"properties":{"source":"AWN","station_id":"6859ca72bf2716a1652c4375","name":"MeadowCreek","earliest_date":"2025-06-23","latest_date":"2026-10-10","total_days":475,"total_observations":112978,"years_active":1.3,"days_since_update":0,"extinct":false}},{"type":"Feature","geometry":{"type":"Point","coordinates":[-84.34832141,34.07316167]},"properties":{"source":"AWN","station_id":"5d59e07016a5134015f23cc8","name":"Saddle Creek East","earliest_date":"2020-10-25","latest_date":"2026-10-10","total_days":2171,"total_observations":596608,"years_active":5.94,"days_since_update":0,"extinct":false}},{"type":"Feature","geometry":{"type":"Point","coordinates":[-84.5726,34.0727]},"properties":{"source":"AWN","station_id":"67a9265ab4bf793460f41f58","name":"Mills Household","earliest_date":"2025-02-09","latest_date":"2026-10-10","total_days":609,"total_observations":151664,"years_active":1.67,"days_since_update":0,"extinct":false}},{"type":"Feature","geometry":{"type":"Point","coordinates":[-84.498,34.0727]},"properties":{"source":"AWN","station_id":"67757c8d6291bdc7d2f0ef22","name":"Jett_Rd_Weather","earliest_date":"2025-01-01","latest_date":"2026-10-10","total_days":640,"total_observations":160308,"years_active":1.75,"days_since_update":0,"extinct":false}},{"type":"Feature","geometry":{"type":"Point","coordinates":[-84.39182486,34.07227888]},"properties":{"source":"AWN","station_id":"658dfe28692bbed9c34bdcef","name":"My Weather Station","earliest_date":"2025-11-19","latest_date":"2026-10-10","total_days":313,"total_observations":67674,"years_active":0.86,"days_since_update":0,"extinct":false}},{"type":"Feature","geometry":{"type":"Point","coordinates":[-84.3507338,34.0720929]},"properties":{"source":"AWN","station_id":"663ff9771cb85fa72b52951d","name":"Saddle Creek","earliest_date":"2024-05-11","latest_date":"2026-10-10","total_days":883,"total_observations":228830,"years_active":2.42,"days_since_update":0,"extinct":false}},{"type":"Feature","geometry":{"type":"Point","coordinates":[-84.0852936,34.0713582]},"properties":{"source":"AWN","station_id":"658df9389bb5c1ff14c9e9cd","name":"Anderson ","earliest_date":"2025-11-13","latest_date":"2026-10-10","total_days":319,"total_observations":68419,"years_active":0.87,"days_since_update":0,"extinct":false}},{"type":"Feature","geometry":{"type":"Point","coordinates":[-84.4057555,34.0707037]},"properties":{"source":"AWN","station_id":"65e10baba1b91a4ef4e59b8c","name":"Home Station on","earliest_date":"2021-11-17","latest_date":"2026-10-10","total_days":1788,"total_observations":490048,"years_active":4.9,"days_since_update":0,"extinct":false}},{"type":"Feature","geometry":{"type":"Point","coordinates":[-83.8581,34.0692]},"properties":{"source":"AWN","station_id":"6727a0c5c5e8b5c7a0bd6c80","name":"Weather station ","earliest_date":"2024-11-03","latest_date":"2026-06-10","total_days":585,"total_observations":157435,"years_active":1.6,"days_since_update":122,"extinct":true}},{"type":"Feature","geometry":{"type":"Point","coordinates":[-84.6217283,34.0690538]},"properties":{"source":"AWN","station_id":"65849bf57babbb565cbe68d3","name":"Main Weather Station","earliest_date":"2023-12-21","latest_date":"2026-10-10","total_days":1025,"total_observations":270134,"years_active":2.81,"days_since_update":0,"extinct":false}},{"type":"Feature","geometry":{"type":"Point","coordinates":[-84.2026149,34.0683688]},"properties":{"source":"AWN","station_id":"600b5b13d7d8a9000118be0b","name":"W4GAP","earliest_date":"2024-06-25","latest_date":"2026-07-24","total_days":760,"total_observations":201623,"years_active":2.08,"days_since_update":78,"extinct":true}},{"type":"Feature","geometry":{"type":"Point","coordinates":[-84.0542196,34.0672266]},"properties":{"source":"AWN","station_id":"6213e7638c7d0c0001c36b7d","name":"Ulp House","earliest_date":"2022-02-21","latest_date":"2026-10-10","total_days":1693,"total_observations":463390,"years_active":4.64,"days_since_update":0,"extinct":false}},{"type":"Feature","geometry":{"type":"Point","coordinates":[-84.2005452,34.0664945]},"properties":{"source":"AWN","station_id":"65a2a7b3dc432a29f2f9e8d9","name":"Wingate Weather Johns Creek","earliest_date":"2024-01-13","latest_date":"2026-10-10","total_days":999,"total_observations":262761,"years_active":2.74,"days_since_update":0,"extinct":false}},{"type":"Feature","geometry":{"type":"Point","coordinates":[-84.3674921,34.0661399]},"properties":{"source":"AWN","station_id":"65a44909de9220519825236e","name":"Mac\u201a\u00c4\u00f4s Station","earliest_date":"2024-01-14","latest_date":"2026-10-10","total_days":1001,"total_observations":263266,"years_active":2.74,"days_since_update":0,"extinct":false}},{"type":"Feature","geometry":{"type":"Point","coordinates":[-84.6769,34.0659]},"properties":{"source":"AWN","station_id":"67bb9a7602fe7f7023544c46","name":"TheArtOfWeather","earliest_date":"2025-02-23","latest_date":"2026-10-10","total_days":595,"total_observations":146461,"years_active":1.63,"days_since_update":0,"extinct":false}},{"type":"Feature","geometry":{"type":"Point","coordinates":[-84.2265,34.0648]},"properties":{"source":"AWN","station_id":"5a05e2158e78b9000d0fd5c0","name":"Your House","earliest_date":"2018-06-21","latest_date":"2026-10-10","total_days":3031,"total_observations":765664,"years_active":8.3,"days_since_update":0,"extinct":false}},{"type":"Feature","geometry":{"type":"Point","coordinates":[-83.896,34.0641]},"properties":{"source":"AWN","station_id":"68261ab795e1e7f5eafd1426","name":"Ami's","earliest_date":"2025-05-15","latest_date":"2026-10-10","total_days":514,"total_observations":198131,"years_active":1.41,"days_since_update":0,"extinct":false}},{"type":"Feature","geometry":{"type":"Point","coordinates":[-84.3649,34.0638]},"properties":{"source":"AWN","station_id":"68a0913e769e3887583cad6c","name":"Veatch","earliest_date":"2025-08-16","latest_date":"2026-10-10","total_days":360,"total_observations":77907,"years_active":0.99,"days_since_update":0,"extinct":false}},{"type":"Feature","geometry":{"type":"Point","coordinates":[-84.6462,34.0631]},"properties":{"source":"AWN","station_id":"67f99de84add0fb4528bc260","name":"Acworth Ga @ 50ft","earliest_date":"2024-06-02","latest_date":"2026-10-10","total_days":860,"total_observations":223392,"years_active":2.35,"days_since_update":0,"extinct":false}},{"type":"Feature","geometry":{"type":"Point","coordinates":[-84.01958043,34.06230936]},"properties":{"source":"AWN","station_id":"5d55d05e8ebc353ff079f231","name":"Obi-weather","earliest_date":"2019-08-15","latest_date":"2026-10-10","total_days":2614,"total_observations":725911,"years_active":7.16,"days_since_update":0,"extinct":false}},{"type":"Feature","geometry":{"type":"Point","coordinates":[-84.4544724,34.0615245]},"properties":{"source":"AWN","station_id":"62b632b798f8fb000126d08c","name":"My Weather Station","earliest_date":"2022-06-25","latest_date":"2026-10-04","total_days":1554,"total_observations":423503,"years_active":4.25,"days_since_update":6,"extinct":false}},{"type":"Feature","geometry":{"type":"Point","coordinates":[-84.6755553,34.0606791]},"properties":{"source":"AWN","station_id":"5e9b52a2f82f7d652c108658","name":"Lakeview ","earliest_date":"2022-12-30","latest_date":"2026-10-10","total_days":1379,"total_observations":370121,"years_active":3.78,"days_since_update":0,"extinct":false}},{"type":"Feature","geometry":{"type":"Point","coordinates":[-84.4540828,34.0602275]},"properties":{"source":"AWN","station_id":"61b7868d85c40800014858d6","name":"HomeSweatHome","earliest_date":"2023-03-10","latest_date":"2026-10-10","total_days":1311,"total_observations":352387,"years_active":3.59,"days_since_update":0,"extinct":false}},{"type":"Feature","geometry":{"type":"Point","coordinates":[-84.4246588,34.0601379]},"properties":{"source":"AWN","station_id":"66ba1a35945b6de7c40e146b","name":"Weather 1","earliest_date":"2024-08-12","latest_date":"2026-10-10","total_days":790,"total_observations":202415,"years_active":2.16,"days_since_update":0,"extinct":false}},{"type":"Feature","geometry":{"type":"Point","coordinates":[-84.4899948,34.0595848]},"properties":{"source":"AWN","station_id":"63f4f33c0e9395000198100f","name":"North Landing Community","earliest_date":"2023-02-21","latest_date":"2026-10-10","total_days":1328,"total_observations":357463,"years_active":3.64,"days_since_update":0,"extinct":false}},{"type":"Feature","geometry":{"type":"Point","coordinates":[-84.4555258,34.0592876]},"properties":{"source":"AWN","station_id":"609816c9506bb60001f5dfc1","name":"My Weather Station","earliest_date":"2025-04-26","latest_date":"2026-10-10","total_days":533,"total_observations":129705,"years_active":1.46,"days_since_update":0,"extinct":false}},{"type":"Feature","geometry":{"type":"Point","coordinates":[-84.4882,34.0583]},"properties":{"source":"AWN","station_id":"6856ddfaddfc55a9ede69c5b","name":"Weather machine","earliest_date":"2025-06-21","latest_date":"2026-10-10","total_days":477,"total_observations":113688,"years_active":1.31,"days_since_update":0,"extinct":false}},{"type":"Feature","geometry":{"type":"Point","coordinates":[-84.4570101,34.0582304]},"properties":{"source":"AWN","station_id":"654ef1358fdb90e48c041423","name":"WigWeatherStation","earliest_date":"2023-11-11","latest_date":"2026-10-10","total_days":1065,"total_observations":282277,"years_active":2.92,"days_since_update":0,"extinct":false}},{"type":"Feature","geometry":{"type":"Point","coordinates":[-84.2383552,34.0569969]},"properties":{"source":"AWN","station_id":"65971d7e64081e336cf2f700","name":"DCWS","earliest_date":"2024-01-04","latest_date":"2026-10-10","total_days":990,"total_observations":129676,"years_active":2.71,"days_since_update":0,"extinct":false}},{"type":"Feature","geometry":{"type":"Point","coordinates":[-83.86492254,34.05699095]},"properties":{"source":"AWN","station_id":"604e199249d9730001fbbc36","name":"SIERRA_CREEK","earliest_date":"2025-09-06","latest_date":"2026-09-25","total_days":357,"total_observations":82803,"years_active":0.98,"days_since_update":15,"extinct":false}},{"type":"Feature","geometry":{"type":"Point","coordinates":[-84.4421893,34.0542263]},"properties":{"source":"AWN","station_id":"659affddb3af19b36ff75270","name":"fshields1951","earliest_date":"2024-01-07","latest_date":"2026-10-10","total_days":1008,"total_observations":265405,"years_active":2.76,"days_since_update":0,"extinct":false}},{"type":"Feature","geometry":{"type":"Point","coordinates":[-84.5150299,34.0536761]},"properties":{"source":"AWN","station_id":"5c4bc89220591177c0689988","name":"Benjamin\u201a\u00c4\u00f4s Weather Station","earliest_date":"2020-06-15","latest_date":"2026-10-10","total_days":2305,"total_observations":635860,"years_active":6.31,"days_since_update":0,"extinct":false}},{"type":"Feature","geometry":{"type":"Point","coordinates":[-84.520985,34.0535041]},"properties":{"source":"AWN","station_id":"61c607f7b71d710001ad02ff","name":"B&B","earliest_date":"2021-12-24","latest_date":"2026-10-10","total_days":1733,"total_observations":472150,"years_active":4.74,"days_since_update":0,"extinct":false}},{"type":"Feature","geometry":{"type":"Point","coordinates":[-84.4515,34.0528]},"properties":{"source":"AWN","station_id":"68a9d82a4b19cb5743087bf9","name":"Weather01","earliest_date":"2025-08-23","latest_date":"2026-10-10","total_days":339,"total_observations":80872,"years_active":0.93,"days_since_update":0,"extinct":false}},{"type":"Feature","geometry":{"type":"Point","coordinates":[-83.9407,34.0525]},"properties":{"source":"AWN","station_id":"672afb202d1b5999b37e7f87","name":"AmberCreek","earliest_date":"2025-08-01","latest_date":"2026-10-10","total_days":436,"total_observations":101732,"years_active":1.19,"days_since_update":0,"extinct":false}},{"type":"Feature","geometry":{"type":"Point","coordinates":[-84.4796,34.0524]},"properties":{"source":"AWN","station_id":"6779a816f6b7c45b376936bf","name":"Incognito","earliest_date":"2025-01-04","latest_date":"2026-10-10","total_days":645,"total_observations":162090,"years_active":1.77,"days_since_update":0,"extinct":false}},{"type":"Feature","geometry":{"type":"Point","coordinates":[-84.6299,34.0504]},"properties":{"source":"AWN","station_id":"6806709cae5d2fc6c205050d","name":"Home Weather","earliest_date":"2025-08-21","latest_date":"2026-10-10","total_days":400,"total_observations":45546,"years_active":1.1,"days_since_update":0,"extinct":false}},{"type":"Feature","geometry":{"type":"Point","coordinates":[-84.3492255,34.0475715]},"properties":{"source":"AWN","station_id":"630ff5841c06f9000187b4c8","name":"Mrzuty Court","earliest_date":"2022-09-01","latest_date":"2026-08-31","total_days":1447,"total_observations":387851,"years_active":3.96,"days_since_update":40,"extinct":true}},{"type":"Feature","geometry":{"type":"Point","coordinates":[-84.1913548,34.047221]},"properties":{"source":"AWN","station_id":"631cdb95685f8b0001ff6e04","name":"Creekside Crossing 42","earliest_date":"2025-10-10","latest_date":"2026-10-10","total_days":358,"total_observations":77989,"years_active":0.98,"days_since_update":0,"extinct":false}},{"type":"Feature","geometry":{"type":"Point","coordinates":[-83.9058273,34.0464848]},"properties":{"source":"AWN","station_id":"632619bb70e26900019ea967","name":"HMWeather1","earliest_date":"2022-09-17","latest_date":"2026-07-07","total_days":1386,"total_observations":384303,"years_active":3.79,"days_since_update":95,"extinct":true}},{"type":"Feature","geometry":{"type":"Point","coordinates":[-83.9403,34.0459]},"properties":{"source":"AWN","station_id":"680bc126d485f132c7a852f5","name":"Natalie's Weather Station","earliest_date":"2025-04-25","latest_date":"2026-10-10","total_days":534,"total_observations":130101,"years_active":1.46,"days_since_update":0,"extinct":false}},{"type":"Feature","geometry":{"type":"Point","coordinates":[-84.0067,34.0458]},"properties":{"source":"AWN","station_id":"68d41d55d399e26665f7cacb","name":"Home","earliest_date":"2025-09-24","latest_date":"2026-10-10","total_days":382,"total_observations":86247,"years_active":1.05,"days_since_update":0,"extinct":false}},{"type":"Feature","geometry":{"type":"Point","coordinates":[-84.0457665,34.0455683]},"properties":{"source":"AWN","station_id":"66678eec616f66abfa5cd80e","name":"My Weather Station","earliest_date":"2024-06-10","latest_date":"2026-10-10","total_days":853,"total_observations":219843,"years_active":2.34,"days_since_update":0,"extinct":false}},{"type":"Feature","geometry":{"type":"Point","coordinates":[-84.50778389,34.0429307]},"properties":{"source":"AWN","station_id":"65b6f6aa0e81915dc727455c","name":"Grapes","earliest_date":"2024-01-29","latest_date":"2026-10-10","total_days":983,"total_observations":258566,"years_active":2.69,"days_since_update":0,"extinct":false}},{"type":"Feature","geometry":{"type":"Point","coordinates":[-84.2106288,34.0427517]},"properties":{"source":"AWN","station_id":"665b10b39ca2c293f8ac680d","name":"Weather","earliest_date":"2024-06-01","latest_date":"2026-10-10","total_days":862,"total_observations":223355,"years_active":2.36,"days_since_update":0,"extinct":false}},{"type":"Feature","geometry":{"type":"Point","coordinates":[-84.2749746,34.042747]},"properties":{"source":"AWN","station_id":"64b19438ecb2b16632d8c429","name":"My Weather Station","earliest_date":"2025-07-26","latest_date":"2026-10-10","total_days":442,"total_observations":103237,"years_active":1.21,"days_since_update":0,"extinct":false}},{"type":"Feature","geometry":{"type":"Point","coordinates":[-83.8652,34.0424]},"properties":{"source":"AWN","station_id":"673e7c4d2eec203cc29e0989","name":"Marty\u201a\u00c4\u00f4s Weather","earliest_date":"2024-11-21","latest_date":"2026-10-10","total_days":689,"total_observations":174401,"years_active":1.89,"days_since_update":0,"extinct":false}},{"type":"Feature","geometry":{"type":"Point","coordinates":[-84.5930778,34.0395799]},"properties":{"source":"AWN","station_id":"63346fdb07b42f0001fbff6e","name":"WINN\u201a\u00c4\u00f4S WEATHER STATION","earliest_date":"2022-09-29","latest_date":"2026-10-10","total_days":1462,"total_observations":397265,"years_active":4.0,"days_since_update":0,"extinct":false}},{"type":"Feature","geometry":{"type":"Point","coordinates":[-84.4021,34.0393]},"properties":{"source":"AWN","station_id":"6865c74f69d4e4463d6b743e","name":"Weather Wizard","earliest_date":"2025-07-02","latest_date":"2026-10-10","total_days":409,"total_observations":92966,"years_active":1.12,"days_since_update":0,"extinct":false}},{"type":"Feature","geometry":{"type":"Point","coordinates":[-84.4494692,34.039091]},"properties":{"source":"AWN","station_id":"5fe4f923289aea00018fcfd5","name":"Home","earliest_date":"2020-12-24","latest_date":"2026-10-10","total_days":2107,"total_observations":578441,"years_active":5.77,"days_since_update":0,"extinct":false}},{"type":"Feature","geometry":{"type":"Point","coordinates":[-84.0076328,34.0390419]},"properties":{"source":"AWN","station_id":"6592e289f0fedc897d0c2a99","name":"My weather station","earliest_date":"2024-01-01","latest_date":"2026-10-10","total_days":1014,"total_observations":267065,"years_active":2.78,"days_since_update":0,"extinct":false}},{"type":"Feature","geometry":{"type":"Point","coordinates":[-84.3595,34.0385]},"properties":{"source":"AWN","station_id":"676c3a3cee47d58c7fcab9e5","name":"Roswell Station","earliest_date":"2024-12-25","latest_date":"2026-10-10","total_days":653,"total_observations":163869,"years_active":1.79,"days_since_update":0,"extinct":false}},{"type":"Feature","geometry":{"type":"Point","coordinates":[-84.61015828,34.03726101]},"properties":{"source":"AWN","station_id":"64399c6e3a07b80001b371bc","name":"Smith Dr","earliest_date":"2023-04-14","latest_date":"2026-08-20","total_days":1152,"total_observations":318505,"years_active":3.15,"days_since_update":51,"extinct":true}},{"type":"Feature","geometry":{"type":"Point","coordinates":[-84.4722101,34.03617216]},"properties":{"source":"AWN","station_id":"63b335a39310cb00017a17b8","name":"Shirley\u201a\u00c4\u00f4s weather ","earliest_date":"2023-01-02","latest_date":"2026-10-10","total_days":1234,"total_observations":345478,"years_active":3.38,"days_since_update":0,"extinct":false}},{"type":"Feature","geometry":{"type":"Point","coordinates":[-84.6416,34.0359]},"properties":{"source":"AWN","station_id":"64f68e464fea6fc53ef5237f","name":"Weatherscan Resurrected","earliest_date":"2025-03-15","latest_date":"2026-10-10","total_days":575,"total_observations":141680,"years_active":1.57,"days_since_update":0,"extinct":false}},{"type":"Feature","geometry":{"type":"Point","coordinates":[-84.7355,34.0353]},"properties":{"source":"AWN","station_id":"685a914aca23719943a022fa","name":"Evergreen NCACA","earliest_date":"2025-06-24","latest_date":"2026-05-16","total_days":327,"total_observations":333463,"years_active":0.9,"days_since_update":147,"extinct":true}},{"type":"Feature","geometry":{"type":"Point","coordinates":[-84.1742,34.0347]},"properties":{"source":"AWN","station_id":"666e0506bbf11e39bff318c8","name":"Johns Creek","earliest_date":"2024-06-15","latest_date":"2026-10-10","total_days":848,"total_observations":219099,"years_active":2.32,"days_since_update":0,"extinct":false}},{"type":"Feature","geometry":{"type":"Point","coordinates":[-84.4025,34.0335]},"properties":{"source":"AWN","station_id":"681254f83a68edf5d10b4cc2","name":"Shallowford Park ","earliest_date":"2025-04-30","latest_date":"2026-10-10","total_days":529,"total_observations":128484,"years_active":1.45,"days_since_update":0,"extinct":false}},{"type":"Feature","geometry":{"type":"Point","coordinates":[-84.376124,34.0334062]},"properties":{"source":"AWN","station_id":"65986f4f915e98d6d4dd5eb0","name":"Lakehouse","earliest_date":"2024-01-05","latest_date":"2026-10-10","total_days":955,"total_observations":246451,"years_active":2.61,"days_since_update":0,"extinct":false}},{"type":"Feature","geometry":{"type":"Point","coordinates":[-84.5922596,34.0332092]},"properties":{"source":"AWN","station_id":"658b178f5a365759308f36ec","name":"Rain E Day","earliest_date":"2024-11-29","latest_date":"2026-10-10","total_days":681,"total_observations":170795,"years_active":1.86,"days_since_update":0,"extinct":false}},{"type":"Feature","geometry":{"type":"Point","coordinates":[-84.3884743,34.033138]},"properties":{"source":"AWN","station_id":"61fec057decb750001e01b42","name":"Austin Weather Station","earliest_date":"2022-02-05","latest_date":"2026-10-10","total_days":1705,"total_observations":463299,"years_active":4.67,"days_since_update":0,"extinct":false}},{"type":"Feature","geometry":{"type":"Point","coordinates":[-84.23293182,34.03244857]},"properties":{"source":"AWN","station_id":"6292c608a72ef900013c8752","name":"Weather station 2","earliest_date":"2022-05-29","latest_date":"2026-10-10","total_days":1591,"total_observations":432643,"years_active":4.36,"days_since_update":0,"extinct":false}},{"type":"Feature","geometry":{"type":"Point","coordinates":[-84.1137636,34.03]},"properties":{"source":"AWN","station_id":"65b17afcc7d85485ee6c6136","name":"My Weather Station","earliest_date":"2024-01-24","latest_date":"2026-10-10","total_days":989,"total_observations":259151,"years_active":2.71,"days_since_update":0,"extinct":false}},{"type":"Feature","geometry":{"type":"Point","coordinates":[-83.9814714,34.0295037]},"properties":{"source":"AWN","station_id":"6637b8ce879090ba2415ed8a","name":"Law49","earliest_date":"2024-05-05","latest_date":"2026-10-10","total_days":877,"total_observations":225057,"years_active":2.4,"days_since_update":0,"extinct":false}},{"type":"Feature","geometry":{"type":"Point","coordinates":[-84.5133,34.0291]},"properties":{"source":"AWN","station_id":"67793de980893c82d191868c","name":"Kelly\u201a\u00c4\u00f4s weather station","earliest_date":"2025-01-04","latest_date":"2026-10-10","total_days":645,"total_observations":162113,"years_active":1.77,"days_since_update":0,"extinct":false}},{"type":"Feature","geometry":{"type":"Point","coordinates":[-83.946206,34.0287949]},"properties":{"source":"AWN","station_id":"657f1914d8d7b8dafc3b78d4","name":"The Lake","earliest_date":"2025-07-27","latest_date":"2026-10-10","total_days":441,"total_observations":103297,"years_active":1.21,"days_since_update":0,"extinct":false}},{"type":"Feature","geometry":{"type":"Point","coordinates":[-84.3042539,34.0287506]},"properties":{"source":"AWN","station_id":"6429f1a6c459730001406b6b","name":"Seangela","earliest_date":"2023-04-02","latest_date":"2026-10-10","total_days":1282,"total_observations":343412,"years_active":3.51,"days_since_update":0,"extinct":false}},{"type":"Feature","geometry":{"type":"Point","coordinates":[-84.2605,34.0285]},"properties":{"source":"AWN","station_id":"674c824b2346a368282d37a0","name":"Scott's Weather Station","earliest_date":"2024-12-01","latest_date":"2026-10-10","total_days":678,"total_observations":170537,"years_active":1.86,"days_since_update":0,"extinct":false}},{"type":"Feature","geometry":{"type":"Point","coordinates":[-84.3416544,34.0266574]},"properties":{"source":"AWN","station_id":"6345bc1ad001d20001daab8a","name":"Garden Station","earliest_date":"2022-10-11","latest_date":"2026-10-09","total_days":1441,"total_observations":390238,"years_active":3.95,"days_since_update":1,"extinct":false}},{"type":"Feature","geometry":{"type":"Point","coordinates":[-84.238561,34.0262582]},"properties":{"source":"AWN","station_id":"65e612741c5b4e72999b1468","name":"Backyard Weather","earliest_date":"2024-03-04","latest_date":"2026-10-10","total_days":951,"total_observations":247874,"years_active":2.6,"days_since_update":0,"extinct":false}},{"type":"Feature","geometry":{"type":"Point","coordinates":[-84.4390959,34.0260169]},"properties":{"source":"AWN","station_id":"605791fdadf39800012778ec","name":"Hawthorne Atlanta","earliest_date":"2021-03-21","latest_date":"2026-10-10","total_days":2018,"total_observations":554658,"years_active":5.52,"days_since_update":0,"extinct":false}},{"type":"Feature","geometry":{"type":"Point","coordinates":[-84.4375,34.0248]},"properties":{"source":"AWN","station_id":"679e2d1e27c024649ed86eb8","name":"Lassiter Road - Rolling Acres","earliest_date":"2025-02-01","latest_date":"2026-10-10","total_days":617,"total_observations":153473,"years_active":1.69,"days_since_update":0,"extinct":false}},{"type":"Feature","geometry":{"type":"Point","coordinates":[-84.1875,34.0244]},"properties":{"source":"AWN","station_id":"65bd7a8e917b69f09f4a4c99","name":"My Weather Station","earliest_date":"2025-06-30","latest_date":"2026-10-10","total_days":468,"total_observations":110209,"years_active":1.28,"days_since_update":0,"extinct":false}},{"type":"Feature","geometry":{"type":"Point","coordinates":[-84.0928494,34.0235171]},"properties":{"source":"AWN","station_id":"5e0bb28168fdc757d6603485","name":"Maple Ridge","earliest_date":"2019-12-31","latest_date":"2026-10-10","total_days":2452,"total_observations":678608,"years_active":6.71,"days_since_update":0,"extinct":false}},{"type":"Feature","geometry":{"type":"Point","coordinates":[-84.6154897,34.0234337]},"properties":{"source":"AWN","station_id":"63aa072018782600018fa6ef","name":"KGAKENNE182","earliest_date":"2022-12-26","latest_date":"2026-10-10","total_days":1385,"total_observations":373781,"years_active":3.79,"days_since_update":0,"extinct":false}},{"type":"Feature","geometry":{"type":"Point","coordinates":[-84.3615555,34.0232431]},"properties":{"source":"AWN","station_id":"65863bfd45fa7b1c835d99eb","name":"Rfd Roswell","earliest_date":"2023-12-23","latest_date":"2026-10-10","total_days":1023,"total_observations":269490,"years_active":2.8,"days_since_update":0,"extinct":false}},{"type":"Feature","geometry":{"type":"Point","coordinates":[-84.2075,34.0232]},"properties":{"source":"AWN","station_id":"677087d564f7bf8e22f275a4","name":"Laithbank","earliest_date":"2024-12-29","latest_date":"2026-10-10","total_days":651,"total_observations":163915,"years_active":1.78,"days_since_update":0,"extinct":false}},{"type":"Feature","geometry":{"type":"Point","coordinates":[-84.4402,34.0224]},"properties":{"source":"AWN","station_id":"68eaaab0ab6094a40dd54dec","name":"ES PWS","earliest_date":"2025-10-11","latest_date":"2026-10-10","total_days":365,"total_observations":80753,"years_active":1.0,"days_since_update":0,"extinct":false}},{"type":"Feature","geometry":{"type":"Point","coordinates":[-84.7323,34.0217]},"properties":{"source":"AWN","station_id":"67770dec44ab28300561e64d","name":"Cheatham Court Weather","earliest_date":"2025-01-02","latest_date":"2026-10-10","total_days":647,"total_observations":162760,"years_active":1.77,"days_since_update":0,"extinct":false}},{"type":"Feature","geometry":{"type":"Point","coordinates":[-84.1615897,34.0214541]},"properties":{"source":"AWN","station_id":"5fcd2d6b60a142000100b90e","name":"Dills Weather","earliest_date":"2020-12-06","latest_date":"2026-10-10","total_days":2121,"total_observations":583065,"years_active":5.81,"days_since_update":0,"extinct":false}},{"type":"Feature","geometry":{"type":"Point","coordinates":[-84.4447117,34.0213491]},"properties":{"source":"AWN","station_id":"5feb8f5000ea2b000123c98e","name":"FedererGOAT ","earliest_date":"2024-06-15","latest_date":"2026-09-21","total_days":829,"total_observations":215561,"years_active":2.27,"days_since_update":19,"extinct":false}},{"type":"Feature","geometry":{"type":"Point","coordinates":[-84.0914,34.0213]},"properties":{"source":"AWN","station_id":"6835acc71b68aa77a2eefe81","name":"BSM4","earliest_date":"2025-05-27","latest_date":"2026-10-10","total_days":491,"total_observations":116846,"years_active":1.34,"days_since_update":0,"extinct":false}},{"type":"Feature","geometry":{"type":"Point","coordinates":[-84.5030249,34.021115]},"properties":{"source":"AWN","station_id":"5e41c6c39f8cca64cc9a411d","name":"Macby Creekside","earliest_date":"2020-02-10","latest_date":"2026-10-10","total_days":2428,"total_observations":671042,"years_active":6.65,"days_since_update":0,"extinct":false}},{"type":"Feature","geometry":{"type":"Point","coordinates":[-83.9369125,34.0197215]},"properties":{"source":"AWN","station_id":"5ec6d597ab2b400001c59488","name":" Kale City","earliest_date":"2020-05-21","latest_date":"2026-10-10","total_days":2298,"total_observations":635769,"years_active":6.29,"days_since_update":0,"extinct":false}},{"type":"Feature","geometry":{"type":"Point","coordinates":[-84.1393956,34.0160882]},"properties":{"source":"AWN","station_id":"5ffce88f5442010001a0dfe4","name":"Carriage Gate","earliest_date":"2025-07-06","latest_date":"2026-10-10","total_days":462,"total_observations":109263,"years_active":1.26,"days_since_update":0,"extinct":false}},{"type":"Feature","geometry":{"type":"Point","coordinates":[-84.5986099,34.01306]},"properties":{"source":"AWN","station_id":"5d559f98838e6483b722e60e","name":"KRYY","earliest_date":"2019-08-15","latest_date":"2026-10-10","total_days":2599,"total_observations":166292,"years_active":7.12,"days_since_update":0,"extinct":false}},{"type":"Feature","geometry":{"type":"Point","coordinates":[-84.5388054,34.012452]},"properties":{"source":"AWN","station_id":"6429daa4bb247c0001c8c4ba","name":"Home Weather","earliest_date":"2023-04-02","latest_date":"2026-07-27","total_days":1211,"total_observations":330567,"years_active":3.32,"days_since_update":75,"extinct":true}},{"type":"Feature","geometry":{"type":"Point","coordinates":[-84.7093,34.0097]},"properties":{"source":"AWN","station_id":"67f907bdf89c45841ef39860","name":"Camden Pointe","earliest_date":"2025-04-11","latest_date":"2026-10-10","total_days":548,"total_observations":134256,"years_active":1.5,"days_since_update":0,"extinct":false}},{"type":"Feature","geometry":{"type":"Point","coordinates":[-84.4709552,34.0093387]},"properties":{"source":"AWN","station_id":"63c75dfe4ac72700010b3a55","name":"Lantis3 Weather Station","earliest_date":"2023-01-18","latest_date":"2026-10-10","total_days":1359,"total_observations":367027,"years_active":3.72,"days_since_update":0,"extinct":false}},{"type":"Feature","geometry":{"type":"Point","coordinates":[-84.4158,34.0087]},"properties":{"source":"AWN","station_id":"687681375e4984dc02af40b2","name":"Wx Joan","earliest_date":"2025-07-15","latest_date":"2026-10-10","total_days":453,"total_observations":106683,"years_active":1.24,"days_since_update":0,"extinct":false}},{"type":"Feature","geometry":{"type":"Point","coordinates":[-84.6404,34.0076]},"properties":{"source":"AWN","station_id":"67b52940f8ac199c983c6daa","name":"Macie's Weather","earliest_date":"2025-02-19","latest_date":"2026-10-10","total_days":599,"total_observations":149125,"years_active":1.64,"days_since_update":0,"extinct":false}},{"type":"Feature","geometry":{"type":"Point","coordinates":[-84.1567,34.0069]},"properties":{"source":"AWN","station_id":"6770656ca842e8f73b3ddd15","name":"EWhipDuluth","earliest_date":"2024-12-28","latest_date":"2026-10-10","total_days":652,"total_observations":164039,"years_active":1.79,"days_since_update":0,"extinct":false}},{"type":"Feature","geometry":{"type":"Point","coordinates":[-84.5014,34.0067]},"properties":{"source":"AWN","station_id":"6822198bdb97c3d33756d028","name":"Cedar Grove","earliest_date":"2025-05-12","latest_date":"2026-10-10","total_days":508,"total_observations":122210,"years_active":1.39,"days_since_update":0,"extinct":false}},{"type":"Feature","geometry":{"type":"Point","coordinates":[-84.5170797,34.0049007]},"properties":{"source":"AWN","station_id":"63b87a4e0f1f1d0001248ae0","name":"KandG","earliest_date":"2023-01-06","latest_date":"2026-10-10","total_days":1373,"total_observations":366672,"years_active":3.76,"days_since_update":0,"extinct":false}},{"type":"Feature","geometry":{"type":"Point","coordinates":[-84.1189189,34.0035112]},"properties":{"source":"AWN","station_id":"60ce4722aa20a700010a70a9","name":"SapperHome","earliest_date":"2022-02-27","latest_date":"2026-10-10","total_days":1679,"total_observations":456695,"years_active":4.6,"days_since_update":0,"extinct":false}},{"type":"Feature","geometry":{"type":"Point","coordinates":[-84.4656792,34.0029623]},"properties":{"source":"AWN","station_id":"5f601165333ff60001624208","name":"Saqqara","earliest_date":"2020-09-15","latest_date":"2026-10-10","total_days":2202,"total_observations":607726,"years_active":6.03,"days_since_update":0,"extinct":false}},{"type":"Feature","geometry":{"type":"Point","coordinates":[-84.6857878,34.0014308]},"properties":{"source":"AWN","station_id":"637e023e7726890001453466","name":"My Weather Station","earliest_date":"2022-11-23","latest_date":"2026-10-10","total_days":1399,"total_observations":376572,"years_active":3.83,"days_since_update":0,"extinct":false}},{"type":"Feature","geometry":{"type":"Point","coordinates":[-84.6269457,33.9992601]},"properties":{"source":"AWN","station_id":"669ee29698e6fc2b1d7ae911","name":"kweather","earliest_date":"2025-06-14","latest_date":"2026-10-10","total_days":477,"total_observations":112950,"years_active":1.31,"days_since_update":0,"extinct":false}},{"type":"Feature","geometry":{"type":"Point","coordinates":[-83.918221,33.9989025]},"properties":{"source":"AWN","station_id":"61314d13b16cdb00018aa262","name":"APALACHEE WOODS WEATHER STATION","earliest_date":"2021-09-02","latest_date":"2026-10-10","total_days":1857,"total_observations":508894,"years_active":5.08,"days_since_update":0,"extinct":false}},{"type":"Feature","geometry":{"type":"Point","coordinates":[-84.044806,33.9986482]},"properties":{"source":"AWN","station_id":"5f6ce7299d12e200016af375","name":"Steve Home","earliest_date":"2020-09-24","latest_date":"2026-10-10","total_days":2187,"total_observations":600950,"years_active":5.99,"days_since_update":0,"extinct":false}},{"type":"Feature","geometry":{"type":"Point","coordinates":[-84.4114,33.9986]},"properties":{"source":"AWN","station_id":"676c66a3115c144fcf334485","name":"Jack home","earliest_date":"2024-12-25","latest_date":"2026-10-10","total_days":655,"total_observations":164665,"years_active":1.79,"days_since_update":0,"extinct":false}},{"type":"Feature","geometry":{"type":"Point","coordinates":[-84.6309,33.9971]},"properties":{"source":"AWN","station_id":"68bc7a46144f3d3debcba97b","name":"dwb1898","earliest_date":"2025-09-06","latest_date":"2026-10-10","total_days":399,"total_observations":90790,"years_active":1.09,"days_since_update":0,"extinct":false}},{"type":"Feature","geometry":{"type":"Point","coordinates":[-84.4714676,33.9961902]},"properties":{"source":"AWN","station_id":"65989a8d7bd695566632a1a7","name":"My Weather Station","earliest_date":"2025-02-20","latest_date":"2026-10-10","total_days":590,"total_observations":145649,"years_active":1.62,"days_since_update":0,"extinct":false}},{"type":"Feature","geometry":{"type":"Point","coordinates":[-84.4281,33.9946]},"properties":{"source":"AWN","station_id":"67a778a42aa4c812ec998df7","name":"Pool Sensor","earliest_date":"2025-02-08","latest_date":"2026-10-10","total_days":598,"total_observations":148368,"years_active":1.64,"days_since_update":0,"extinct":false}},{"type":"Feature","geometry":{"type":"Point","coordinates":[-84.29906958,33.99447079]},"properties":{"source":"AWN","station_id":"6252f7ff10aea000013f0a37","name":"Brayward","earliest_date":"2022-04-10","latest_date":"2026-10-10","total_days":1638,"total_observations":446597,"years_active":4.48,"days_since_update":0,"extinct":false}},{"type":"Feature","geometry":{"type":"Point","coordinates":[-84.0129538,33.9942346]},"properties":{"source":"AWN","station_id":"658f955314da46d6976d0d8a","name":"home","earliest_date":"2023-12-30","latest_date":"2026-10-10","total_days":1016,"total_observations":267676,"years_active":2.78,"days_since_update":0,"extinct":false}},{"type":"Feature","geometry":{"type":"Point","coordinates":[-84.077,33.9937]},"properties":{"source":"AWN","station_id":"67f69ca930a87a617ec3c301","name":"KIKWeather","earliest_date":"2025-04-08","latest_date":"2026-10-10","total_days":551,"total_observations":223745,"years_active":1.51,"days_since_update":0,"extinct":false}},{"type":"Feature","geometry":{"type":"Point","coordinates":[-84.3134212,33.9914273]},"properties":{"source":"AWN","station_id":"64ceeb3d90c98a8625bb19e3","name":"My Weather Station","earliest_date":"2023-08-05","latest_date":"2026-10-10","total_days":1155,"total_observations":307049,"years_active":3.16,"days_since_update":0,"extinct":false}},{"type":"Feature","geometry":{"type":"Point","coordinates":[-84.4247,33.9914]},"properties":{"source":"AWN","station_id":"676da43e2a39736126cb3af4","name":"Gwolf Weather Station","earliest_date":"2024-12-26","latest_date":"2026-10-10","total_days":654,"total_observations":164364,"years_active":1.79,"days_since_update":0,"extinct":false}},{"type":"Feature","geometry":{"type":"Point","coordinates":[-84.6633393,33.9911924]},"properties":{"source":"AWN","station_id":"64bef8181fab64693bee4fbb","name":"Home","earliest_date":"2023-07-24","latest_date":"2026-10-10","total_days":1168,"total_observations":311466,"years_active":3.2,"days_since_update":0,"extinct":false}},{"type":"Feature","geometry":{"type":"Point","coordinates":[-84.4423,33.9904]},"properties":{"source":"AWN","station_id":"678ff04efc3ab784cfbcccd4","name":"Murpheyhouse","earliest_date":"2025-01-21","latest_date":"2026-10-10","total_days":628,"total_observations":156930,"years_active":1.72,"days_since_update":0,"extinct":false}},{"type":"Feature","geometry":{"type":"Point","coordinates":[-84.6915,33.9899]},"properties":{"source":"AWN","station_id":"67eab461e4ced3bc7e3f80c7","name":"Old pop weather ","earliest_date":"2025-03-31","latest_date":"2026-10-10","total_days":559,"total_observations":137265,"years_active":1.53,"days_since_update":0,"extinct":false}},{"type":"Feature","geometry":{"type":"Point","coordinates":[-84.419708,33.9898639]},"properties":{"source":"AWN","station_id":"658cd0062670071876606df7","name":"SkyNet Observatory","earliest_date":"2023-12-28","latest_date":"2026-10-10","total_days":1016,"total_observations":266691,"years_active":2.78,"days_since_update":0,"extinct":false}},{"type":"Feature","geometry":{"type":"Point","coordinates":[-84.0729,33.9896]},"properties":{"source":"AWN","station_id":"68dd4e9385005c62600c75d0","name":"Pops new station","earliest_date":"2025-10-01","latest_date":"2026-10-10","total_days":374,"total_observations":83403,"years_active":1.02,"days_since_update":0,"extinct":false}},{"type":"Feature","geometry":{"type":"Point","coordinates":[-84.4893391,33.9890044]},"properties":{"source":"AWN","station_id":"63ab5f24dfc5a4000109fd49","name":"EastMarietta","earliest_date":"2024-06-09","latest_date":"2026-10-10","total_days":854,"total_observations":220881,"years_active":2.34,"days_since_update":0,"extinct":false}},{"type":"Feature","geometry":{"type":"Point","coordinates":[-84.3466,33.9886]},"properties":{"source":"AWN","station_id":"68ba1b3a67c0f2d1614046ee","name":"3rd unit","earliest_date":"2025-09-04","latest_date":"2026-10-10","total_days":402,"total_observations":91569,"years_active":1.1,"days_since_update":0,"extinct":false}},{"type":"Feature","geometry":{"type":"Point","coordinates":[-84.346547,33.9885775]},"properties":{"source":"AWN","station_id":"66bf4e218cc7071d54c9fee5","name":"Forestgate2","earliest_date":"2024-08-16","latest_date":"2026-10-10","total_days":786,"total_observations":200732,"years_active":2.15,"days_since_update":0,"extinct":false}},{"type":"Feature","geometry":{"type":"Point","coordinates":[-84.4733329,33.9884395]},"properties":{"source":"AWN","station_id":"65fe05f869547039a12ade05","name":"WS5000 1566 Daffodil","earliest_date":"2024-03-22","latest_date":"2026-10-10","total_days":929,"total_observations":241643,"years_active":2.54,"days_since_update":0,"extinct":false}},{"type":"Feature","geometry":{"type":"Point","coordinates":[-84.430519,33.9879008]},"properties":{"source":"AWN","station_id":"658b4eeaa3ed51a0e1f1dca5","name":"1488 weather station","earliest_date":"2023-12-26","latest_date":"2026-10-10","total_days":1020,"total_observations":268502,"years_active":2.79,"days_since_update":0,"extinct":false}},{"type":"Feature","geometry":{"type":"Point","coordinates":[-84.6428,33.9877]},"properties":{"source":"AWN","station_id":"6766cc43aaf4743f2211a6cb","name":"Mooredagascar","earliest_date":"2024-12-20","latest_date":"2026-10-10","total_days":660,"total_observations":166368,"years_active":1.81,"days_since_update":0,"extinct":false}},{"type":"Feature","geometry":{"type":"Point","coordinates":[-84.2335189,33.9874312]},"properties":{"source":"AWN","station_id":"5ef916ae0f9e51000129ba5c","name":"Putnal Weather Station","earliest_date":"2020-06-28","latest_date":"2026-10-10","total_days":2263,"total_observations":624292,"years_active":6.2,"days_since_update":0,"extinct":false}},{"type":"Feature","geometry":{"type":"Point","coordinates":[-84.4163023,33.9871489]},"properties":{"source":"AWN","station_id":"65902de4c346f2d0b73f5e16","name":"Diego's weather station","earliest_date":"2023-12-30","latest_date":"2026-10-10","total_days":1016,"total_observations":267810,"years_active":2.78,"days_since_update":0,"extinct":false}},{"type":"Feature","geometry":{"type":"Point","coordinates":[-84.2919394,33.9860725]},"properties":{"source":"AWN","station_id":"5e553391a064356418023a37","name":"Mark's weather","earliest_date":"2023-12-13","latest_date":"2026-10-10","total_days":1030,"total_observations":271102,"years_active":2.82,"days_since_update":0,"extinct":false}},{"type":"Feature","geometry":{"type":"Point","coordinates":[-84.3895417,33.9848049]},"properties":{"source":"AWN","station_id":"6591e5c21f8798283426bee3","name":"WillowPoint","earliest_date":"2025-11-28","latest_date":"2026-10-10","total_days":317,"total_observations":67286,"years_active":0.87,"days_since_update":0,"extinct":false}},{"type":"Feature","geometry":{"type":"Point","coordinates":[-84.417773,33.9847795]},"properties":{"source":"AWN","station_id":"66da13ecd9cb63a19e3449ad","name":"Reynolds Weather Station","earliest_date":"2024-09-05","latest_date":"2026-10-10","total_days":766,"total_observations":195042,"years_active":2.1,"days_since_update":0,"extinct":false}},{"type":"Feature","geometry":{"type":"Point","coordinates":[-84.4707,33.9843]},"properties":{"source":"AWN","station_id":"67d790c15570d0e1f4af3ad4","name":"KGAMARIE174","earliest_date":"2025-03-17","latest_date":"2026-10-10","total_days":573,"total_observations":141384,"years_active":1.57,"days_since_update":0,"extinct":false}},{"type":"Feature","geometry":{"type":"Point","coordinates":[-83.9004,33.9838]},"properties":{"source":"AWN","station_id":"678196e3e990e10d61ae4bbc","name":"PerryCision Weather","earliest_date":"2025-01-10","latest_date":"2026-10-10","total_days":638,"total_observations":159235,"years_active":1.75,"days_since_update":0,"extinct":false}},{"type":"Feature","geometry":{"type":"Point","coordinates":[-84.1865848,33.983712]},"properties":{"source":"AWN","station_id":"5e90d36f26b38264e539eac5","name":"My Weather Station","earliest_date":"2020-04-10","latest_date":"2026-10-10","total_days":2348,"total_observations":648287,"years_active":6.43,"days_since_update":0,"extinct":false}},{"type":"Feature","geometry":{"type":"Point","coordinates":[-84.6742072,33.9835872]},"properties":{"source":"AWN","station_id":"648cc2f33b814c8c1e5d7aa2","name":"Calumet west","earliest_date":"2023-06-15","latest_date":"2026-09-10","total_days":1184,"total_observations":317176,"years_active":3.24,"days_since_update":30,"extinct":false}},{"type":"Feature","geometry":{"type":"Point","coordinates":[-84.2957784,33.9822525]},"properties":{"source":"AWN","station_id":"64d0421fef181c1fee5a4977","name":" SCE","earliest_date":"2024-09-04","latest_date":"2026-10-10","total_days":765,"total_observations":195391,"years_active":2.09,"days_since_update":0,"extinct":false}},{"type":"Feature","geometry":{"type":"Point","coordinates":[-84.35869384,33.98156655]},"properties":{"source":"AWN","station_id":"5cc4b34d7bf09142856962f1","name":"Grogans Weather","earliest_date":"2019-04-27","latest_date":"2026-10-10","total_days":2715,"total_observations":737836,"years_active":7.43,"days_since_update":0,"extinct":false}},{"type":"Feature","geometry":{"type":"Point","coordinates":[-84.4758,33.9807]},"properties":{"source":"AWN","station_id":"64e20080390eec898c23de49","name":"Weather Station","earliest_date":"2023-08-20","latest_date":"2026-10-10","total_days":1148,"total_observations":305450,"years_active":3.14,"days_since_update":0,"extinct":false}},{"type":"Feature","geometry":{"type":"Point","coordinates":[-84.627657,33.9793529]},"properties":{"source":"AWN","station_id":"63af55f007c531000180c312","name":"diytonyl","earliest_date":"2025-05-17","latest_date":"2026-10-10","total_days":512,"total_observations":123675,"years_active":1.4,"days_since_update":0,"extinct":false}},{"type":"Feature","geometry":{"type":"Point","coordinates":[-84.5113429,33.9785263]},"properties":{"source":"AWN","station_id":"61c89d8ee9a8ac00017ad8fd","name":"Woodstream-Shadowrock ","earliest_date":"2021-12-26","latest_date":"2026-10-10","total_days":1750,"total_observations":479155,"years_active":4.79,"days_since_update":0,"extinct":false}},{"type":"Feature","geometry":{"type":"Point","coordinates":[-84.1981,33.9785]},"properties":{"source":"AWN","station_id":"692c9a82ebf7133fa7b3c25b","name":"WS-100","earliest_date":"2025-11-30","latest_date":"2026-10-10","total_days":315,"total_observations":87526,"years_active":0.86,"days_since_update":0,"extinct":false}},{"type":"Feature","geometry":{"type":"Point","coordinates":[-83.9625,33.97806]},"properties":{"source":"AWN","station_id":"5d55a042838e6483b722e811","name":"KLZU","earliest_date":"2025-10-24","latest_date":"2026-10-09","total_days":340,"total_observations":12295,"years_active":0.93,"days_since_update":1,"extinct":false}},{"type":"Feature","geometry":{"type":"Point","coordinates":[-84.52574031,33.97773738]},"properties":{"source":"AWN","station_id":"66d763c781557bc608922a38","name":"My Weather Station","earliest_date":"2024-09-03","latest_date":"2026-10-10","total_days":768,"total_observations":189106,"years_active":2.1,"days_since_update":0,"extinct":false}},{"type":"Feature","geometry":{"type":"Point","coordinates":[-84.1972324,33.9773635]},"properties":{"source":"AWN","station_id":"63aa006b699144000135b62c","name":"Coveney","earliest_date":"2022-12-26","latest_date":"2026-10-10","total_days":1385,"total_observations":374054,"years_active":3.79,"days_since_update":0,"extinct":false}},{"type":"Feature","geometry":{"type":"Point","coordinates":[-84.2364619,33.9756564]},"properties":{"source":"AWN","station_id":"64deef4fa447b3008d9f3482","name":"4139 Allenhurst","earliest_date":"2025-06-25","latest_date":"2026-10-10","total_days":464,"total_observations":104417,"years_active":1.27,"days_since_update":0,"extinct":false}},{"type":"Feature","geometry":{"type":"Point","coordinates":[-84.6653,33.9745]},"properties":{"source":"AWN","station_id":"6865a7c969d4e4463d617ed7","name":"3872","earliest_date":"2025-07-02","latest_date":"2026-10-10","total_days":462,"total_observations":108552,"years_active":1.26,"days_since_update":0,"extinct":false}},{"type":"Feature","geometry":{"type":"Point","coordinates":[-84.39758095,33.97388213]},"properties":{"source":"AWN","station_id":"6588d67cdc07a482775a3f78","name":"Birdwatcher","earliest_date":"2023-12-25","latest_date":"2026-10-09","total_days":1017,"total_observations":267358,"years_active":2.78,"days_since_update":1,"extinct":false}},{"type":"Feature","geometry":{"type":"Point","coordinates":[-84.4585569,33.9727627]},"properties":{"source":"AWN","station_id":"61d75df34c4b7400016e8158","name":"High N","earliest_date":"2022-01-06","latest_date":"2026-10-10","total_days":1714,"total_observations":465963,"years_active":4.69,"days_since_update":0,"extinct":false}},{"type":"Feature","geometry":{"type":"Point","coordinates":[-84.50804732,33.97246352]},"properties":{"source":"AWN","station_id":"5f64014b30503400018e4bcc","name":"Eagle Ridge","earliest_date":"2020-09-18","latest_date":"2026-10-10","total_days":2191,"total_observations":605522,"years_active":6.0,"days_since_update":0,"extinct":false}},{"type":"Feature","geometry":{"type":"Point","coordinates":[-84.16059802,33.96945949]},"properties":{"source":"AWN","station_id":"62f967edcd79c20001b136f5","name":"JETHRO68 - Back Deck","earliest_date":"2022-08-14","latest_date":"2026-10-10","total_days":1492,"total_observations":405451,"years_active":4.08,"days_since_update":0,"extinct":false}},{"type":"Feature","geometry":{"type":"Point","coordinates":[-84.6095,33.9684]},"properties":{"source":"AWN","station_id":"676c279ed17148903e359a45","name":"Kennesaw Mountain Local","earliest_date":"2024-12-25","latest_date":"2026-10-10","total_days":655,"total_observations":164896,"years_active":1.79,"days_since_update":0,"extinct":false}},{"type":"Feature","geometry":{"type":"Point","coordinates":[-83.9396,33.9683]},"properties":{"source":"AWN","station_id":"683b8d16c3611f1be1a38771","name":"David's","earliest_date":"2025-05-31","latest_date":"2026-10-10","total_days":498,"total_observations":119409,"years_active":1.36,"days_since_update":0,"extinct":false}},{"type":"Feature","geometry":{"type":"Point","coordinates":[-84.47281896,33.96692491]},"properties":{"source":"AWN","station_id":"65cacefd5cb5e1bc981390ce","name":"Winnie's House","earliest_date":"2024-02-13","latest_date":"2026-10-10","total_days":971,"total_observations":254782,"years_active":2.66,"days_since_update":0,"extinct":false}},{"type":"Feature","geometry":{"type":"Point","coordinates":[-84.4435,33.9668]},"properties":{"source":"AWN","station_id":"67688d9af5aeeb672181dd2e","name":"IKE'S Weather Station ","earliest_date":"2024-12-22","latest_date":"2026-10-10","total_days":658,"total_observations":165638,"years_active":1.8,"days_since_update":0,"extinct":false}},{"type":"Feature","geometry":{"type":"Point","coordinates":[-84.4753211,33.9656293]},"properties":{"source":"AWN","station_id":"5fe768470f5bef0001d5e12d","name":"Felshaw-WeatherNerd","earliest_date":"2022-06-23","latest_date":"2026-10-10","total_days":1546,"total_observations":419772,"years_active":4.23,"days_since_update":0,"extinct":false}},{"type":"Feature","geometry":{"type":"Point","coordinates":[-84.30415822,33.96451765]},"properties":{"source":"AWN","station_id":"62ebe77f2bc3fc000161a35e","name":"DCC GROUNDS","earliest_date":"2022-08-04","latest_date":"2026-10-10","total_days":1520,"total_observations":412126,"years_active":4.16,"days_since_update":0,"extinct":false}},{"type":"Feature","geometry":{"type":"Point","coordinates":[-84.6772955,33.9635012]},"properties":{"source":"AWN","station_id":"5f134f4370738f00018a1a4f","name":"Harrison Oaks","earliest_date":"2020-07-18","latest_date":"2026-10-10","total_days":2261,"total_observations":626260,"years_active":6.19,"days_since_update":0,"extinct":false}},{"type":"Feature","geometry":{"type":"Point","coordinates":[-84.2929,33.9629]},"properties":{"source":"AWN","station_id":"5c54deefc450c177856a5a48","name":"Atlanta","earliest_date":"2023-11-22","latest_date":"2026-10-10","total_days":1045,"total_observations":274281,"years_active":2.86,"days_since_update":0,"extinct":false}},{"type":"Feature","geometry":{"type":"Point","coordinates":[-84.48237912,33.96252691]},"properties":{"source":"AWN","station_id":"5f6fa28c2bdd7a0001a1b301","name":"My Weather Station","earliest_date":"2020-09-26","latest_date":"2026-10-10","total_days":2171,"total_observations":568122,"years_active":5.94,"days_since_update":0,"extinct":false}},{"type":"Feature","geometry":{"type":"Point","coordinates":[-84.6716538,33.9613096]},"properties":{"source":"AWN","station_id":"64adf2bbbc50d74525b150f0","name":"Sweet Pine Creek","earliest_date":"2023-07-12","latest_date":"2026-10-10","total_days":1187,"total_observations":315442,"years_active":3.25,"days_since_update":0,"extinct":false}},{"type":"Feature","geometry":{"type":"Point","coordinates":[-84.4514992,33.9611294]},"properties":{"source":"AWN","station_id":"5fe613152f90f20001d1b777","name":"Greystone","earliest_date":"2020-12-25","latest_date":"2026-10-10","total_days":2088,"total_observations":570166,"years_active":5.72,"days_since_update":0,"extinct":false}},{"type":"Feature","geometry":{"type":"Point","coordinates":[-84.4515198,33.9602837]},"properties":{"source":"AWN","station_id":"607f70bac27e700001d5c5ca","name":"My House","earliest_date":"2022-05-14","latest_date":"2026-10-10","total_days":1605,"total_observations":442213,"years_active":4.39,"days_since_update":0,"extinct":false}},{"type":"Feature","geometry":{"type":"Point","coordinates":[-84.7298013,33.9598999]},"properties":{"source":"AWN","station_id":"6064bc01c072480001f27320","name":"Weather Base Morgan","earliest_date":"2021-03-31","latest_date":"2026-10-10","total_days":2020,"total_observations":557144,"years_active":5.53,"days_since_update":0,"extinct":false}},{"type":"Feature","geometry":{"type":"Point","coordinates":[-84.43641681,33.95843354]},"properties":{"source":"AWN","station_id":"66e2d08af789641f7e4b3733","name":"My Weather Station","earliest_date":"2024-09-12","latest_date":"2026-10-10","total_days":759,"total_observations":193821,"years_active":2.08,"days_since_update":0,"extinct":false}},{"type":"Feature","geometry":{"type":"Point","coordinates":[-84.5311097,33.9575493]},"properties":{"source":"AWN","station_id":"657c6eebbfe6f2de350683f9","name":"Toad\u201a\u00c4\u00f4s Weather Station","earliest_date":"2024-09-25","latest_date":"2026-09-29","total_days":692,"total_observations":179076,"years_active":1.89,"days_since_update":11,"extinct":false}},{"type":"Feature","geometry":{"type":"Point","coordinates":[-84.424,33.9575]},"properties":{"source":"AWN","station_id":"67f21a9a2c9a6598aa975b9d","name":"AvmgnGardensWeather","earliest_date":"2025-04-06","latest_date":"2026-10-10","total_days":553,"total_observations":135301,"years_active":1.51,"days_since_update":0,"extinct":false}},{"type":"Feature","geometry":{"type":"Point","coordinates":[-84.4570391,33.9567557]},"properties":{"source":"AWN","station_id":"61ca410991a3ac00014ee97e","name":"CRBHQ","earliest_date":"2021-12-27","latest_date":"2026-10-10","total_days":1748,"total_observations":478487,"years_active":4.79,"days_since_update":0,"extinct":false}},{"type":"Feature","geometry":{"type":"Point","coordinates":[-84.5680349,33.9564176]},"properties":{"source":"AWN","station_id":"66413384b14189240ac8a1dc","name":"My Weather Station","earliest_date":"2024-05-12","latest_date":"2026-10-10","total_days":871,"total_observations":225191,"years_active":2.38,"days_since_update":0,"extinct":false}},{"type":"Feature","geometry":{"type":"Point","coordinates":[-84.5545,33.9563]},"properties":{"source":"AWN","station_id":"6871141b7f4996954dd680e7","name":"Moon St.","earliest_date":"2025-07-11","latest_date":"2026-10-10","total_days":442,"total_observations":105375,"years_active":1.21,"days_since_update":0,"extinct":false}},{"type":"Feature","geometry":{"type":"Point","coordinates":[-84.41133898,33.95623255]},"properties":{"source":"AWN","station_id":"66859d196f935d1de9848b5b","name":"East Cobb JFR","earliest_date":"2025-06-01","latest_date":"2026-10-10","total_days":482,"total_observations":117094,"years_active":1.32,"days_since_update":0,"extinct":false}},{"type":"Feature","geometry":{"type":"Point","coordinates":[-84.6126296,33.955618]},"properties":{"source":"AWN","station_id":"5f026a61692b1f0001685af1","name":"Unity Station","earliest_date":"2020-07-06","latest_date":"2026-10-10","total_days":2241,"total_observations":618089,"years_active":6.14,"days_since_update":0,"extinct":false}},{"type":"Feature","geometry":{"type":"Point","coordinates":[-84.475854,33.9554497]},"properties":{"source":"AWN","station_id":"652ac1ab0c6647c2cde4d1a7","name":"Club Valley","earliest_date":"2023-10-14","latest_date":"2026-10-10","total_days":1093,"total_observations":287837,"years_active":2.99,"days_since_update":0,"extinct":false}},{"type":"Feature","geometry":{"type":"Point","coordinates":[-84.7356169,33.9554359]},"properties":{"source":"AWN","station_id":"6399e5add6814a00010084d2","name":"DjrWeatherStation","earliest_date":"2023-02-27","latest_date":"2026-10-10","total_days":1321,"total_observations":354834,"years_active":3.62,"days_since_update":0,"extinct":false}},{"type":"Feature","geometry":{"type":"Point","coordinates":[-84.4958,33.9537]},"properties":{"source":"AWN","station_id":"6859862371f9fe1888f59600","name":"Weather Report Suite","earliest_date":"2025-06-23","latest_date":"2026-10-10","total_days":475,"total_observations":112194,"years_active":1.3,"days_since_update":0,"extinct":false}},{"type":"Feature","geometry":{"type":"Point","coordinates":[-84.2753448,33.9526403]},"properties":{"source":"AWN","station_id":"6453a7d369e3606db9a578f8","name":"Bill\u201a\u00c4\u00f4s WS-5000","earliest_date":"2023-05-04","latest_date":"2026-10-10","total_days":1254,"total_observations":333601,"years_active":3.43,"days_since_update":0,"extinct":false}},{"type":"Feature","geometry":{"type":"Point","coordinates":[-84.2684958,33.9522569]},"properties":{"source":"AWN","station_id":"629a82d5d1ad230001a7b83f","name":"Backyard","earliest_date":"2023-05-12","latest_date":"2026-10-10","total_days":1239,"total_observations":331653,"years_active":3.39,"days_since_update":0,"extinct":false}},{"type":"Feature","geometry":{"type":"Point","coordinates":[-84.3839103,33.9519291]},"properties":{"source":"AWN","station_id":"66b41dc7f6633a2c73d86552","name":"North Springs Local","earliest_date":"2024-08-08","latest_date":"2026-10-10","total_days":794,"total_observations":203686,"years_active":2.17,"days_since_update":0,"extinct":false}},{"type":"Feature","geometry":{"type":"Point","coordinates":[-83.9685351,33.9514189]},"properties":{"source":"AWN","station_id":"63928808bf5db50001ae788d","name":"Trey's WS-5000","earliest_date":"2022-12-09","latest_date":"2026-10-10","total_days":1402,"total_observations":378591,"years_active":3.84,"days_since_update":0,"extinct":false}},{"type":"Feature","geometry":{"type":"Point","coordinates":[-84.5816422,33.9505037]},"properties":{"source":"AWN","station_id":"61826dddfdf9840001aa6618","name":"Hickory Walk WS-5000","earliest_date":"2025-08-13","latest_date":"2026-10-10","total_days":416,"total_observations":73413,"years_active":1.14,"days_since_update":0,"extinct":false}},{"type":"Feature","geometry":{"type":"Point","coordinates":[-84.3752579,33.9503705]},"properties":{"source":"AWN","station_id":"63c33fa0ce39990001fb463e","name":"My Weather Station","earliest_date":"2023-01-14","latest_date":"2026-10-10","total_days":1364,"total_observations":367204,"years_active":3.73,"days_since_update":0,"extinct":false}},{"type":"Feature","geometry":{"type":"Point","coordinates":[-84.2098307,33.9494211]},"properties":{"source":"AWN","station_id":"66464a8c60f35b8ddf34c256","name":"Leach Home","earliest_date":"2024-10-29","latest_date":"2026-09-28","total_days":700,"total_observations":177603,"years_active":1.92,"days_since_update":12,"extinct":false}},{"type":"Feature","geometry":{"type":"Point","coordinates":[-84.2128,33.9486]},"properties":{"source":"AWN","station_id":"685b20dddb4b316e690d8001","name":"Station","earliest_date":"2025-06-24","latest_date":"2026-10-10","total_days":464,"total_observations":109546,"years_active":1.27,"days_since_update":0,"extinct":false}},{"type":"Feature","geometry":{"type":"Point","coordinates":[-84.6428,33.9485]},"properties":{"source":"AWN","station_id":"68268f081b9f75d4e440d938","name":"Giddens Outdoor","earliest_date":"2025-05-16","latest_date":"2026-10-10","total_days":511,"total_observations":122295,"years_active":1.4,"days_since_update":0,"extinct":false}},{"type":"Feature","geometry":{"type":"Point","coordinates":[-84.715,33.9479]},"properties":{"source":"AWN","station_id":"685dc472c96403d08bc71db4","name":"Catesby","earliest_date":"2025-06-26","latest_date":"2026-10-10","total_days":472,"total_observations":111936,"years_active":1.29,"days_since_update":0,"extinct":false}},{"type":"Feature","geometry":{"type":"Point","coordinates":[-84.4564202,33.9468916]},"properties":{"source":"AWN","station_id":"61e0315ef8155900016e8e7a","name":"Lange's Weather Station","earliest_date":"2022-01-13","latest_date":"2026-10-10","total_days":1732,"total_observations":472510,"years_active":4.74,"days_since_update":0,"extinct":false}},{"type":"Feature","geometry":{"type":"Point","coordinates":[-84.5393907,33.94554766]},"properties":{"source":"AWN","station_id":"64c6788171a7080c04132748","name":"Station 1","earliest_date":"2023-07-30","latest_date":"2026-10-10","total_days":1168,"total_observations":310651,"years_active":3.2,"days_since_update":0,"extinct":false}},{"type":"Feature","geometry":{"type":"Point","coordinates":[-83.8343,33.9442]},"properties":{"source":"AWN","station_id":"677ddbbb16e07314b7526d05","name":"Peacock Nest","earliest_date":"2025-01-08","latest_date":"2026-10-10","total_days":640,"total_observations":160007,"years_active":1.75,"days_since_update":0,"extinct":false}},{"type":"Feature","geometry":{"type":"Point","coordinates":[-84.64452,33.9432827]},"properties":{"source":"AWN","station_id":"65ac5b6df84ed8c8b207c26d","name":"SpiceyHollow","earliest_date":"2024-01-20","latest_date":"2026-10-10","total_days":989,"total_observations":167102,"years_active":2.71,"days_since_update":0,"extinct":false}},{"type":"Feature","geometry":{"type":"Point","coordinates":[-84.3401341,33.9430846]},"properties":{"source":"AWN","station_id":"63022d85289c6000017a8a56","name":"Kitchen","earliest_date":"2023-04-08","latest_date":"2026-10-10","total_days":1270,"total_observations":336989,"years_active":3.48,"days_since_update":0,"extinct":false}},{"type":"Feature","geometry":{"type":"Point","coordinates":[-84.6129363,33.9417117]},"properties":{"source":"AWN","station_id":"65ac4bcf5465c1b51774e779","name":"GougesWeatherGizmo","earliest_date":"2025-11-07","latest_date":"2026-10-07","total_days":116,"total_observations":20014,"years_active":0.32,"days_since_update":3,"extinct":false}},{"type":"Feature","geometry":{"type":"Point","coordinates":[-84.48576684,33.94167217]},"properties":{"source":"AWN","station_id":"63b2f7135bb97c00018835b3","name":"Weather Station","earliest_date":"2023-08-30","latest_date":"2026-10-10","total_days":1138,"total_observations":302846,"years_active":3.12,"days_since_update":0,"extinct":false}},{"type":"Feature","geometry":{"type":"Point","coordinates":[-84.3314,33.9337]},"properties":{"source":"AWN","station_id":"67706ea37623b4f001e1c50f","name":"Abbotts Weather Station","earliest_date":"2025-02-01","latest_date":"2026-10-10","total_days":616,"total_observations":152766,"years_active":1.69,"days_since_update":0,"extinct":false}},{"type":"Feature","geometry":{"type":"Point","coordinates":[-84.5855703,33.9332596]},"properties":{"source":"AWN","station_id":"60992908dc8eb50001979634","name":"Weather Station","earliest_date":"2021-05-10","latest_date":"2026-10-10","total_days":1952,"total_observations":535454,"years_active":5.34,"days_since_update":0,"extinct":false}},{"type":"Feature","geometry":{"type":"Point","coordinates":[-84.0695961,33.9327331]},"properties":{"source":"AWN","station_id":"66537e3e02e49106ddb74b73","name":"John's Weather Station #2","earliest_date":"2024-05-26","latest_date":"2026-10-10","total_days":861,"total_observations":222209,"years_active":2.36,"days_since_update":0,"extinct":false}},{"type":"Feature","geometry":{"type":"Point","coordinates":[-84.6849,33.9327]},"properties":{"source":"AWN","station_id":"67a67d5bd5a1cd390d57ade8","name":"Home","earliest_date":"2025-02-07","latest_date":"2026-10-10","total_days":611,"total_observations":151489,"years_active":1.67,"days_since_update":0,"extinct":false}},{"type":"Feature","geometry":{"type":"Point","coordinates":[-84.29021319,33.93083849]},"properties":{"source":"AWN","station_id":"618096172d021d00013b2e9c","name":"Dunwoody North","earliest_date":"2025-08-02","latest_date":"2026-10-10","total_days":433,"total_observations":100679,"years_active":1.19,"days_since_update":0,"extinct":false}},{"type":"Feature","geometry":{"type":"Point","coordinates":[-83.92917,33.92944]},"properties":{"source":"AWN","station_id":"6127b00237cc9400017e1b40","name":"LeapOfFaithFarm","earliest_date":"2021-08-26","latest_date":"2026-10-10","total_days":1871,"total_observations":510374,"years_active":5.12,"days_since_update":0,"extinct":false}},{"type":"Feature","geometry":{"type":"Point","coordinates":[-84.5714527,33.9289469]},"properties":{"source":"AWN","station_id":"660c8e8bfd7c0dfe797a36cc","name":"Laurel Springs ","earliest_date":"2024-04-02","latest_date":"2026-10-10","total_days":919,"total_observations":239184,"years_active":2.52,"days_since_update":0,"extinct":false}},{"type":"Feature","geometry":{"type":"Point","coordinates":[-84.70315632,33.92841524]},"properties":{"source":"AWN","station_id":"658c2a1d46fc2490b95de98d","name":"Boy house ","earliest_date":"2023-12-27","latest_date":"2026-10-10","total_days":1006,"total_observations":263240,"years_active":2.75,"days_since_update":0,"extinct":false}},{"type":"Feature","geometry":{"type":"Point","coordinates":[-84.5741,33.9284]},"properties":{"source":"AWN","station_id":"6731269b35f40b3f4d70cb96","name":"BASHhouse Station","earliest_date":"2024-11-10","latest_date":"2026-10-10","total_days":700,"total_observations":176104,"years_active":1.92,"days_since_update":0,"extinct":false}},{"type":"Feature","geometry":{"type":"Point","coordinates":[-83.8712181,33.9281715]},"properties":{"source":"AWN","station_id":"623610962fd56500017c6e53","name":"Harbins / Dacula, GA","earliest_date":"2022-03-19","latest_date":"2026-10-10","total_days":1666,"total_observations":454258,"years_active":4.56,"days_since_update":0,"extinct":false}},{"type":"Feature","geometry":{"type":"Point","coordinates":[-84.6362,33.9276]},"properties":{"source":"AWN","station_id":"66f1b9f64f3094023bb77aac","name":"My Weather Station","earliest_date":"2024-09-23","latest_date":"2026-10-10","total_days":745,"total_observations":194093,"years_active":2.04,"days_since_update":0,"extinct":false}},{"type":"Feature","geometry":{"type":"Point","coordinates":[-84.3723098,33.9258173]},"properties":{"source":"AWN","station_id":"65b68bf24301a18cc90c29e3","name":"My Weather Station","earliest_date":"2024-01-28","latest_date":"2026-10-10","total_days":987,"total_observations":259229,"years_active":2.7,"days_since_update":0,"extinct":false}},{"type":"Feature","geometry":{"type":"Point","coordinates":[-84.46190931,33.9234269]},"properties":{"source":"AWN","station_id":"64442a99a61fb86e8552272a","name":"Brie\u201a\u00c4\u00f4s Backyard","earliest_date":"2025-11-01","latest_date":"2026-10-09","total_days":158,"total_observations":29972,"years_active":0.43,"days_since_update":1,"extinct":false}},{"type":"Feature","geometry":{"type":"Point","coordinates":[-84.3088,33.9184]},"properties":{"source":"AWN","station_id":"67bfa3e1a84fccdf66733f12","name":"Gizmo","earliest_date":"2025-02-26","latest_date":"2026-10-10","total_days":592,"total_observations":146432,"years_active":1.62,"days_since_update":0,"extinct":false}},{"type":"Feature","geometry":{"type":"Point","coordinates":[-84.51667,33.91667]},"properties":{"source":"AWN","station_id":"5d55a0be838e6483b722e98c","name":"KMGE","earliest_date":"2019-08-15","latest_date":"2026-10-10","total_days":2579,"total_observations":163670,"years_active":7.06,"days_since_update":0,"extinct":false}},{"type":"Feature","geometry":{"type":"Point","coordinates":[-84.3819465,33.9153056]},"properties":{"source":"AWN","station_id":"664d1647b2e7039c4ebde5b1","name":"GLS_Roof","earliest_date":"2024-05-21","latest_date":"2026-10-10","total_days":871,"total_observations":224969,"years_active":2.38,"days_since_update":0,"extinct":false}},{"type":"Feature","geometry":{"type":"Point","coordinates":[-84.622219,33.9127503]},"properties":{"source":"AWN","station_id":"65fcc53dfe8d1c9f95219bf4","name":"WX station","earliest_date":"2024-03-21","latest_date":"2026-10-10","total_days":934,"total_observations":243530,"years_active":2.56,"days_since_update":0,"extinct":false}},{"type":"Feature","geometry":{"type":"Point","coordinates":[-83.921,33.9104]},"properties":{"source":"AWN","station_id":"669cefee3f7257ba2c5bceca","name":"Weather 1","earliest_date":"2024-12-27","latest_date":"2026-10-10","total_days":653,"total_observations":164034,"years_active":1.79,"days_since_update":0,"extinct":false}},{"type":"Feature","geometry":{"type":"Point","coordinates":[-84.59001141,33.90947283]},"properties":{"source":"AWN","station_id":"603e7049e233240001e3b9da","name":"Zoscha","earliest_date":"2023-04-20","latest_date":"2026-08-25","total_days":1219,"total_observations":328583,"years_active":3.34,"days_since_update":46,"extinct":true}},{"type":"Feature","geometry":{"type":"Point","coordinates":[-84.32100963,33.90925258]},"properties":{"source":"AWN","station_id":"62893c23f2f19a00016a1633","name":"Murphey Candler Park","earliest_date":"2025-07-31","latest_date":"2026-10-10","total_days":434,"total_observations":101458,"years_active":1.19,"days_since_update":0,"extinct":false}},{"type":"Feature","geometry":{"type":"Point","coordinates":[-83.95064289,33.90757603]},"properties":{"source":"AWN","station_id":"65a5b24bd938d2a40d601c5e","name":"Home Station","earliest_date":"2024-01-15","latest_date":"2026-10-10","total_days":1000,"total_observations":262919,"years_active":2.74,"days_since_update":0,"extinct":false}},{"type":"Feature","geometry":{"type":"Point","coordinates":[-83.8329047,33.9071622]},"properties":{"source":"AWN","station_id":"669db5f20eb0d0b3ad06389d","name":"2625","earliest_date":"2024-07-22","latest_date":"2026-10-10","total_days":806,"total_observations":206540,"years_active":2.21,"days_since_update":0,"extinct":false}},{"type":"Feature","geometry":{"type":"Point","coordinates":[-83.9241524,33.90480657]},"properties":{"source":"AWN","station_id":"65283f967314034bbd77a09b","name":"My Weather Station","earliest_date":"2024-11-26","latest_date":"2026-10-10","total_days":684,"total_observations":173245,"years_active":1.87,"days_since_update":0,"extinct":false}},{"type":"Feature","geometry":{"type":"Point","coordinates":[-83.9654484,33.8993463]},"properties":{"source":"AWN","station_id":"6008b1b7fe83060001f63ac7","name":"GSHome","earliest_date":"2021-01-20","latest_date":"2026-10-10","total_days":2086,"total_observations":573933,"years_active":5.71,"days_since_update":0,"extinct":false}},{"type":"Feature","geometry":{"type":"Point","coordinates":[-84.4152,33.8984]},"properties":{"source":"AWN","station_id":"68b8bf0172b2a92fe0394e31","name":"Weather's Gate Estate","earliest_date":"2025-09-03","latest_date":"2026-10-10","total_days":403,"total_observations":92124,"years_active":1.1,"days_since_update":0,"extinct":false}},{"type":"Feature","geometry":{"type":"Point","coordinates":[-84.6196748,33.8978755]},"properties":{"source":"AWN","station_id":"669abce797bcc4c746136700","name":"Home","earliest_date":"2024-07-19","latest_date":"2026-10-10","total_days":814,"total_observations":208769,"years_active":2.23,"days_since_update":0,"extinct":false}},{"type":"Feature","geometry":{"type":"Point","coordinates":[-84.4127,33.8974]},"properties":{"source":"AWN","station_id":"6898bd2c7f4da5ab3f354f16","name":"5234","earliest_date":"2025-08-10","latest_date":"2026-10-10","total_days":427,"total_observations":98375,"years_active":1.17,"days_since_update":0,"extinct":false}},{"type":"Feature","geometry":{"type":"Point","coordinates":[-84.0720881,33.8968633]},"properties":{"source":"AWN","station_id":"641dcc2863db1d00012fbab7","name":"GwinOaks","earliest_date":"2023-03-24","latest_date":"2026-10-10","total_days":1297,"total_observations":348582,"years_active":3.55,"days_since_update":0,"extinct":false}},{"type":"Feature","geometry":{"type":"Point","coordinates":[-83.9471572,33.896543]},"properties":{"source":"AWN","station_id":"621b9562135e3d0001449ca8","name":"Booth Computing Center","earliest_date":"2022-02-27","latest_date":"2026-10-10","total_days":1683,"total_observations":460356,"years_active":4.61,"days_since_update":0,"extinct":false}},{"type":"Feature","geometry":{"type":"Point","coordinates":[-84.5103,33.8936]},"properties":{"source":"AWN","station_id":"68fe73c9aecf709ba7fb949d","name":"JamesCasa","earliest_date":"2025-10-26","latest_date":"2026-10-10","total_days":350,"total_observations":76201,"years_active":0.96,"days_since_update":0,"extinct":false}},{"type":"Feature","geometry":{"type":"Point","coordinates":[-84.0042448,33.8924272]},"properties":{"source":"AWN","station_id":"65cd061b88e6b93fd79a91bc","name":"AnderDavi","earliest_date":"2024-12-22","latest_date":"2026-10-10","total_days":654,"total_observations":164083,"years_active":1.79,"days_since_update":0,"extinct":false}},{"type":"Feature","geometry":{"type":"Point","coordinates":[-83.8558758,33.8915725]},"properties":{"source":"AWN","station_id":"641a52890d2b47000186b4ad","name":"Sparky weather ","earliest_date":"2025-05-05","latest_date":"2026-10-10","total_days":521,"total_observations":125334,"years_active":1.43,"days_since_update":0,"extinct":false}},{"type":"Feature","geometry":{"type":"Point","coordinates":[-84.3616,33.8903]},"properties":{"source":"AWN","station_id":"68632dfe795412b9eb9963b1","name":"BATTLE STATION","earliest_date":"2025-07-01","latest_date":"2026-10-10","total_days":466,"total_observations":109544,"years_active":1.28,"days_since_update":0,"extinct":false}},{"type":"Feature","geometry":{"type":"Point","coordinates":[-84.1037,33.8897]},"properties":{"source":"AWN","station_id":"672d16ab009ad553e3160be5","name":"My Weather Station","earliest_date":"2024-11-07","latest_date":"2026-10-10","total_days":703,"total_observations":176290,"years_active":1.92,"days_since_update":0,"extinct":false}},{"type":"Feature","geometry":{"type":"Point","coordinates":[-84.3823775,33.8885729]},"properties":{"source":"AWN","station_id":"5fdf8b1a98e46a000199db6d","name":"AllYallWeather","earliest_date":"2025-08-10","latest_date":"2026-10-10","total_days":426,"total_observations":98732,"years_active":1.17,"days_since_update":0,"extinct":false}},{"type":"Feature","geometry":{"type":"Point","coordinates":[-84.45119121,33.8884553]},"properties":{"source":"AWN","station_id":"60ee627d3454750001aea660","name":"WeatherWala","earliest_date":"2022-08-26","latest_date":"2026-10-10","total_days":1481,"total_observations":398812,"years_active":4.05,"days_since_update":0,"extinct":false}},{"type":"Feature","geometry":{"type":"Point","coordinates":[-84.10757663,33.88840105]},"properties":{"source":"AWN","station_id":"61c767876de9e00001f23a93","name":"Cannon House Weather Station","earliest_date":"2021-12-25","latest_date":"2026-10-10","total_days":1732,"total_observations":472475,"years_active":4.74,"days_since_update":0,"extinct":false}},{"type":"Feature","geometry":{"type":"Point","coordinates":[-84.5143761,33.8839926]},"properties":{"source":"AWN","station_id":"61c500c190caea00013b393f","name":"My Weather Station","earliest_date":"2021-12-23","latest_date":"2026-10-10","total_days":1751,"total_observations":477539,"years_active":4.79,"days_since_update":0,"extinct":false}},{"type":"Feature","geometry":{"type":"Point","coordinates":[-84.1308,33.8829]},"properties":{"source":"AWN","station_id":"687461b2ac7bd69173fb7bce","name":"Scwillow","earliest_date":"2025-07-14","latest_date":"2026-10-10","total_days":442,"total_observations":101773,"years_active":1.21,"days_since_update":0,"extinct":false}},{"type":"Feature","geometry":{"type":"Point","coordinates":[-84.2356,33.8809]},"properties":{"source":"AWN","station_id":"68fb78523019b1e4e78206d2","name":"Pete\u201a\u00c4\u00f4s Yard","earliest_date":"2025-10-24","latest_date":"2026-10-10","total_days":352,"total_observations":77605,"years_active":0.96,"days_since_update":0,"extinct":false}},{"type":"Feature","geometry":{"type":"Point","coordinates":[-84.0189,33.8802]},"properties":{"source":"AWN","station_id":"65ec97c6968fe6bd85991be7","name":"Sheridan @ Eastside","earliest_date":"2024-09-26","latest_date":"2026-10-09","total_days":742,"total_observations":187259,"years_active":2.03,"days_since_update":1,"extinct":false}},{"type":"Feature","geometry":{"type":"Point","coordinates":[-84.6342512,33.8800866]},"properties":{"source":"AWN","station_id":"64fa624c570482ba2da4a5e5","name":"Bullyboy","earliest_date":"2023-09-07","latest_date":"2026-10-10","total_days":1129,"total_observations":298659,"years_active":3.09,"days_since_update":0,"extinct":false}},{"type":"Feature","geometry":{"type":"Point","coordinates":[-84.4940929,33.8798115]},"properties":{"source":"AWN","station_id":"5ff5e2d9a704ed000178822d","name":"DAM-WEATHER","earliest_date":"2021-01-06","latest_date":"2026-10-10","total_days":2092,"total_observations":577592,"years_active":5.73,"days_since_update":0,"extinct":false}},{"type":"Feature","geometry":{"type":"Point","coordinates":[-84.5074,33.8796]},"properties":{"source":"AWN","station_id":"679810aed026ce9d8dd303c1","name":"Jason Bourne","earliest_date":"2025-01-27","latest_date":"2026-10-10","total_days":622,"total_observations":154701,"years_active":1.7,"days_since_update":0,"extinct":false}},{"type":"Feature","geometry":{"type":"Point","coordinates":[-84.1440551,33.8787916]},"properties":{"source":"AWN","station_id":"6209710f2619600001a85a7a","name":"Lilburn station","earliest_date":"2022-02-13","latest_date":"2026-10-10","total_days":1695,"total_observations":462099,"years_active":4.64,"days_since_update":0,"extinct":false}},{"type":"Feature","geometry":{"type":"Point","coordinates":[-84.3683774,33.87850352]},"properties":{"source":"AWN","station_id":"63cf610f82d57400014b8b49","name":"Bardin Central","earliest_date":"2023-09-25","latest_date":"2026-10-10","total_days":1104,"total_observations":292470,"years_active":3.02,"days_since_update":0,"extinct":false}},{"type":"Feature","geometry":{"type":"Point","coordinates":[-84.29806,33.87833]},"properties":{"source":"AWN","station_id":"5d559fcd838e6483b722e6b2","name":"KPDK","earliest_date":"2019-08-15","latest_date":"2026-10-10","total_days":2592,"total_observations":171353,"years_active":7.1,"days_since_update":0,"extinct":false}},{"type":"Feature","geometry":{"type":"Point","coordinates":[-84.1738,33.8777]},"properties":{"source":"AWN","station_id":"69272a58f1dd72e5d24f7d6f","name":"Backyard Pole","earliest_date":"2025-11-26","latest_date":"2026-10-10","total_days":319,"total_observations":68065,"years_active":0.87,"days_since_update":0,"extinct":false}},{"type":"Feature","geometry":{"type":"Point","coordinates":[-84.2177271,33.875593]},"properties":{"source":"AWN","station_id":"630d7207ef9cda000163d401","name":"Colin","earliest_date":"2022-08-30","latest_date":"2026-10-10","total_days":1461,"total_observations":392824,"years_active":4.0,"days_since_update":0,"extinct":false}},{"type":"Feature","geometry":{"type":"Point","coordinates":[-84.3206965,33.8751694]},"properties":{"source":"AWN","station_id":"5f78e961f75a0d000173c647","name":"Cravenridge Station","earliest_date":"2023-05-16","latest_date":"2026-10-10","total_days":1244,"total_observations":333183,"years_active":3.41,"days_since_update":0,"extinct":false}},{"type":"Feature","geometry":{"type":"Point","coordinates":[-84.6177,33.8736]},"properties":{"source":"AWN","station_id":"67e85dccf365ec7de622e4d7","name":"Orbital Weather Station","earliest_date":"2025-03-29","latest_date":"2026-10-10","total_days":561,"total_observations":137443,"years_active":1.54,"days_since_update":0,"extinct":false}},{"type":"Feature","geometry":{"type":"Point","coordinates":[-84.2385,33.8732]},"properties":{"source":"AWN","station_id":"68dfc47e0624917692c6771b","name":"Weaver Home","earliest_date":"2025-10-03","latest_date":"2026-10-10","total_days":373,"total_observations":83630,"years_active":1.02,"days_since_update":0,"extinct":false}},{"type":"Feature","geometry":{"type":"Point","coordinates":[-84.2397751,33.8696155]},"properties":{"source":"AWN","station_id":"6015b9203543990001a4b407","name":"Jamestown on Evans","earliest_date":"2021-01-30","latest_date":"2026-10-10","total_days":2071,"total_observations":571311,"years_active":5.67,"days_since_update":0,"extinct":false}},{"type":"Feature","geometry":{"type":"Point","coordinates":[-84.5943869,33.8685325]},"properties":{"source":"AWN","station_id":"6520847b3d9229b8096f761e","name":"My Weather Station","earliest_date":"2023-10-06","latest_date":"2026-08-30","total_days":1060,"total_observations":282224,"years_active":2.9,"days_since_update":41,"extinct":true}},{"type":"Feature","geometry":{"type":"Point","coordinates":[-84.5344792,33.8676188]},"properties":{"source":"AWN","station_id":"6199c0312357260001aa0170","name":"Sparkle Station","earliest_date":"2021-11-21","latest_date":"2026-10-10","total_days":1752,"total_observations":475480,"years_active":4.8,"days_since_update":0,"extinct":false}},{"type":"Feature","geometry":{"type":"Point","coordinates":[-83.9767618,33.8671137]},"properties":{"source":"AWN","station_id":"64207bba6a228a0001ee6c45","name":"My Weather Station","earliest_date":"2023-06-04","latest_date":"2026-10-10","total_days":1078,"total_observations":272730,"years_active":2.95,"days_since_update":0,"extinct":false}},{"type":"Feature","geometry":{"type":"Point","coordinates":[-84.1629,33.8666]},"properties":{"source":"AWN","station_id":"6884f4a3301f95619378ac5f","name":"Diabase","earliest_date":"2025-07-26","latest_date":"2026-10-10","total_days":442,"total_observations":103013,"years_active":1.21,"days_since_update":0,"extinct":false}},{"type":"Feature","geometry":{"type":"Point","coordinates":[-84.1426,33.8662]},"properties":{"source":"AWN","station_id":"676c4d2eee47d58c7fcf48a7","name":"LMFreeHome","earliest_date":"2024-12-25","latest_date":"2026-10-10","total_days":655,"total_observations":164955,"years_active":1.79,"days_since_update":0,"extinct":false}},{"type":"Feature","geometry":{"type":"Point","coordinates":[-84.22366,33.8656686]},"properties":{"source":"AWN","station_id":"63af18479b66a80001fcff9a","name":"Tucker ","earliest_date":"2023-04-18","latest_date":"2026-10-10","total_days":1224,"total_observations":321572,"years_active":3.35,"days_since_update":0,"extinct":false}},{"type":"Feature","geometry":{"type":"Point","coordinates":[-84.5274,33.8652]},"properties":{"source":"AWN","station_id":"679cf1fd0227a680a9bd9d53","name":"Westbrook ","earliest_date":"2025-01-31","latest_date":"2026-10-10","total_days":618,"total_observations":153762,"years_active":1.69,"days_since_update":0,"extinct":false}},{"type":"Feature","geometry":{"type":"Point","coordinates":[-84.3371,33.865]},"properties":{"source":"AWN","station_id":"6928d3e9b0645101ef4918c8","name":"Amelit AMB","earliest_date":"2025-11-27","latest_date":"2026-10-10","total_days":312,"total_observations":64723,"years_active":0.85,"days_since_update":0,"extinct":false}},{"type":"Feature","geometry":{"type":"Point","coordinates":[-84.35949304,33.86257232]},"properties":{"source":"AWN","station_id":"6675ff1865ce4044c7bc9f4d","name":"Gator","earliest_date":"2024-06-21","latest_date":"2026-10-10","total_days":838,"total_observations":216022,"years_active":2.29,"days_since_update":0,"extinct":false}},{"type":"Feature","geometry":{"type":"Point","coordinates":[-84.1642042,33.8610681]},"properties":{"source":"AWN","station_id":"634323f3056bd700017cd71d","name":"Smokerise North","earliest_date":"2022-10-09","latest_date":"2026-10-10","total_days":1459,"total_observations":394180,"years_active":3.99,"days_since_update":0,"extinct":false}},{"type":"Feature","geometry":{"type":"Point","coordinates":[-84.1612889,33.8608792]},"properties":{"source":"AWN","station_id":"5b426ae063014f0004f2c544","name":"Osprey","earliest_date":"2021-07-01","latest_date":"2026-10-10","total_days":1922,"total_observations":525507,"years_active":5.26,"days_since_update":0,"extinct":false}},{"type":"Feature","geometry":{"type":"Point","coordinates":[-84.5839,33.8608]},"properties":{"source":"AWN","station_id":"68755a23765134a2eab608d6","name":"WolfDen","earliest_date":"2025-07-14","latest_date":"2026-10-06","total_days":448,"total_observations":104939,"years_active":1.23,"days_since_update":4,"extinct":false}},{"type":"Feature","geometry":{"type":"Point","coordinates":[-84.5366,33.8606]},"properties":{"source":"AWN","station_id":"676c24d2ee47d58c7fc5d858","name":"GaCyclone38","earliest_date":"2024-12-25","latest_date":"2026-10-10","total_days":604,"total_observations":149144,"years_active":1.65,"days_since_update":0,"extinct":false}},{"type":"Feature","geometry":{"type":"Point","coordinates":[-84.07062199,33.86049904]},"properties":{"source":"AWN","station_id":"5fe77ffefd97f600010e16ac","name":"Ed\u201a\u00c4\u00f4s Weather Station","earliest_date":"2021-09-10","latest_date":"2026-10-10","total_days":1854,"total_observations":507642,"years_active":5.08,"days_since_update":0,"extinct":false}},{"type":"Feature","geometry":{"type":"Point","coordinates":[-84.0817268,33.8600532]},"properties":{"source":"AWN","station_id":"5f5eb61d38ea3200010c89ea","name":"Jeff","earliest_date":"2023-07-03","latest_date":"2026-10-10","total_days":1193,"total_observations":317461,"years_active":3.27,"days_since_update":0,"extinct":false}},{"type":"Feature","geometry":{"type":"Point","coordinates":[-84.1692,33.8561]},"properties":{"source":"AWN","station_id":"678135f1622eb9ae6513e3bc","name":"Smoke Rise","earliest_date":"2025-01-10","latest_date":"2026-10-10","total_days":616,"total_observations":152275,"years_active":1.69,"days_since_update":0,"extinct":false}},{"type":"Feature","geometry":{"type":"Point","coordinates":[-84.1101,33.856]},"properties":{"source":"AWN","station_id":"678091430e5c8f95039cdd06","name":"WeatherMann","earliest_date":"2025-01-10","latest_date":"2026-10-10","total_days":632,"total_observations":157696,"years_active":1.73,"days_since_update":0,"extinct":false}},{"type":"Feature","geometry":{"type":"Point","coordinates":[-84.0637,33.8552]},"properties":{"source":"AWN","station_id":"6789410b41d458da11aa89a1","name":"Dano's Station","earliest_date":"2025-01-16","latest_date":"2026-10-10","total_days":633,"total_observations":158079,"years_active":1.73,"days_since_update":0,"extinct":false}},{"type":"Feature","geometry":{"type":"Point","coordinates":[-84.361536,33.854996]},"properties":{"source":"AWN","station_id":"604c768a2fdaff0001545f38","name":"Petali","earliest_date":"2023-06-22","latest_date":"2026-10-10","total_days":1203,"total_observations":321549,"years_active":3.29,"days_since_update":0,"extinct":false}},{"type":"Feature","geometry":{"type":"Point","coordinates":[-84.2171,33.8545]},"properties":{"source":"AWN","station_id":"68097f64b5f06d4363626b40","name":"Ambrose Weather Station","earliest_date":"2025-04-24","latest_date":"2026-10-10","total_days":535,"total_observations":130521,"years_active":1.46,"days_since_update":0,"extinct":false}},{"type":"Feature","geometry":{"type":"Point","coordinates":[-84.3564,33.8527]},"properties":{"source":"AWN","station_id":"68756fa32948ec38ca94313f","name":"Q Weather 5000","earliest_date":"2025-07-14","latest_date":"2026-10-10","total_days":448,"total_observations":104703,"years_active":1.23,"days_since_update":0,"extinct":false}},{"type":"Feature","geometry":{"type":"Point","coordinates":[-84.4406306,33.8513808]},"properties":{"source":"AWN","station_id":"5eef9d6ce0db24000119fa11","name":"Powers Ferry","earliest_date":"2023-08-15","latest_date":"2026-10-10","total_days":1146,"total_observations":309127,"years_active":3.14,"days_since_update":0,"extinct":false}},{"type":"Feature","geometry":{"type":"Point","coordinates":[-84.2881767,33.8490288]},"properties":{"source":"AWN","station_id":"62fff0ea78b5d10001c30bdb","name":"Echo Station ","earliest_date":"2023-10-05","latest_date":"2026-10-10","total_days":1101,"total_observations":291263,"years_active":3.01,"days_since_update":0,"extinct":false}},{"type":"Feature","geometry":{"type":"Point","coordinates":[-84.4675,33.8475]},"properties":{"source":"AWN","station_id":"68d9e33e1d5f9bf9d3251d0c","name":"Vinings Weather","earliest_date":"2025-09-29","latest_date":"2026-10-10","total_days":377,"total_observations":84640,"years_active":1.03,"days_since_update":0,"extinct":false}},{"type":"Feature","geometry":{"type":"Point","coordinates":[-84.2937693,33.8459407]},"properties":{"source":"AWN","station_id":"64d79fc5b7722969ab67f33d","name":"Hootie","earliest_date":"2023-08-12","latest_date":"2026-10-10","total_days":1153,"total_observations":304763,"years_active":3.16,"days_since_update":0,"extinct":false}},{"type":"Feature","geometry":{"type":"Point","coordinates":[-84.3904,33.8443]},"properties":{"source":"AWN","station_id":"684b906dedfd8ce127d2de28","name":"CTCC","earliest_date":"2025-07-30","latest_date":"2026-10-10","total_days":438,"total_observations":102036,"years_active":1.2,"days_since_update":0,"extinct":false}},{"type":"Feature","geometry":{"type":"Point","coordinates":[-83.929665,33.843987]},"properties":{"source":"AWN","station_id":"5f38e8c96c458e00014c180e","name":"Lake Carlton","earliest_date":"2020-12-22","latest_date":"2026-10-10","total_days":2093,"total_observations":577732,"years_active":5.73,"days_since_update":0,"extinct":false}},{"type":"Feature","geometry":{"type":"Point","coordinates":[-84.3776,33.8439]},"properties":{"source":"AWN","station_id":"68a0ad4258a060ced32d1059","name":"My Weather Station","earliest_date":"2025-08-16","latest_date":"2026-10-10","total_days":421,"total_observations":97419,"years_active":1.15,"days_since_update":0,"extinct":false}},{"type":"Feature","geometry":{"type":"Point","coordinates":[-84.5175,33.8432]},"properties":{"source":"AWN","station_id":"686f0166b4d4fd2ac6ce6b0f","name":"PWS Smyrna","earliest_date":"2025-07-09","latest_date":"2026-10-10","total_days":459,"total_observations":108364,"years_active":1.26,"days_since_update":0,"extinct":false}},{"type":"Feature","geometry":{"type":"Point","coordinates":[-84.3626458,33.8413244]},"properties":{"source":"AWN","station_id":"5f63845f6f94c4000157a524","name":"Vale","earliest_date":"2022-12-25","latest_date":"2026-10-10","total_days":1364,"total_observations":368024,"years_active":3.73,"days_since_update":0,"extinct":false}},{"type":"Feature","geometry":{"type":"Point","coordinates":[-84.557397,33.8409478]},"properties":{"source":"AWN","station_id":"60365e1ee233240001e3b625","name":"MRH Weather","earliest_date":"2024-04-30","latest_date":"2026-10-10","total_days":892,"total_observations":231805,"years_active":2.44,"days_since_update":0,"extinct":false}},{"type":"Feature","geometry":{"type":"Point","coordinates":[-84.12534868,33.83890292]},"properties":{"source":"AWN","station_id":"5f247e61f54fde0001f58b35","name":"Rob\u201a\u00c4\u00f4s Evergreen Lakes Weather Station","earliest_date":"2020-07-31","latest_date":"2026-10-10","total_days":2225,"total_observations":611557,"years_active":6.09,"days_since_update":0,"extinct":false}},{"type":"Feature","geometry":{"type":"Point","coordinates":[-84.05893084,33.83459176]},"properties":{"source":"AWN","station_id":"65ecfb92d1541e3e75e2fbc2","name":"Weather Station","earliest_date":"2024-03-10","latest_date":"2026-10-09","total_days":943,"total_observations":246337,"years_active":2.58,"days_since_update":1,"extinct":false}},{"type":"Feature","geometry":{"type":"Point","coordinates":[-84.27544345,33.83232748]},"properties":{"source":"AWN","station_id":"645d1b62af804f798aa9c293","name":"My Weather Station","earliest_date":"2025-11-23","latest_date":"2026-10-10","total_days":321,"total_observations":68370,"years_active":0.88,"days_since_update":0,"extinct":false}},{"type":"Feature","geometry":{"type":"Point","coordinates":[-84.4207903,33.8318287]},"properties":{"source":"AWN","station_id":"62d60f1bf79e3a00012fc6c8","name":"My Weather Station","earliest_date":"2022-07-19","latest_date":"2026-10-10","total_days":1508,"total_observations":404586,"years_active":4.13,"days_since_update":0,"extinct":false}},{"type":"Feature","geometry":{"type":"Point","coordinates":[-84.23116619,33.83156889]},"properties":{"source":"AWN","station_id":"5dd817fb540b5c5263a80365","name":"Gloucester Park","earliest_date":"2021-08-17","latest_date":"2026-10-10","total_days":1876,"total_observations":515249,"years_active":5.14,"days_since_update":0,"extinct":false}},{"type":"Feature","geometry":{"type":"Point","coordinates":[-84.6514,33.8306]},"properties":{"source":"AWN","station_id":"6861bf029c15724d27776399","name":"Chimbleygone Cottage","earliest_date":"2025-06-29","latest_date":"2026-10-10","total_days":469,"total_observations":110915,"years_active":1.28,"days_since_update":0,"extinct":false}},{"type":"Feature","geometry":{"type":"Point","coordinates":[-84.2727081,33.8303532]},"properties":{"source":"AWN","station_id":"5e8e439b35dd4564a5e22a14","name":"Ponderosa Weather","earliest_date":"2025-06-25","latest_date":"2026-10-10","total_days":439,"total_observations":101774,"years_active":1.2,"days_since_update":0,"extinct":false}},{"type":"Feature","geometry":{"type":"Point","coordinates":[-84.4101,33.8303]},"properties":{"source":"AWN","station_id":"676e2d8e3476c3f32f47c504","name":"Atlanta","earliest_date":"2024-12-27","latest_date":"2026-10-10","total_days":653,"total_observations":164159,"years_active":1.79,"days_since_update":0,"extinct":false}},{"type":"Feature","geometry":{"type":"Point","coordinates":[-84.5408539,33.8296189]},"properties":{"source":"AWN","station_id":"60e73b89fbac4700011ecb14","name":"Civitania","earliest_date":"2021-07-08","latest_date":"2026-10-10","total_days":1921,"total_observations":529180,"years_active":5.26,"days_since_update":0,"extinct":false}},{"type":"Feature","geometry":{"type":"Point","coordinates":[-84.3015815,33.8290448]},"properties":{"source":"AWN","station_id":"62e524492854840001889180","name":"N. Druid Hills Weather","earliest_date":"2024-09-21","latest_date":"2026-10-10","total_days":747,"total_observations":188873,"years_active":2.05,"days_since_update":0,"extinct":false}},{"type":"Feature","geometry":{"type":"Point","coordinates":[-84.2877,33.8283]},"properties":{"source":"AWN","station_id":"681b525231d6a2f7e5d66505","name":"Oak Grove","earliest_date":"2025-05-07","latest_date":"2026-10-10","total_days":522,"total_observations":126343,"years_active":1.43,"days_since_update":0,"extinct":false}},{"type":"Feature","geometry":{"type":"Point","coordinates":[-84.26561887,33.82647408]},"properties":{"source":"AWN","station_id":"5f0a3f1a9eccd30001062fd6","name":"Lyon Weather","earliest_date":"2020-07-11","latest_date":"2026-10-10","total_days":2254,"total_observations":621627,"years_active":6.17,"days_since_update":0,"extinct":false}},{"type":"Feature","geometry":{"type":"Point","coordinates":[-84.2745,33.8262]},"properties":{"source":"AWN","station_id":"67aa11ff3cb2380cd1748764","name":"MGR","earliest_date":"2025-02-10","latest_date":"2026-10-02","total_days":600,"total_observations":149738,"years_active":1.64,"days_since_update":8,"extinct":false}},{"type":"Feature","geometry":{"type":"Point","coordinates":[-83.9581314,33.8244838]},"properties":{"source":"AWN","station_id":"6688a4c8eb2eedd169d8f38b","name":"Weather or Knot","earliest_date":"2024-11-16","latest_date":"2026-10-09","total_days":680,"total_observations":172208,"years_active":1.86,"days_since_update":1,"extinct":false}},{"type":"Feature","geometry":{"type":"Point","coordinates":[-84.1505315,33.8237745]},"properties":{"source":"AWN","station_id":"6292967d2f302a00018336ab","name":"Old_Sky_Ride","earliest_date":"2022-05-29","latest_date":"2026-10-09","total_days":1512,"total_observations":712040,"years_active":4.14,"days_since_update":1,"extinct":false}},{"type":"Feature","geometry":{"type":"Point","coordinates":[-84.5117,33.8234]},"properties":{"source":"AWN","station_id":"682238af48ae2351939e70b5","name":"WALC","earliest_date":"2025-05-12","latest_date":"2026-06-10","total_days":378,"total_observations":94975,"years_active":1.03,"days_since_update":122,"extinct":true}},{"type":"Feature","geometry":{"type":"Point","coordinates":[-84.31887579,33.82337285]},"properties":{"source":"AWN","station_id":"628403a574876000012a4eee","name":"ENCLAVENDH","earliest_date":"2022-05-17","latest_date":"2026-10-10","total_days":1608,"total_observations":437657,"years_active":4.4,"days_since_update":0,"extinct":false}},{"type":"Feature","geometry":{"type":"Point","coordinates":[-84.3386,33.8232]},"properties":{"source":"AWN","station_id":"6828037d927c69cd889f358f","name":"Lavista Park Weather Station","earliest_date":"2025-05-17","latest_date":"2026-10-10","total_days":427,"total_observations":105609,"years_active":1.17,"days_since_update":0,"extinct":false}},{"type":"Feature","geometry":{"type":"Point","coordinates":[-84.2990798,33.8220956]},"properties":{"source":"AWN","station_id":"64efe107def21b1e348f843b","name":"Nalley Circle ","earliest_date":"2023-08-31","latest_date":"2026-10-10","total_days":1134,"total_observations":300349,"years_active":3.1,"days_since_update":0,"extinct":false}},{"type":"Feature","geometry":{"type":"Point","coordinates":[-83.9736,33.822]},"properties":{"source":"AWN","station_id":"68c813c0a3dbe5418fa9d5d7","name":"Bob","earliest_date":"2025-09-15","latest_date":"2026-09-04","total_days":355,"total_observations":80197,"years_active":0.97,"days_since_update":36,"extinct":true}},{"type":"Feature","geometry":{"type":"Point","coordinates":[-84.4449,33.8213]},"properties":{"source":"AWN","station_id":"68f3d92e0ec1a55c727cf05f","name":"Casa Blessica","earliest_date":"2025-10-18","latest_date":"2026-10-10","total_days":358,"total_observations":78763,"years_active":0.98,"days_since_update":0,"extinct":false}},{"type":"Feature","geometry":{"type":"Point","coordinates":[-84.3116536,33.8212925]},"properties":{"source":"AWN","station_id":"6416593e291d5d0001572f39","name":"Martha's Weather","earliest_date":"2023-03-19","latest_date":"2026-09-19","total_days":1277,"total_observations":342511,"years_active":3.5,"days_since_update":21,"extinct":false}},{"type":"Feature","geometry":{"type":"Point","coordinates":[-84.06752393,33.82014138]},"properties":{"source":"AWN","station_id":"62bd8aa38a5c0e0001d41e56","name":"My Weather Station","earliest_date":"2022-06-30","latest_date":"2026-10-10","total_days":1563,"total_observations":423605,"years_active":4.28,"days_since_update":0,"extinct":false}},{"type":"Feature","geometry":{"type":"Point","coordinates":[-84.5824329,33.8187167]},"properties":{"source":"AWN","station_id":"6398c9e969c6a30001216dab","name":"My Weather Station","earliest_date":"2022-12-13","latest_date":"2026-10-10","total_days":1389,"total_observations":373572,"years_active":3.8,"days_since_update":0,"extinct":false}},{"type":"Feature","geometry":{"type":"Point","coordinates":[-84.3818,33.818]},"properties":{"source":"AWN","station_id":"679fe504b3a303d0e46c8df4","name":"Hotdog\u201a\u00c4\u00f4s weather kit","earliest_date":"2025-02-02","latest_date":"2026-10-10","total_days":616,"total_observations":152827,"years_active":1.69,"days_since_update":0,"extinct":false}},{"type":"Feature","geometry":{"type":"Point","coordinates":[-84.3132574,33.816771]},"properties":{"source":"AWN","station_id":"652ef47a36ab7b686a244cea","name":"Toco Hills Weather Station","earliest_date":"2024-07-16","latest_date":"2026-10-10","total_days":817,"total_observations":210627,"years_active":2.24,"days_since_update":0,"extinct":false}},{"type":"Feature","geometry":{"type":"Point","coordinates":[-84.4693,33.8167]},"properties":{"source":"AWN","station_id":"683cc6781fba4a09d599049a","name":"GiaDooley Farmhouse","earliest_date":"2025-06-01","latest_date":"2026-10-10","total_days":496,"total_observations":118540,"years_active":1.36,"days_since_update":0,"extinct":false}},{"type":"Feature","geometry":{"type":"Point","coordinates":[-84.5280026,33.8145845]},"properties":{"source":"AWN","station_id":"663b9f0bc328bf6a5b0df9d7","name":"higgi1fc","earliest_date":"2024-05-08","latest_date":"2026-10-10","total_days":886,"total_observations":230782,"years_active":2.43,"days_since_update":0,"extinct":false}},{"type":"Feature","geometry":{"type":"Point","coordinates":[-84.4108,33.8103]},"properties":{"source":"AWN","station_id":"684f13e7c588ad1693f007af","name":"Springlake Station","earliest_date":"2025-06-15","latest_date":"2026-10-10","total_days":483,"total_observations":115296,"years_active":1.32,"days_since_update":0,"extinct":false}},{"type":"Feature","geometry":{"type":"Point","coordinates":[-84.3597707,33.8093246]},"properties":{"source":"AWN","station_id":"5c20eaf2c4eac477f09b6bd6","name":"My weather station","earliest_date":"2018-12-24","latest_date":"2026-08-18","total_days":2795,"total_observations":736943,"years_active":7.65,"days_since_update":53,"extinct":true}},{"type":"Feature","geometry":{"type":"Point","coordinates":[-84.4538,33.8077]},"properties":{"source":"AWN","station_id":"6890d16689fdf00be9280609","name":"ATL01-3","earliest_date":"2025-08-04","latest_date":"2026-10-10","total_days":433,"total_observations":33502,"years_active":1.19,"days_since_update":0,"extinct":false}},{"type":"Feature","geometry":{"type":"Point","coordinates":[-84.26330557,33.80279122]},"properties":{"source":"AWN","station_id":"65b826e5a38cbcc73679a495","name":"Vista","earliest_date":"2024-01-29","latest_date":"2026-10-10","total_days":986,"total_observations":258768,"years_active":2.7,"days_since_update":0,"extinct":false}},{"type":"Feature","geometry":{"type":"Point","coordinates":[-83.9810968,33.8012849]},"properties":{"source":"AWN","station_id":"61e9b304307f040001e2994f","name":"cls2000","earliest_date":"2022-01-20","latest_date":"2026-10-10","total_days":1710,"total_observations":465233,"years_active":4.68,"days_since_update":0,"extinct":false}},{"type":"Feature","geometry":{"type":"Point","coordinates":[-84.3831166,33.8000166]},"properties":{"source":"AWN","station_id":"63c5eb52c290fb0001d84706","name":"Weather","earliest_date":"2023-01-17","latest_date":"2026-10-10","total_days":1363,"total_observations":368432,"years_active":3.73,"days_since_update":0,"extinct":false}},{"type":"Feature","geometry":{"type":"Point","coordinates":[-84.0057736,33.7988688]},"properties":{"source":"AWN","station_id":"63a89d7cb5a9a800015c4a5d","name":"My Weather Station","earliest_date":"2022-12-25","latest_date":"2026-10-10","total_days":1386,"total_observations":373908,"years_active":3.79,"days_since_update":0,"extinct":false}},{"type":"Feature","geometry":{"type":"Point","coordinates":[-84.3585,33.7988]},"properties":{"source":"AWN","station_id":"6574c9ae9fbefc11ca74a8f7","name":"The North Pole Weather Station","earliest_date":"2025-03-27","latest_date":"2026-10-10","total_days":563,"total_observations":138487,"years_active":1.54,"days_since_update":0,"extinct":false}},{"type":"Feature","geometry":{"type":"Point","coordinates":[-84.52872644,33.79739993]},"properties":{"source":"AWN","station_id":"64bc912bef179663283d566f","name":"Providence_Station","earliest_date":"2023-07-23","latest_date":"2026-10-10","total_days":1176,"total_observations":313976,"years_active":3.22,"days_since_update":0,"extinct":false}},{"type":"Feature","geometry":{"type":"Point","coordinates":[-84.3626047,33.7954944]},"properties":{"source":"AWN","station_id":"65103c2216c9cb7ec2de7680","name":"Ducci Weather","earliest_date":"2023-09-24","latest_date":"2026-09-21","total_days":1001,"total_observations":275645,"years_active":2.74,"days_since_update":19,"extinct":false}},{"type":"Feature","geometry":{"type":"Point","coordinates":[-84.4025,33.7942]},"properties":{"source":"AWN","station_id":"67ff0ed3c7f42e4accbdefe0","name":"Flying High Loring Heights","earliest_date":"2019-05-11","latest_date":"2026-10-10","total_days":2693,"total_observations":742298,"years_active":7.37,"days_since_update":0,"extinct":false}},{"type":"Feature","geometry":{"type":"Point","coordinates":[-84.3112426,33.7934011]},"properties":{"source":"AWN","station_id":"600ae7cd1ab9ac000139db14","name":"@demattee","earliest_date":"2022-10-15","latest_date":"2026-10-10","total_days":1457,"total_observations":394139,"years_active":3.99,"days_since_update":0,"extinct":false}},{"type":"Feature","geometry":{"type":"Point","coordinates":[-84.20461632,33.78743368]},"properties":{"source":"AWN","station_id":"6574bedf0212fac9010f6da8","name":"Down South Lake Weather ","earliest_date":"2025-11-10","latest_date":"2026-10-10","total_days":335,"total_observations":72420,"years_active":0.92,"days_since_update":0,"extinct":false}},{"type":"Feature","geometry":{"type":"Point","coordinates":[-84.2983,33.7871]},"properties":{"source":"AWN","station_id":"66738bbcd9cc38b26e79152b","name":"Merlin","earliest_date":"2024-06-20","latest_date":"2026-10-10","total_days":771,"total_observations":200560,"years_active":2.11,"days_since_update":0,"extinct":false}},{"type":"Feature","geometry":{"type":"Point","coordinates":[-84.306,33.7861]},"properties":{"source":"AWN","station_id":"6771e44adccc9f4920771c11","name":"Clairemont Ave","earliest_date":"2024-12-30","latest_date":"2026-10-10","total_days":643,"total_observations":275845,"years_active":1.76,"days_since_update":0,"extinct":false}},{"type":"Feature","geometry":{"type":"Point","coordinates":[-84.3006,33.786]},"properties":{"source":"AWN","station_id":"670afd8dd87261e55ff7bac9","name":"Bob","earliest_date":"2024-10-12","latest_date":"2026-10-10","total_days":729,"total_observations":184891,"years_active":2.0,"days_since_update":0,"extinct":false}},{"type":"Feature","geometry":{"type":"Point","coordinates":[-84.3380592,33.7846949]},"properties":{"source":"AWN","station_id":"64dcded187e3ace556c8cf89","name":"Mystic Hills of Druid, Springdale RD ","earliest_date":"2024-09-18","latest_date":"2026-10-06","total_days":638,"total_observations":164654,"years_active":1.75,"days_since_update":4,"extinct":false}},{"type":"Feature","geometry":{"type":"Point","coordinates":[-84.3105887,33.7842743]},"properties":{"source":"AWN","station_id":"63a8a257151b5b000151c992","name":"Home","earliest_date":"2022-12-25","latest_date":"2026-10-10","total_days":1368,"total_observations":368420,"years_active":3.75,"days_since_update":0,"extinct":false}},{"type":"Feature","geometry":{"type":"Point","coordinates":[-84.2589,33.7819]},"properties":{"source":"AWN","station_id":"68e0477370a4d4979b742918","name":"3200 Rockbridge","earliest_date":"2025-10-09","latest_date":"2026-10-09","total_days":366,"total_observations":81224,"years_active":1.0,"days_since_update":1,"extinct":false}},{"type":"Feature","geometry":{"type":"Point","coordinates":[-84.2627,33.7815]},"properties":{"source":"AWN","station_id":"688e55e97d84c3ef3b9e73df","name":"Tornado","earliest_date":"2025-09-14","latest_date":"2026-10-10","total_days":392,"total_observations":131169,"years_active":1.07,"days_since_update":0,"extinct":false}},{"type":"Feature","geometry":{"type":"Point","coordinates":[-84.2873954,33.7811235]},"properties":{"source":"AWN","station_id":"6589ce7f09a6a57025ff7c25","name":"Rogue One","earliest_date":"2023-12-25","latest_date":"2026-10-10","total_days":1020,"total_observations":267837,"years_active":2.79,"days_since_update":0,"extinct":false}},{"type":"Feature","geometry":{"type":"Point","coordinates":[-84.2556199,33.7798889]},"properties":{"source":"AWN","station_id":"5e34dd80bc12376409c3beb2","name":"Ivy Hill","earliest_date":"2025-08-03","latest_date":"2026-10-10","total_days":434,"total_observations":100208,"years_active":1.19,"days_since_update":0,"extinct":false}},{"type":"Feature","geometry":{"type":"Point","coordinates":[-84.2574083,33.7788636]},"properties":{"source":"AWN","station_id":"65025ef5a8c1c40a20a4050c","name":"Ivy Glen","earliest_date":"2023-09-14","latest_date":"2026-08-30","total_days":1082,"total_observations":288679,"years_active":2.96,"days_since_update":41,"extinct":true}},{"type":"Feature","geometry":{"type":"Point","coordinates":[-84.52444,33.7775]},"properties":{"source":"AWN","station_id":"5d55a133838e6483b722eaec","name":"KFTY","earliest_date":"2019-08-15","latest_date":"2026-10-10","total_days":2598,"total_observations":172065,"years_active":7.11,"days_since_update":0,"extinct":false}},{"type":"Feature","geometry":{"type":"Point","coordinates":[-84.3633,33.7747]},"properties":{"source":"AWN","station_id":"68d0094eb7989209c8d469a7","name":"Atlanta Home","earliest_date":"2025-09-21","latest_date":"2026-10-10","total_days":380,"total_observations":85214,"years_active":1.04,"days_since_update":0,"extinct":false}},{"type":"Feature","geometry":{"type":"Point","coordinates":[-84.2894,33.7745]},"properties":{"source":"AWN","station_id":"687127590728636fc4fea0cd","name":"Sycamore Rec Center","earliest_date":"2025-07-11","latest_date":"2026-07-11","total_days":366,"total_observations":91267,"years_active":1.0,"days_since_update":91,"extinct":true}},{"type":"Feature","geometry":{"type":"Point","coordinates":[-84.3007,33.7734]},"properties":{"source":"AWN","station_id":"68a38dad223f884d68dafdb9","name":"Ebster Rec Center","earliest_date":"2025-08-19","latest_date":"2026-10-10","total_days":395,"total_observations":89498,"years_active":1.08,"days_since_update":0,"extinct":false}},{"type":"Feature","geometry":{"type":"Point","coordinates":[-84.4842,33.7723]},"properties":{"source":"AWN","station_id":"684494c08074e7553bc7793a","name":"bob","earliest_date":"2025-06-07","latest_date":"2026-06-11","total_days":329,"total_observations":86325,"years_active":0.9,"days_since_update":121,"extinct":true}},{"type":"Feature","geometry":{"type":"Point","coordinates":[-84.3507,33.8655]},"properties":{"source":"GDOT","station_id":"10878","name":"GA400_PittsRoad","earliest_date":"2026-03-19","latest_date":"2026-07-10","total_days":114,"total_observations":2439,"years_active":0.31,"days_since_update":92,"extinct":true}},{"type":"Feature","geometry":{"type":"Point","coordinates":[-84.3306,34.0136]},"properties":{"source":"GDOT","station_id":"10887","name":"GA400_SR140_HolcombBridgeRoad","earliest_date":"2015-01-30","latest_date":"2026-07-10","total_days":4180,"total_observations":333572,"years_active":11.44,"days_since_update":92,"extinct":true}},{"type":"Feature","geometry":{"type":"Point","coordinates":[-84.1391,34.1837]},"properties":{"source":"GDOT","station_id":"10889","name":"GA400_SR20","earliest_date":"2015-01-30","latest_date":"2026-07-10","total_days":4180,"total_observations":331777,"years_active":11.44,"days_since_update":92,"extinct":true}},{"type":"Feature","geometry":{"type":"Point","coordinates":[-84.03,33.6653]},"properties":{"source":"GDOT","station_id":"11665","name":"I20_Klondike_WestAve","earliest_date":"2017-09-13","latest_date":"2026-07-10","total_days":3223,"total_observations":251197,"years_active":8.82,"days_since_update":92,"extinct":true}},{"type":"Feature","geometry":{"type":"Point","coordinates":[-84.338,33.6692]},"properties":{"source":"GDOT","station_id":"10870","name":"I285_MorelandAve","earliest_date":"2015-01-30","latest_date":"2026-07-10","total_days":4180,"total_observations":331564,"years_active":11.44,"days_since_update":92,"extinct":true}},{"type":"Feature","geometry":{"type":"Point","coordinates":[-84.4922,33.7876]},"properties":{"source":"GDOT","station_id":"10872","name":"I285_SR8_DL_HollowellPkwy","earliest_date":"2015-01-30","latest_date":"2026-07-10","total_days":4180,"total_observations":671762,"years_active":11.44,"days_since_update":92,"extinct":true}},{"type":"Feature","geometry":{"type":"Point","coordinates":[-84.4912,33.6345]},"properties":{"source":"GDOT","station_id":"10869","name":"I285_WashingtonRoad","earliest_date":"2015-01-30","latest_date":"2026-07-10","total_days":4180,"total_observations":330249,"years_active":11.44,"days_since_update":92,"extinct":true}},{"type":"Feature","geometry":{"type":"Point","coordinates":[-84.4905,34.2202]},"properties":{"source":"GDOT","station_id":"12490","name":"I575_SR20","earliest_date":"2022-09-28","latest_date":"2026-07-10","total_days":1382,"total_observations":95780,"years_active":3.78,"days_since_update":92,"extinct":true}},{"type":"Feature","geometry":{"type":"Point","coordinates":[-84.3914,33.7806]},"properties":{"source":"GDOT","station_id":"10891","name":"I75_10thStreet","earliest_date":"2015-01-30","latest_date":"2026-07-10","total_days":4180,"total_observations":312886,"years_active":11.44,"days_since_update":92,"extinct":true}},{"type":"Feature","geometry":{"type":"Point","coordinates":[-84.2308,33.5055]},"properties":{"source":"GDOT","station_id":"10864","name":"I75_HudsonBridgeRoad","earliest_date":"2015-01-30","latest_date":"2026-07-10","total_days":4180,"total_observations":336805,"years_active":11.44,"days_since_update":92,"extinct":true}},{"type":"Feature","geometry":{"type":"Point","coordinates":[-84.5265,33.9689]},"properties":{"source":"GDOT","station_id":"10892","name":"I75_SR120_SouthMariettaPkwy","earliest_date":"2015-01-30","latest_date":"2026-07-10","total_days":4180,"total_observations":319639,"years_active":11.44,"days_since_update":92,"extinct":true}},{"type":"Feature","geometry":{"type":"Point","coordinates":[-84.6464,34.0788]},"properties":{"source":"GDOT","station_id":"10886","name":"I75_SR92","earliest_date":"2015-01-30","latest_date":"2026-07-10","total_days":4180,"total_observations":334989,"years_active":11.44,"days_since_update":92,"extinct":true}},{"type":"Feature","geometry":{"type":"Point","coordinates":[-84.1994,33.9173]},"properties":{"source":"GDOT","station_id":"10893","name":"I85_JimmyCarterBlvd","earliest_date":"2015-01-30","latest_date":"2026-07-10","total_days":4180,"total_observations":323732,"years_active":11.44,"days_since_update":92,"extinct":true}},{"type":"Feature","geometry":{"type":"Point","coordinates":[-84.0707,34.0067]},"properties":{"source":"GDOT","station_id":"10885","name":"I85_OldPeachtreeRoad","earliest_date":"2015-01-30","latest_date":"2026-07-10","total_days":4180,"total_observations":302243,"years_active":11.44,"days_since_update":92,"extinct":true}},{"type":"Feature","geometry":{"type":"Point","coordinates":[-84.5748,33.5469]},"properties":{"source":"GDOT","station_id":"10863","name":"I85_SR74_SenoiaRoad","earliest_date":"2015-01-30","latest_date":"2026-04-18","total_days":4097,"total_observations":324643,"years_active":11.22,"days_since_update":175,"extinct":true}},{"type":"Feature","geometry":{"type":"Point","coordinates":[-84.2001,33.8352]},"properties":{"source":"GDOT","station_id":"10881","name":"US78_MountainIndustrialBlvd","earliest_date":"2015-01-30","latest_date":"2026-07-10","total_days":4180,"total_observations":339884,"years_active":11.44,"days_since_update":92,"extinct":true}},{"type":"Feature","geometry":{"type":"Point","coordinates":[-84.2111,33.7108]},"properties":{"source":"GDOT","station_id":"GA314","name":"I20_PanolaRoad","earliest_date":"2015-01-30","latest_date":"2025-05-06","total_days":3750,"total_observations":284550,"years_active":10.27,"days_since_update":522,"extinct":true}},{"type":"Feature","geometry":{"type":"Point","coordinates":[-84.22242,34.09204]},"properties":{"source":"UGA","station_id":"375","name":"ALPHARET","earliest_date":"2002-06-20","latest_date":"2026-10-09","total_days":8878,"total_observations":827208,"years_active":24.31,"days_since_update":1,"extinct":false}},{"type":"Feature","geometry":{"type":"Point","coordinates":[-84.37622,34.29298]},"properties":{"source":"UGA","station_id":"368","name":"BALLGND","earliest_date":"2017-06-09","latest_date":"2026-10-09","total_days":3410,"total_observations":316804,"years_active":9.34,"days_since_update":1,"extinct":false}},{"type":"Feature","geometry":{"type":"Point","coordinates":[-84.19415,33.99764]},"properties":{"source":"UGA","station_id":"270","name":"DULUTH","earliest_date":"1994-05-27","latest_date":"2026-10-09","total_days":11824,"total_observations":1076414,"years_active":32.37,"days_since_update":1,"extinct":false}},{"type":"Feature","geometry":{"type":"Point","coordinates":[-84.3616,33.98924]},"properties":{"source":"UGA","station_id":"370","name":"DUNWOODY","earliest_date":"1995-09-20","latest_date":"2026-10-09","total_days":11343,"total_observations":1025752,"years_active":31.06,"days_since_update":1,"extinct":false}},{"type":"Feature","geometry":{"type":"Point","coordinates":[-84.3139,33.5218]},"properties":{"source":"UGA","station_id":"380","name":"JONESB","earliest_date":"1996-05-11","latest_date":"2026-10-09","total_days":11109,"total_observations":1051027,"years_active":30.41,"days_since_update":1,"extinct":false}},{"type":"Feature","geometry":{"type":"Point","coordinates":[-84.58533,34.03957]},"properties":{"source":"UGA","station_id":"373","name":"KENNESAW","earliest_date":"2018-03-29","latest_date":"2026-10-09","total_days":3117,"total_observations":288813,"years_active":8.53,"days_since_update":1,"extinct":false}}]}